season,voter,bias1_mean,bias1_std,bias2_mean,bias2_std,bias3_mean,bias3_std,bias0_ap_mean,bias0_ap_std,bias0_mean_mean,bias0_mean_std
2014,adam-jude,-0.6495,26.5137,-33.7125,56.57,-31.7879,51.8758,-0.2047,2.166,-1.6319,2.0508
2014,adam-sparks,-2.1304,38.8553,-35.8386,64.2278,-33.901,60.7184,-0.3247,2.8389,-1.7101,2.5005
2014,adam-zucker,0.4745,52.6652,-35.208,64.9431,-33.5188,62.0679,-0.2028,2.2348,-1.6749,2.0375
2014,bill-rabinowitz,-0.7295,29.2572,-34.3971,57.3379,-32.4542,53.0337,-0.2119,2.0612,-1.6923,1.9027
2014,bob-asmussen,-1.1143,31.7667,-34.8328,60.9486,-32.9051,57.5521,-0.2541,2.7311,-1.7064,2.5161
2014,brent-axe,-1.0744,26.0426,-34.1357,57.8082,-32.1147,53.1374,-0.193,2.4082,-1.6811,2.1887
2014,brett-mcmurphy,-1.0324,60.243,-36.9867,77.1268,-35.0771,74.0065,-0.1671,2.7597,-1.6458,2.5631
2014,chadd-cripe,-2.2131,47.7793,-36.5244,67.0474,-34.6263,63.2071,-0.4127,3.2663,-1.7389,2.8129
2014,charles-davis,-1.7312,38.6392,-35.1719,62.7964,-32.9324,57.2215,-0.2306,2.5044,-1.7043,2.2407
2014,chris-murray,-1.525,33.4672,-34.7279,61.231,-32.65,57.1113,-0.2146,2.4521,-1.6694,2.2556
2014,chuck-mcgill,-2.6413,55.7181,-36.9736,71.7967,-35.0752,68.6673,-0.3341,2.942,-1.6947,2.5518
2014,daniel-berk,-0.3889,32.919,-34.6326,60.5091,-32.7286,56.9823,-0.125,2.1173,-1.6649,2.0748
2014,donald-heath,-0.3558,41.4096,-35.7018,63.0024,-33.7191,59.8956,-0.1754,2.5525,-1.702,2.2695
2014,doug-doughty,-1.1422,32.0628,-34.4701,59.1886,-32.3277,54.9369,-0.3082,2.7121,-1.7029,2.3312
2014,doug-lesmerises,-3.2576,89.07,-40.9028,101.0496,-39.281,100.7366,-0.2959,3.7688,-1.7136,3.2221
2014,drew-sharp,-2.7298,57.0241,-39.2927,76.0587,-37.6888,74.2657,-0.7518,3.638,-1.9455,3.1659
2014,ed-johnson,-0.6705,55.0577,-36.5241,66.71,-34.8622,64.8544,-0.2972,3.2254,-1.7122,2.82
2014,eric-avidon,0.0349,39.895,-35.09,60.8201,-33.0408,56.7222,-0.1844,2.5255,-1.7123,2.2833
2014,eric-hansen,-2.0493,61.6569,-38.089,78.0325,-36.5331,76.251,-0.3514,2.924,-1.7262,2.7356
2014,ferd-lewis,-0.3058,24.3539,-33.4938,56.8965,-31.4786,51.8593,-0.0825,1.6097,-1.6204,1.8318
2014,garland-gillen,-0.8638,26.5529,-34.2445,58.013,-32.1977,53.6787,-0.1655,2.0355,-1.6719,1.9054
2014,garry-smits,0.4121,51.9469,-36.1396,66.9118,-34.128,64.2793,-0.2024,3.4059,-1.6516,3.1373
2014,gary-horowitz,-0.1606,34.0063,-33.8985,57.7572,-32.1658,55.5056,-0.125,1.8859,-1.6669,1.877
2014,grant-ramey,-0.6695,37.5827,-34.7417,60.302,-33.0472,58.3805,-0.2123,2.6161,-1.6925,2.4336
2014,harold-gutmann,-1.1554,33.5701,-35.4102,62.2107,-32.9867,58.4078,-0.24,2.7922,-1.6652,2.4181
2014,iliana-limon,-0.5367,35.5222,-34.8485,60.888,-32.8662,57.6501,-0.1939,2.74,-1.6954,2.5276
2014,jay-binkley,-0.6585,32.0577,-35.0555,59.3092,-32.9513,54.926,-0.2033,2.8194,-1.7012,2.5489
2014,jim-polzin,-0.7182,32.1981,-34.4163,60.5854,-32.488,56.6084,-0.1975,2.4553,-1.6674,2.2873
2014,jimmy-burch,-0.6094,25.6261,-33.6004,55.7539,-31.4053,49.8421,-0.1247,1.9801,-1.6596,1.929
2014,joey-knight,-1.0327,32.0706,-34.4266,59.869,-32.4998,55.8595,-0.16,2.792,-1.6219,2.5484
2014,john-shinn,0.2759,41.3147,-34.0892,60.6316,-32.2684,57.1912,-0.1274,1.9112,-1.6147,1.8888
2014,john-silver,-1.8425,29.3186,-34.7421,58.6561,-32.6962,54.231,-0.3578,2.2339,-1.7594,1.9478
2014,jon-wilner,-4.1647,111.808,-43.7793,108.8208,-42.3292,110.9586,-0.4811,4.6979,-1.6965,3.9392
2014,josh-kendall,-3.5923,70.2885,-39.6791,79.5781,-38.0926,78.7542,-0.5609,3.8672,-1.7896,3.0622
2014,keith-sargeant,-0.7623,39.7027,-35.3916,62.5787,-33.4934,58.9285,-0.227,2.8701,-1.7169,2.5066
2014,kellis-robinett,-1.9721,55.1825,-36.4045,68.4136,-34.7831,66.64,-0.2742,3.0734,-1.6644,2.6494
2014,ken-medlin,-0.4246,25.8159,-34.0321,57.1059,-31.9012,51.6408,-0.1412,2.0278,-1.6771,1.8848
2014,kirk-bohls,-1.5979,49.2755,-37.1453,71.131,-35.2106,67.8057,-0.2577,3.5549,-1.7014,3.0548
2014,kyle-ringo,-0.8938,37.4367,-35.1106,60.3634,-32.9102,54.9049,-0.2235,3.0078,-1.6951,2.723
2014,larry-vaught,-0.9349,35.6409,-34.238,61.2461,-32.3126,57.6337,-0.1108,1.9665,-1.6336,1.9926
2014,logan-lowery,-2.0632,46.2966,-36.5449,64.8349,-34.4017,59.9464,-0.3723,3.5675,-1.7762,3.0799
2014,matt-mccoy,-0.433,27.451,-33.9882,59.4798,-32.1113,56.0184,-0.12,1.8319,-1.6346,1.8145
2014,michael-lev,-1.3679,39.4443,-35.2525,62.0143,-33.2343,57.8457,-0.2075,2.746,-1.681,2.5297
2014,mike-herndon,-2.7118,77.4831,-38.1124,93.8945,-36.6502,94.0601,-0.2071,2.5168,-1.6648,2.2811
2014,mike-sorensen,-0.2549,28.1957,-33.7936,56.6994,-31.5886,50.6292,-0.1365,2.0547,-1.6467,2.0819
2014,nate-sandell,-0.1673,26.8568,-33.9938,59.2353,-32.0642,55.5869,-0.0682,1.8204,-1.6289,1.9461
2014,nick-baumgardner,0.3578,42.7615,-34.8951,64.0877,-33.1397,59.7812,-0.0776,2.019,-1.639,2.0111
2014,pete-diprimio,-2.6182,53.8952,-36.4506,77.371,-34.7751,75.4664,-0.2894,2.6827,-1.6404,2.3746
2014,rob-long,-1.2124,38.1011,-35.383,64.8673,-33.1708,59.0909,-0.1962,2.6452,-1.6657,2.5314
2014,robert-cessna,-0.3988,21.8907,-33.5995,55.9673,-31.3446,49.5808,-0.0991,1.9916,-1.6312,2.0224
2014,ross-dellenger,-1.297,33.5332,-34.9221,59.7722,-32.7109,54.316,-0.2033,2.7531,-1.715,2.505
2014,sam-werner,-0.3369,37.9176,-34.339,59.318,-32.3517,55.403,-0.1859,2.2489,-1.6792,2.1239
2014,scott-nulph,-1.588,36.1451,-35.1091,60.5492,-33.2748,57.1145,-0.3318,3.1188,-1.7051,2.8793
2014,scott-wolf,-4.7429,57.7564,-38.8735,78.4726,-37.2409,76.8856,-0.6014,3.5116,-1.8549,2.885
2014,seth-emerson,-1.5464,36.2141,-34.9105,60.1732,-32.8256,54.2953,-0.316,2.9188,-1.6782,2.5066
2014,steve-batterson,-1.2679,33.0803,-35.1751,61.2599,-33.3044,58.1118,-0.2847,2.592,-1.7056,2.3637
2014,steve-sipple,-0.8457,27.4979,-34.5217,59.741,-32.4056,55.771,-0.1898,2.4317,-1.6633,2.2918
2014,tim-griffin,-0.5297,21.1577,-33.3518,55.3013,-31.4041,50.7804,-0.1435,1.6225,-1.6458,1.7492
2014,tom-mulhern,-3.5542,21.2563,-35.0291,53.6888,-32.8255,51.067,-0.72,1.9689,-1.7746,1.9092
2014,tom-murphy,-1.7104,48.8857,-35.8067,70.4022,-34.4151,68.8823,-0.2376,2.3915,-1.6763,2.1879
2014,tommy-deas,-0.1711,33.0634,-34.4821,58.6912,-32.5863,55.5734,-0.1206,2.0818,-1.6657,2.0382
2015,adam-jude,-0.7227,26.4765,-35.4256,61.5491,-32.2222,53.0237,-0.104,2.1538,-1.6874,2.0896
2015,adam-zucker,-0.8143,43.4488,-37.0195,68.9259,-33.837,61.9552,-0.1475,2.2736,-1.7373,2.1163
2015,bob-asmussen,-0.8335,31.0768,-35.9837,62.8482,-32.6058,54.4694,-0.1738,2.4085,-1.7327,2.1103
2015,brent-axe,-1.0399,36.5831,-36.2791,65.1897,-32.7661,55.2698,-0.1658,2.4646,-1.7318,2.1956
2015,brett-mcmurphy,3.8468,108.3951,-40.1446,86.8523,-37.2311,84.5073,-0.238,2.9408,-1.7546,2.6758
2015,brian-howell,-0.8532,33.1126,-36.0839,64.3234,-32.8472,56.507,-0.1016,2.2247,-1.6908,2.1049
2015,chadd-cripe,-0.3544,81.7387,-40.8436,86.8618,-38.2025,84.0334,-0.2386,3.3576,-1.776,3.0524
2015,chris-murray,-0.0098,44.8423,-36.5985,67.1529,-33.4101,60.1337,-0.1233,2.4298,-1.7218,2.2242
2015,daniel-berk,-0.2301,40.5379,-35.9959,57.2674,-33.5104,53.7527,-0.2,3.1493,-1.6359,2.727
2015,dave-reardon,2.8526,77.3112,-38.5982,76.7285,-35.597,72.9724,-0.2005,2.5681,-1.7539,2.3333
2015,david-briggs,-0.0609,28.571,-35.5705,61.9543,-32.3247,53.7336,-0.0829,1.8162,-1.7014,1.8305
2015,doug-doughty,-0.8093,31.0121,-35.8026,62.549,-32.2907,53.1493,-0.208,2.3695,-1.7173,2.2329
2015,doug-lesmerises,-2.0048,79.797,-41.3781,93.2471,-38.759,92.488,-0.2032,3.16,-1.764,2.8846
2015,duane-rankin,-0.8026,34.8093,-36.9008,64.4546,-33.319,55.8427,-0.2027,2.4922,-1.7831,2.255
2015,ed-daigneault,-1.1559,40.61,-37.159,67.3154,-33.9054,59.5902,-0.3733,2.6426,-1.7788,2.3184
2015,ed-johnson,-1.8406,55.0144,-39.1802,81.6683,-36.6445,78.7936,-0.232,2.9537,-1.741,2.5862
2015,eric-avidon,-1.2224,51.1297,-37.8445,72.8702,-34.6932,65.3025,-0.1952,2.6698,-1.7504,2.3375
2015,eric-hansen,-1.1523,61.7472,-38.7047,81.4573,-35.9302,76.5892,-0.2005,2.7874,-1.7245,2.6066
2015,garland-gillen,-2.2971,53.6931,-38.0934,76.6954,-35.0417,70.217,-0.1813,2.3581,-1.7318,2.1681
2015,garry-smits,-0.4412,52.9635,-38.4174,74.2804,-35.3369,68.9259,-0.2172,2.8033,-1.7443,2.5609
2015,gary-horowitz,-0.8356,39.6819,-36.4969,67.0727,-33.5807,61.5407,-0.1337,2.2446,-1.7286,2.0746
2015,jay-binkley,-0.4045,28.0468,-35.6301,62.6501,-32.1904,52.8041,-0.088,2.0437,-1.6934,2.0312
2015,jeff-seidel,0.8095,47.6751,-35.5849,64.8314,-32.1864,55.4134,-0.0507,1.6105,-1.6658,1.7182
2015,jim-dunaway,-0.8037,35.3489,-36.1907,65.7512,-33.1945,59.6905,-0.0992,2.1171,-1.7033,1.9897
2015,jim-polzin,-0.9808,30.5405,-35.9862,64.1555,-32.6569,55.5517,-0.128,2.1766,-1.7042,2.0054
2015,jimmy-burch,-0.5349,20.8967,-35.194,60.0023,-31.6785,49.5994,-0.1176,1.8588,-1.7145,1.8076
2015,joel-klatt,0.8931,48.708,-36.2481,66.17,-33.1226,60.7045,-0.139,2.119,-1.7328,2.0296
2015,joey-knight,-1.4047,57.7002,-38.4774,80.2926,-35.4411,74.7306,-0.1093,2.4311,-1.7231,2.2937
2015,john-adams,2.115,117.9745,-41.9494,100.0689,-38.742,97.5471,-0.1845,2.9826,-1.7416,2.7049
2015,john-clay,-0.7979,32.1244,-36.1342,64.7073,-32.7919,55.843,-0.1609,2.411,-1.6994,2.1985
2015,john-shinn,-1.575,36.6097,-36.1074,69.1768,-32.8761,61.0939,-0.1367,1.898,-1.714,1.8935
2015,jon-wilner,1.2841,132.4453,-47.7738,117.9374,-45.3071,119.2748,-0.4717,4.2865,-1.868,3.8372
2015,josh-kendall,-5.0052,95.941,-42.9813,108.0088,-40.9166,108.986,-0.4477,3.8578,-1.7711,3.2177
2015,keith-sargeant,-0.5347,48.1867,-37.8009,68.7215,-34.3771,60.9595,-0.2297,2.6977,-1.7953,2.467
2015,ken-medlin,-0.4094,18.0017,-34.8844,59.1357,-31.3103,48.4517,-0.0722,1.7367,-1.7046,1.7297
2015,kirk-bohls,0.4981,82.9921,-39.7527,84.3994,-37.2408,82.1562,-0.2888,2.8916,-1.75,2.6196
2015,laura-keeley,2.8408,86.4841,-37.5176,76.1022,-34.6165,71.77,-0.1497,2.2208,-1.715,2.0687
2015,marc-weiszer,-0.4442,31.0815,-35.5346,63.6115,-32.2269,55.3438,-0.0773,2.0165,-1.6428,2.0843
2015,matt-charboneau,-0.3261,34.4989,-36.0786,64.6457,-32.7034,56.1171,-0.0936,2.3861,-1.6837,2.2655
2015,matt-mccoy,-0.8968,27.4049,-35.9409,62.5778,-32.5085,53.449,-0.1448,2.0519,-1.7531,1.9625
2015,michael-lev,-1.1882,56.4958,-38.3157,77.6734,-35.7588,74.4679,-0.2038,2.4277,-1.7392,2.1925
2015,mike-sands,-0.8073,22.9561,-35.3147,60.8339,-31.8668,51.197,-0.1733,2.063,-1.7245,1.9236
2015,mike-sorensen,-0.4097,30.3527,-36.2488,63.7661,-32.9639,56.036,-0.1568,1.8704,-1.7388,1.8579
2015,mitch-vingle,-1.4969,84.8603,-40.4632,96.711,-37.6446,93.9087,-0.128,3.0168,-1.6813,2.8153
2015,nate-sandell,-0.4796,22.9497,-35.0136,60.8341,-31.5037,51.0671,-0.0907,1.7512,-1.673,1.8285
2015,nathan-deen,-0.5295,48.1763,-37.5962,67.9256,-34.0723,60.7283,-0.3118,2.9212,-1.8042,2.5943
2015,pete-diprimio,-0.8918,32.7643,-36.3654,67.6362,-32.9091,58.3786,-0.1257,1.9367,-1.7394,1.9319
2015,rob-long,-1.817,40.259,-37.567,69.2779,-34.1613,61.5125,-0.2151,2.6128,-1.7725,2.34
2015,robert-cessna,-0.6379,34.8097,-36.1775,65.7374,-32.7429,57.3792,-0.0853,2.1982,-1.6749,2.1303
2015,robert-gagliardi,-0.7015,25.2359,-35.4062,61.3672,-31.8913,51.2403,-0.131,1.9802,-1.698,1.996
2015,ross-dellenger,-0.1354,62.346,-37.8714,74.3124,-34.8332,69.0525,-0.1559,2.4168,-1.7522,2.187
2015,rustin-dodd,-0.3546,27.3731,-35.8737,61.7271,-32.4433,52.7613,-0.1,2.0265,-1.7263,1.8966
2015,ryan-finley,-1.2417,39.3006,-36.9777,68.8724,-33.2801,59.4973,-0.1975,3.0605,-1.7133,2.6872
2015,sam-mckewon,0.2614,103.5785,-43.0124,95.8859,-40.4386,94.3313,-0.4771,4.3844,-1.8049,3.8064
2015,sam-werner,0.0402,46.1503,-37.2784,70.8931,-34.338,65.3993,-0.0831,2.2863,-1.7097,2.2837
2015,scott-hamilton,-0.5354,20.8554,-35.2639,60.5656,-31.5885,49.9237,-0.115,1.7982,-1.7065,1.8543
2015,scott-wolf,-2.919,62.8501,-39.733,84.0436,-37.4517,83.0511,-0.3093,3.1386,-1.762,2.7313
2015,steve-batterson,-0.3999,30.4442,-35.8679,63.0178,-32.3425,53.9862,-0.115,2.2283,-1.7155,2.143
2015,steve-layman,-0.1316,54.1043,-37.1413,72.2147,-34.1393,65.9455,-0.1173,1.8215,-1.7195,1.8159
2015,tim-griffin,-0.3333,27.8896,-35.3978,61.2825,-32.0532,52.596,-0.1067,1.9442,-1.7106,1.8777
2015,tom-dangelo,-1.1905,34.6423,-36.2681,65.8116,-32.7428,56.2895,-0.1872,2.2119,-1.7402,2.1073
2015,tom-murphy,-1.582,41.6811,-37.5243,70.8126,-34.2521,63.7058,-0.207,2.6661,-1.7427,2.3985
2016,adam-jude,-1.1113,31.2938,-33.2007,53.861,-31.7037,53.1131,-0.213,3.1777,-1.6446,2.6661
2016,adam-zucker,-1.6203,24.458,-32.7987,49.8807,-31.0953,47.4824,-0.2975,2.7773,-1.6852,2.4886
2016,andy-greder,-0.5619,39.7214,-33.41,55.5586,-31.5716,53.6678,-0.2275,4.0672,-1.6036,3.4473
2016,bill-landis,-1.8556,35.6484,-34.2183,57.6224,-32.534,55.7951,-0.3033,2.8134,-1.6641,2.6495
2016,bob-asmussen,-1.2405,29.6382,-33.1654,53.9882,-31.6223,52.6297,-0.21,3.1751,-1.6279,2.7229
2016,brent-axe,-1.033,26.1637,-32.8818,50.6647,-31.2376,48.5666,-0.191,2.9749,-1.6413,2.6114
2016,brett-mcmurphy,-1.8636,35.6221,-34.2982,57.1641,-32.7399,55.9297,-0.32,3.039,-1.718,2.6655
2016,brian-howell,-0.9752,30.9316,-32.7615,53.4769,-31.1224,51.3398,-0.1625,3.0781,-1.569,2.6752
2016,chris-murray,-0.9379,25.4095,-32.4821,50.082,-30.7829,47.1372,-0.175,2.5575,-1.5993,2.411
2016,chuck-carlton,-0.9674,21.6513,-32.1899,49.4124,-30.4509,46.3728,-0.1875,2.4581,-1.5951,2.2788
2016,dana-sulonen,-0.4488,20.7785,-31.9478,48.6093,-30.0912,45.7363,-0.115,2.395,-1.5842,2.309
2016,dave-southorn,-0.7522,20.9981,-32.5865,49.9717,-30.914,47.5767,-0.1683,2.0569,-1.6284,2.1511
2016,david-briggs,-0.8646,21.5443,-32.2587,49.7628,-30.4244,46.5737,-0.165,2.3973,-1.5883,2.3737
2016,ed-daigneault,-2.0071,38.8208,-34.342,62.2803,-32.9371,61.3072,-0.2975,2.8362,-1.6487,2.5065
2016,ed-johnson,-2.4124,44.531,-35.4696,64.8384,-34.013,64.2617,-0.3208,3.5849,-1.6446,3.0261
2016,eric-hansen,-1.5657,40.0039,-34.7591,59.7528,-33.0636,57.6619,-0.3945,3.3416,-1.6744,2.9457
2016,ferd-lewis,-0.5463,21.528,-32.3459,50.187,-30.5268,47.1933,-0.1028,2.3675,-1.5979,2.2517
2016,garland-gillen,-1.0538,25.9362,-33.4013,52.595,-31.5711,50.0349,-0.1914,2.3908,-1.6498,2.3845
2016,garry-smits,-1.0828,38.6015,-34.0045,54.0444,-32.4304,52.6685,-0.3367,3.2436,-1.7066,2.868
2016,gary-horowitz,-1.5306,26.3637,-32.9836,51.9356,-31.4255,49.8626,-0.2525,2.5397,-1.6398,2.4137
2016,graham-watson,-0.7458,26.586,-32.6079,51.457,-30.8796,49.0608,-0.2175,2.6052,-1.6107,2.3827
2016,jason-galloway,-0.5948,26.234,-32.5809,50.6848,-30.7596,47.883,-0.1679,2.8619,-1.5945,2.6712
2016,jeff-miller,-1.3249,32.8161,-33.7284,55.3364,-31.9891,53.3924,-0.2588,3.3616,-1.643,2.8777
2016,jerry-dipaola,-2.059,34.9626,-33.9567,58.4203,-32.3564,56.4551,-0.3116,3.0854,-1.6543,2.7325
2016,jimmy-burch,-0.8877,29.9017,-32.9497,54.3794,-31.3741,52.9815,-0.1604,2.4961,-1.5999,2.3624
2016,joe-dubin,-0.502,26.7471,-32.7195,51.884,-30.9999,49.5521,-0.1479,2.6402,-1.5936,2.465
2016,joe-walljasper,-1.2332,28.7616,-33.0982,52.0586,-31.4295,50.0816,-0.2161,2.8872,-1.6467,2.5814
2016,joey-knight,-0.7851,33.7013,-33.4197,57.3047,-31.9596,56.8009,-0.1855,2.7919,-1.611,2.5698
2016,john-clay,-1.2245,26.7407,-32.447,50.5863,-30.7105,48.1057,-0.23,3.0033,-1.6,2.5507
2016,john-shinn,-1.3944,21.4454,-32.4482,49.4249,-30.8019,46.7705,-0.2607,2.4561,-1.6304,2.2759
2016,jon-wilner,-2.734,72.2307,-38.13,82.685,-36.3478,81.4201,-0.4687,4.6391,-1.6613,3.9629
2016,jonny-miller,-2.2141,39.3019,-33.9864,53.4969,-32.2967,51.8163,-0.4824,3.6487,-1.7489,2.9873
2016,josh-kendall,-4.2301,55.5163,-37.978,70.9011,-36.6113,70.8957,-0.6228,4.0274,-1.8224,3.409
2016,keith-sargeant,-0.6963,23.0975,-32.8015,50.4361,-30.9432,47.4681,-0.1353,2.6165,-1.6269,2.4816
2016,kirk-bohls,-2.7799,45.0259,-35.5065,58.6635,-34.0677,58.1229,-0.4887,3.9731,-1.7688,3.4032
2016,mandy-mitchell,-0.8857,22.1679,-32.0695,48.3709,-30.6225,46.6662,-0.1834,2.6922,-1.6258,2.3973
2016,marc-weiszer,-0.5449,24.0038,-32.2697,49.9857,-30.4979,46.8764,-0.1025,2.7176,-1.5686,2.4691
2016,marq-burnett,-1.1159,27.8544,-32.6658,50.6231,-30.9168,47.8161,-0.2613,3.3688,-1.6378,2.9019
2016,matt-charboneau,-1.6668,31.8492,-33.2961,52.6415,-31.4937,50.448,-0.325,3.4145,-1.6386,2.9516
2016,matt-galloway,-0.4349,26.7928,-32.631,50.9897,-30.8355,48.2922,-0.1078,3.0335,-1.6011,2.7212
2016,matt-mccoy,-0.2092,28.3812,-32.691,53.1587,-31.0754,51.5791,-0.1005,2.2231,-1.5796,2.2538
2016,matt-porter,-1.0935,29.5363,-33.6085,53.1291,-31.7591,50.7555,-0.1624,3.2164,-1.6359,2.7482
2016,michael-bonner,-1.2967,30.0216,-33.1091,52.024,-31.3479,49.4069,-0.2657,3.2259,-1.6383,2.7242
2016,michael-lev,-1.9956,37.2778,-33.7533,56.7337,-32.1713,55.2307,-0.3375,3.507,-1.6683,2.9745
2016,mike-barber,-2.2724,32.4923,-33.6912,52.8211,-32.1194,50.9566,-0.3769,3.6419,-1.6809,3.0243
2016,mitch-vingle,-1.7468,40.263,-33.6556,57.2514,-31.9741,54.4817,-0.2732,3.3645,-1.6074,2.7994
2016,nathan-deen,-1.6732,43.9926,-35.1703,59.9703,-33.7117,59.3652,-0.3844,3.483,-1.718,3.0138
2016,ngozi-ekeledo,-0.4754,37.4127,-35.2066,62.0064,-31.4048,54.5809,-0.26,2.9885,-1.4288,2.9813
2016,pat-caputo,-1.4417,24.7036,-32.8467,50.0183,-31.036,47.0807,-0.2538,3.0887,-1.6483,2.6203
2016,patrick-brown,-1.6426,31.0091,-33.5597,52.806,-31.7578,50.5037,-0.2957,3.2713,-1.69,2.7824
2016,pete-diprimio,-1.1891,37.0444,-34.0996,61.1123,-32.5141,58.8715,-0.1975,2.7344,-1.6419,2.5062
2016,rob-long,-2.1728,41.2146,-35.0316,57.3184,-33.3816,55.6277,-0.467,3.8144,-1.767,3.2145
2016,robert-cessna,-0.3072,31.9663,-32.8737,53.0053,-31.1824,50.8393,-0.1228,2.6811,-1.5814,2.5237
2016,robert-gagliardi,-0.9614,27.2476,-33.0113,51.5367,-31.3888,48.9454,-0.2111,2.5484,-1.6361,2.3915
2016,ross-dellenger,-0.8262,37.2916,-33.5195,59.0152,-31.7932,56.9043,-0.14,3.0527,-1.5796,2.6612
2016,sam-mckewon,-2.5544,54.9397,-36.9158,67.9993,-35.3269,66.5136,-0.5354,4.0822,-1.8223,3.45
2016,scott-hamilton,-0.4512,23.3819,-32.4195,50.026,-30.5844,46.8849,-0.1055,2.5834,-1.5884,2.4666
2016,scott-wolf,-3.8905,62.9487,-38.8421,92.606,-37.0559,90.3891,-0.2581,3.0269,-1.6675,2.7332
2016,steve-batterson,-0.55,31.3718,-33.4309,55.1325,-31.805,53.6711,-0.1554,2.6526,-1.6242,2.5696
2016,steve-wiseman,-1.0208,27.1576,-32.5732,50.5969,-30.9215,48.2224,-0.2375,2.8524,-1.6082,2.5704
2016,tom-murphy,-0.9661,31.3938,-33.3824,52.6401,-31.6454,50.5766,-0.204,3.1085,-1.6533,2.6718
2016,tony-parks,-0.6127,30.4733,-33.2386,52.2823,-31.5457,49.8755,-0.1955,2.9085,-1.6468,2.7434
2017,aaron-suttles,-0.8901,22.4761,-32.8345,50.5671,-31.2099,48.2902,-0.1809,1.9791,-1.7205,1.8463
2017,adam-jude,-0.7556,25.772,-33.2796,51.8151,-31.5831,49.4046,-0.1675,2.2886,-1.7306,2.097
2017,adam-zucker,-1.0196,24.4207,-33.4595,50.1905,-31.7202,47.814,-0.2513,2.5303,-1.8054,2.1396
2017,andy-bitter,-1.0044,24.6878,-33.0648,50.7877,-31.5475,49.5367,-0.2431,2.151,-1.7454,2.0009
2017,andy-greder,-0.9886,30.1255,-33.4883,53.5344,-31.9317,51.4383,-0.165,2.1966,-1.7282,2.0625
2017,bill-landis,-1.6483,34.949,-34.0802,57.9005,-32.454,55.5323,-0.2506,2.4755,-1.7314,2.1592
2017,bob-asmussen,-1.2367,35.9812,-34.1036,59.0093,-32.4533,56.3896,-0.1275,2.3463,-1.7108,2.144
2017,brent-axe,-0.6761,26.5792,-33.3693,51.7221,-31.7181,49.6474,-0.1432,2.64,-1.743,2.3173
2017,bret-bloomquist,-0.8368,24.7452,-32.8505,51.9448,-31.3891,50.6262,-0.1075,1.8947,-1.7114,1.804
2017,brian-howell,-0.4635,30.6437,-33.2129,53.4456,-31.6927,51.9925,-0.1275,2.1836,-1.7072,2.0588
2017,chris-murray,-0.8574,26.6756,-33.1585,51.6582,-31.5957,49.6897,-0.1357,2.2121,-1.7217,2.068
2017,chuck-carlton,-0.58,21.6638,-32.5361,50.0735,-30.8992,48.0421,-0.14,1.8826,-1.7257,1.7823
2017,dave-foster,-0.5637,30.4847,-33.6677,53.4882,-31.9921,51.6288,-0.1234,2.3393,-1.7397,2.0831
2017,dave-reardon,-1.465,39.8491,-35.3003,59.1224,-33.7308,57.9341,-0.2886,3.2886,-1.8394,2.9285
2017,dave-southorn,-0.6399,23.7374,-32.7729,50.9589,-31.2424,49.5723,-0.0977,1.8247,-1.7183,1.807
2017,david-briggs,-0.8837,18.9222,-32.8675,48.8525,-31.2055,46.4398,-0.1688,2.0162,-1.7659,1.7779
2017,ed-daigneault,-1.606,37.8926,-34.3979,61.392,-33.0562,61.9036,-0.1654,2.2734,-1.7422,2.0736
2017,eric-hansen,-1.5776,34.3392,-34.7567,58.8153,-33.3128,58.148,-0.272,2.5449,-1.7897,2.2011
2017,garland-gillen,-0.8351,27.2505,-33.705,51.5336,-31.9263,49.1767,-0.2418,2.4612,-1.7884,2.1288
2017,gary-horowitz,-0.6666,24.3203,-33.0598,51.7745,-31.3237,49.0298,-0.1303,2.3941,-1.7193,2.1731
2017,grace-raynor,-0.4131,17.702,-32.4415,49.5891,-30.7631,46.8856,-0.1003,1.4971,-1.7118,1.5695
2017,jason-butt,-0.7761,24.4304,-33.0629,50.929,-31.3506,48.5491,-0.183,2.2826,-1.7522,1.9378
2017,jason-galloway,-0.4325,34.1992,-33.2268,52.1863,-31.7276,50.5267,-0.1529,2.3284,-1.7087,2.1079
2017,jeff-miller,-1.0078,35.3873,-34.2429,57.0334,-32.638,55.5391,-0.2035,2.5406,-1.7453,2.3387
2017,jerry-dipaola,-0.3585,24.0413,-32.7621,50.2427,-31.2114,48.3283,-0.1028,2.2909,-1.7053,2.1474
2017,john-adams,-2.2427,41.8903,-35.3674,60.5158,-33.8925,59.9572,-0.3636,2.7308,-1.8095,2.4131
2017,john-clay,-1.2209,31.6306,-33.6911,55.2959,-32.0731,53.1803,-0.1504,2.4003,-1.7143,2.1614
2017,jon-wilner,-1.1018,48.2067,-36.8105,65.2214,-35.3245,64.2197,-0.2481,3.3967,-1.8136,2.9608
2017,jonny-miller,-1.1431,43.632,-35.6081,61.5181,-34.1399,60.4444,-0.2411,2.8437,-1.7737,2.4942
2017,keith-sargeant,-0.67,26.5448,-33.1999,52.8342,-31.6404,51.3081,-0.1382,2.1513,-1.7234,1.9693
2017,kellis-robinett,-1.278,36.6429,-34.7005,58.76,-33.2169,57.5542,-0.2753,2.3008,-1.7948,2.0882
2017,kirk-bohls,-1.4985,43.0235,-35.7371,64.9808,-34.0023,62.6473,-0.2161,3.0161,-1.7493,2.7013
2017,lauren-brownlow,-0.7585,28.8923,-33.6078,53.3161,-32.2004,52.8976,-0.1389,2.079,-1.7324,1.9431
2017,lauren-shute,-1.0564,32.5462,-33.8049,58.1334,-32.1383,55.9209,-0.2055,2.2646,-1.7247,2.1181
2017,marc-weiszer,-0.7224,19.974,-32.4591,49.2226,-30.7591,46.5223,-0.1328,1.7877,-1.7126,1.7138
2017,matt-baker,-0.7414,28.7269,-33.3206,54.3016,-31.863,53.3808,-0.14,1.9493,-1.7029,1.8946
2017,matt-brown,-0.791,29.6461,-33.3435,53.9281,-31.8275,52.7896,-0.1985,2.1676,-1.7166,1.9889
2017,matt-charboneau,-0.7954,23.3832,-33.0178,50.8601,-31.3988,48.7348,-0.185,2.1242,-1.7464,1.9788
2017,matt-mccoy,-0.9448,26.7828,-33.0849,54.3349,-31.3324,51.147,-0.1504,1.7842,-1.7293,1.6883
2017,michael-lev,-1.0813,27.751,-33.5401,53.4106,-32.0963,52.1757,-0.2256,2.5051,-1.7639,2.1455
2017,mitch-vingle,-1.8479,51.2245,-33.6854,58.9275,-32.1539,58.3267,-0.1625,2.6169,-1.7012,2.2539
2017,parrish-alford,-1.0738,30.3955,-33.6193,53.7194,-31.9709,51.6707,-0.1805,2.3866,-1.731,2.2098
2017,pat-caputo,-1.0743,36.7946,-34.4685,57.147,-32.7942,54.9851,-0.1875,3.0431,-1.7432,2.7637
2017,pat-dooley,-1.6811,43.8443,-35.0784,62.7582,-33.4205,60.8642,-0.2821,2.9009,-1.7782,2.4836
2017,rece-davis,-1.3412,29.3986,-33.635,53.7059,-32.0905,52.1564,-0.3141,2.5263,-1.7718,2.1256
2017,rick-wright,-1.2421,33.556,-34.9195,56.358,-33.3049,54.7763,-0.269,2.4771,-1.807,2.2271
2017,rob-long,-1.1348,29.0381,-33.677,54.7651,-32.0852,52.8989,-0.1775,2.3409,-1.7371,2.1162
2017,robert-cessna,-0.4426,23.9538,-33.0392,50.5035,-31.4335,48.4043,-0.1404,2.068,-1.7376,1.9832
2017,robert-gagliardi,-0.6799,18.0611,-32.598,48.7161,-30.9546,46.3001,-0.1558,1.6993,-1.7527,1.6757
2017,ross-dellenger,-0.1887,37.0626,-33.9482,55.6961,-32.448,54.3908,-0.125,2.7355,-1.6946,2.446
2017,ryan-aber,-1.1714,40.7629,-34.3658,62.9257,-32.9282,62.3605,-0.1479,2.2906,-1.722,2.1334
2017,safid-deen,-1.3785,33.0358,-33.3935,58.425,-31.9231,58.475,-0.1625,1.8708,-1.7302,1.764
2017,sam-mckewon,-1.8753,43.8136,-34.7774,62.9857,-33.3924,63.1594,-0.2875,2.9515,-1.7571,2.6072
2017,sammy-batten,-1.6683,34.3957,-34.1981,54.7899,-32.9056,54.0636,-0.2632,2.7406,-1.7713,2.3986
2017,scott-hamilton,-0.4947,22.3881,-32.8655,51.0257,-31.3239,49.4056,-0.0579,1.7157,-1.7126,1.6979
2017,scott-wolf,-1.092,35.3802,-34.2319,54.8421,-32.6633,53.3603,-0.2556,2.9124,-1.7851,2.5021
2017,soren-petro,-1.2343,29.4604,-33.598,54.9001,-32.0185,52.9761,-0.2675,2.7604,-1.7463,2.5127
2017,steve-batterson,-0.3918,27.9609,-33.4944,51.9531,-31.9232,50.0126,-0.1633,2.2514,-1.7413,2.0151
2017,terry-hutchens,-0.4177,18.1093,-32.3803,49.5036,-30.8104,47.8784,-0.0775,1.4532,-1.7065,1.5606
2017,tom-murphy,-0.7695,24.5651,-33.2016,50.803,-31.7008,49.296,-0.1583,2.1452,-1.7461,1.9943
2017,tony-parks,-0.7571,25.5374,-32.9585,52.4291,-31.4579,51.3643,-0.175,1.809,-1.736,1.6669
2018,aaron-mcmann,-0.8992,21.2926,-31.7552,47.4528,-30.7623,46.0402,-0.2055,2.6272,-1.6668,2.2711
2018,adam-jude,-0.8662,26.8345,-32.7031,52.8607,-31.7476,51.7961,-0.1734,2.2796,-1.6854,2.0776
2018,andy-greder,-0.8934,17.4916,-31.9177,47.243,-30.876,45.1272,-0.1791,2.0233,-1.6953,1.9256
2018,ben-jones,-1.6679,24.8343,-32.2854,48.3885,-31.2765,47.254,-0.3709,2.6821,-1.6989,2.3145
2018,bill-landis,-0.2354,28.4313,-33.355,52.7822,-32.3437,50.5824,-0.1333,2.4321,-1.6774,2.4439
2018,blake-toppmeyer,-1.2534,27.1169,-32.8818,50.9834,-32.152,51.2506,-0.2569,2.6342,-1.7148,2.3905
2018,bob-asmussen,-1.9804,42.0559,-33.8757,68.9174,-32.9441,67.4481,-0.1175,2.1669,-1.647,2.1215
2018,brandon-marcello,-0.4841,23.5464,-31.8579,47.9959,-30.9435,47.2724,-0.1475,2.4105,-1.659,2.2744
2018,brent-axe,-0.8819,19.74,-31.8838,47.0494,-31.0124,46.1268,-0.196,1.9954,-1.693,1.875
2018,brett-mcmurphy,-1.4109,29.4703,-33.0588,50.7284,-32.2149,50.5438,-0.2424,2.6254,-1.7301,2.2277
2018,brian-howell,-0.7339,22.0207,-32.052,48.4953,-31.1737,47.5012,-0.1779,2.2023,-1.659,2.1019
2018,chris-murray,-0.4101,22.6855,-32.0202,47.7567,-31.2342,47.1445,-0.1256,2.1292,-1.6718,2.0023
2018,chris-solari,-1.2876,33.0206,-33.1573,54.6104,-32.2929,54.0694,-0.2368,3.069,-1.6891,2.6395
2018,chuck-carlton,-0.811,16.9668,-31.663,46.1171,-30.7049,44.848,-0.1608,1.8844,-1.6777,1.8164
2018,conor-oneill,-1.6204,24.3154,-32.6018,48.9127,-31.5898,47.6461,-0.2889,2.7789,-1.7202,2.4418
2018,dave-southorn,-0.6396,20.5306,-31.7774,48.8194,-30.9168,47.6285,-0.165,1.8699,-1.6755,1.8295
2018,david-briggs,-1.2995,20.9725,-32.1936,47.4864,-31.3099,46.6073,-0.2957,2.0343,-1.7279,1.9263
2018,don-williams,-2.447,33.8759,-33.5344,53.5151,-32.6193,52.933,-0.5505,3.4088,-1.8186,2.9304
2018,doug-lesmerises,-2.123,22.9038,-32.4285,46.603,-31.8349,46.7734,-0.3919,2.2547,-1.7937,1.9275
2018,dylan-sinn,-0.9756,34.3121,-33.4444,53.8817,-32.5691,53.6431,-0.2739,2.5597,-1.7195,2.3192
2018,eric-hansen,-1.3823,25.0517,-32.7961,49.857,-31.986,49.4993,-0.2879,2.5144,-1.7297,2.2742
2018,ferd-lewis,-0.5387,14.4915,-31.908,45.6237,-30.8046,43.9813,-0.1371,1.6871,-1.7147,1.6285
2018,garland-gillen,-0.9641,24.5025,-32.2748,48.9164,-31.251,47.2157,-0.193,2.594,-1.687,2.3424
2018,garry-smits,-1.8438,29.6691,-33.1338,50.9622,-32.3229,50.1984,-0.3247,3.0812,-1.7398,2.7718
2018,gary-horowitz,-0.9305,20.6469,-31.753,47.3316,-30.9304,46.5919,-0.1675,2.2798,-1.657,2.1256
2018,grace-raynor,-0.7135,15.4287,-31.5666,45.8811,-30.617,44.482,-0.1508,1.7262,-1.6725,1.71
2018,jason-galloway,-1.2174,22.6642,-32.2541,47.7235,-31.2706,46.588,-0.2663,2.5173,-1.7039,2.2825
2018,jerry-dipaola,-1.2568,23.2312,-31.966,48.2214,-31.1204,47.6524,-0.235,2.2533,-1.6681,2.0241
2018,jim-alexander,-3.7217,40.6632,-35.4098,55.5676,-34.5412,55.2417,-0.5627,4.1405,-1.9052,3.4863
2018,joey-kaufman,-1.0506,24.0201,-32.0867,48.1788,-31.3105,48.0748,-0.21,2.2812,-1.6889,2.1064
2018,john-bednarowski,-1.2068,26.5566,-32.7815,51.8918,-31.8946,50.9039,-0.1729,2.1601,-1.6726,2.0843
2018,john-clay,-0.8817,29.5578,-32.5487,50.8649,-31.8301,50.8654,-0.208,2.688,-1.6623,2.3298
2018,jon-wilner,-1.5069,44.3465,-34.507,59.5214,-33.7507,59.7747,-0.2531,3.3928,-1.6821,3.0014
2018,jonny-miller,0.4294,48.9492,-32.8813,55.5104,-32.065,54.2962,-0.3371,2.9509,-1.7492,2.5941
2018,keith-sargeant,-1.4731,29.7011,-32.9454,53.6807,-32.1958,54.0247,-0.255,2.6023,-1.7157,2.3179
2018,kellis-robinett,-1.5252,29.573,-33.2958,50.7736,-32.4471,50.0688,-0.303,2.7438,-1.748,2.3284
2018,kirk-bohls,-1.8617,33.6875,-33.3076,52.8817,-32.7785,53.8933,-0.3283,3.2885,-1.7214,2.7923
2018,lauren-brownlow,-1.901,24.1553,-32.4914,48.2737,-31.5126,46.8633,-0.381,2.7819,-1.7486,2.285
2018,marc-weiszer,-0.7266,17.2432,-31.6523,46.497,-30.7865,45.302,-0.1328,1.9452,-1.6661,1.8396
2018,matt-baker,-1.152,20.4717,-31.9534,47.3723,-31.128,47.0429,-0.2331,2.2824,-1.6953,2.0349
2018,matt-brown,-0.9326,25.9924,-32.1634,48.4901,-31.3424,48.1236,-0.208,2.4688,-1.6764,2.2079
2018,matt-mccoy,-0.5372,16.6156,-31.7053,46.6689,-30.6821,45.3849,-0.131,1.9248,-1.6591,1.8965
2018,michael-lev,-1.4135,28.9229,-33.1194,52.0844,-32.1616,51.1439,-0.2695,2.8445,-1.7202,2.4576
2018,michael-vega,-0.2059,28.0347,-31.453,49.0315,-30.5596,48.7614,-0.16,2.821,-1.6657,2.8375
2018,mike-barber,-1.3457,25.5825,-32.1793,48.3306,-31.2804,47.4864,-0.2875,2.7024,-1.6812,2.3116
2018,mitch-vingle,-4.5111,88.0312,-41.1986,85.9293,-40.6142,90.5104,-0.56,6.1852,-1.7103,4.8432
2018,neill-ostrout,-2.0677,31.3874,-33.2616,52.8195,-32.3528,51.6745,-0.2725,2.8255,-1.6885,2.4775
2018,pat-dooley,-1.5319,25.2842,-32.4671,49.1116,-31.5313,48.229,-0.3233,2.6962,-1.7263,2.3248
2018,rachel-richlinski,-0.5872,24.3074,-32.0171,47.5235,-30.9881,45.9521,-0.206,2.4705,-1.6888,2.1931
2018,rece-davis,-1.646,27.825,-32.7697,49.7355,-31.86,48.6751,-0.2932,2.6049,-1.7226,2.2632
2018,rob-long,-1.5054,26.0107,-32.6089,48.8634,-31.6721,47.5676,-0.3065,2.6853,-1.7222,2.2946
2018,robert-cessna,-0.7872,19.2458,-31.955,46.9611,-31.0551,45.6165,-0.1633,2.0426,-1.6892,1.9122
2018,robert-gagliardi,-0.9529,17.5126,-31.9896,46.2673,-30.8986,44.4438,-0.2141,1.9519,-1.7169,1.8279
2018,ryan-aber,-1.1881,35.0323,-33.2246,54.3605,-32.6232,55.0586,-0.2475,2.5676,-1.6859,2.3762
2018,safid-deen,-1.2527,21.9229,-33.127,53.9872,-31.017,47.8758,-0.2,2.5166,-1.5745,2.1076
2018,sam-mckewon,-2.349,33.4413,-33.2244,51.9263,-32.417,52.0279,-0.4422,3.5311,-1.7387,2.8621
2018,scott-hamilton,-0.7078,16.7306,-31.5332,45.9088,-30.4689,44.1752,-0.1654,2.0132,-1.675,1.8285
2018,scott-rabalais,-0.7361,22.0592,-31.8518,48.0117,-31.0436,47.8875,-0.1729,1.9677,-1.6689,1.8093
2018,sean-manning,-1.1703,20.7586,-31.8557,46.9423,-30.9248,45.6143,-0.2086,2.4063,-1.6862,2.081
2018,soren-petro,-1.3196,45.7301,-35.1106,66.6039,-33.9636,64.2025,-0.3376,3.0325,-1.7539,2.5877
2018,steve-batterson,-0.9898,18.879,-31.9491,47.457,-30.8846,45.5163,-0.1855,2.0474,-1.6881,1.9417
2018,steve-layman,-0.796,17.0856,-31.6369,46.2665,-30.6366,44.7631,-0.183,1.9707,-1.6825,1.8538
2018,steve-virgen,-1.9159,30.8383,-33.1633,51.0267,-32.2896,50.7542,-0.3934,2.6298,-1.7654,2.2014
2018,tom-murphy,-1.4362,25.3424,-32.2941,48.7279,-31.4594,48.6197,-0.2714,2.782,-1.7011,2.3425
2018,tony-parks,-0.891,24.2884,-32.1484,48.3577,-31.2776,47.4106,-0.2675,2.4146,-1.6948,2.169
2019,aaron-mcmann,0.1492,29.6749,-33.0938,53.4785,-31.6264,51.3092,-0.0782,2.0714,-1.7205,1.9155
2019,adam-zucker,-1.426,45.9427,-35.1158,64.0297,-33.8275,63.974,-0.1947,2.5342,-1.7911,2.1833
2019,alex-schiffer,0.0755,46.7084,-34.8296,65.3228,-32.8935,61.4614,-0.19,1.9884,-1.648,1.8618
2019,andy-greder,-0.8531,28.4613,-33.1095,54.8467,-31.715,53.1502,-0.1412,2.2039,-1.71,2.0127
2019,audrey-dahlgren,-0.4116,29.1126,-33.7779,56.8563,-32.2868,53.9532,-0.1429,1.7088,-1.769,1.6306
2019,blair-kerkhoff,-0.8558,32.7573,-32.921,55.9254,-31.6618,53.4411,-0.1022,1.4679,-1.7688,1.4023
2019,bob-asmussen,-0.4648,22.4995,-32.9972,53.4808,-31.3815,50.5889,-0.1226,1.9337,-1.7191,1.9105
2019,brett-mcmurphy,-1.3791,28.7123,-33.7598,59.2183,-32.0069,55.1467,-0.2376,2.4268,-1.7303,2.036
2019,brian-howell,-1.456,39.5804,-34.6085,62.5144,-33.31,61.5232,-0.1848,2.0892,-1.762,2.0554
2019,brooks-kubena,-0.6723,36.591,-34.2051,60.105,-32.6333,57.6633,-0.1659,2.2485,-1.7372,2.0337
2019,bryce-miller,-0.534,32.717,-33.6868,57.9555,-32.3532,56.4453,-0.1671,2.2805,-1.715,2.1044
2019,chadd-cripe,-1.263,29.8115,-34.2727,57.97,-32.7384,54.918,-0.2725,2.1794,-1.7985,1.9607
2019,chris-murray,-0.8791,27.7285,-33.5988,58.0569,-31.9069,53.6517,-0.0851,1.6269,-1.7379,1.6049
2019,chuck-carlton,-0.825,18.3237,-32.4945,52.3242,-31.0467,49.9071,-0.1887,1.6481,-1.6983,1.6138
2019,conor-oneill,-2.5305,46.9531,-35.2078,68.8377,-34.2052,69.828,-0.2706,2.5862,-1.7543,2.2063
2019,dave-reardon,-0.6259,48.8363,-35.5465,66.5608,-33.7553,62.9036,-0.2393,2.5894,-1.7712,2.2885
2019,david-briggs,-1.0052,39.1474,-33.8553,63.4096,-32.5933,62.8246,-0.1176,1.9668,-1.6974,1.7675
2019,davis-potter,-1.1821,23.6705,-33.3787,53.4094,-31.7981,50.7029,-0.208,2.1931,-1.7593,1.9026
2019,don-williams,-1.4674,38.4744,-34.4508,58.7494,-33.0481,57.2051,-0.4043,3.0063,-1.7793,2.4568
2019,doug-lesmerises,-4.1073,40.6865,-34.6784,56.4527,-31.7059,55.2294,-0.64,4.0402,-1.6848,3.3193
2019,dylan-sinn,-1.7986,49.2874,-35.3365,69.4827,-34.2125,70.3402,-0.1859,2.3981,-1.7494,2.2022
2019,eric-boynton,-0.3492,27.3638,-33.4173,57.6683,-31.7968,53.8776,-0.0755,1.6798,-1.7179,1.7621
2019,eric-hansen,-1.202,25.7995,-33.6988,55.4801,-32.2026,53.462,-0.2506,2.4579,-1.7581,2.1736
2019,garland-gillen,-0.8951,23.1887,-33.3503,54.0368,-31.8983,52.0838,-0.1706,2.3765,-1.7676,2.0535
2019,gary-horowitz,-0.7374,30.4041,-33.2731,55.723,-31.9287,54.2228,-0.1321,1.5894,-1.7357,1.6337
2019,gene-henley,-0.7181,20.9049,-32.8926,54.6769,-31.2226,50.9157,-0.1529,1.6914,-1.7147,1.628
2019,james-kratch,-1.3138,57.3634,-35.0109,69.5813,-33.9363,71.3726,-0.1741,2.3965,-1.7068,2.1685
2019,jerry-dipaola,-0.7528,41.5534,-34.083,61.5702,-32.6244,58.7989,-0.1722,2.133,-1.7249,1.914
2019,jim-holder,-1.3098,31.0675,-33.5817,56.2148,-32.0895,53.8755,-0.2373,2.7633,-1.6984,2.2992
2019,jim-polzin,-0.5187,22.049,-32.7281,53.1915,-31.1897,50.2767,-0.0988,2.1301,-1.6809,1.9239
2019,joe-dubin,-0.5416,23.7846,-33.2254,55.6611,-31.5925,51.3869,-0.1153,2.1309,-1.7249,2.0119
2019,john-bednarowski,-0.1739,33.3839,-33.2395,55.0509,-31.8282,53.2008,-0.1835,2.3014,-1.7119,2.1248
2019,john-clay,-0.1193,34.9994,-33.4832,58.0629,-32.1363,56.8548,-0.1153,2.1053,-1.675,1.9571
2019,jon-johnson,-0.0398,23.7352,-32.7444,52.4537,-31.1359,49.519,-0.1182,1.815,-1.7259,1.6555
2019,jon-wilner,-0.5139,50.2571,-35.4831,64.6052,-34.0948,62.376,-0.2706,3.4946,-1.761,2.9856
2019,josh-furlong,-0.5195,28.695,-33.0394,54.9568,-31.6779,53.0321,-0.0941,1.9084,-1.7015,1.8469
2019,kirk-bohls,-1.7344,46.7239,-35.0519,65.4004,-33.9191,65.4958,-0.1726,2.4536,-1.7452,2.2427
2019,lauren-brownlow,-1.7554,40.0515,-34.6173,61.2937,-33.287,61.0258,-0.2536,2.3342,-1.7973,2.0339
2019,marc-weiszer,-0.5291,15.4329,-32.8101,52.6832,-31.3133,50.3045,-0.1277,1.4531,-1.7498,1.4889
2019,mark-whicker,-1.5079,42.8076,-35.2389,62.9739,-33.9499,62.4219,-0.2518,2.9922,-1.7688,2.6441
2019,matt-baker,-0.979,42.2781,-33.8856,61.1967,-32.733,61.8709,-0.1678,2.3674,-1.7161,2.1455
2019,matt-brown,-1.178,39.0283,-34.6809,63.4199,-33.5446,63.0354,-0.1718,2.2247,-1.7639,1.9834
2019,matt-mccoy,-0.4668,33.3348,-33.4677,56.66,-32.2371,55.5811,-0.1203,1.7237,-1.7231,1.6467
2019,michael-lev,-0.9139,34.391,-33.4066,55.2584,-31.935,52.5886,-0.2406,2.2844,-1.7426,1.9916
2019,michael-vega,-0.6386,33.4699,-34.6127,57.0179,-33.1244,55.2333,-0.1703,2.7998,-1.7922,2.6431
2019,nate-mink,-2.3697,48.7698,-35.4496,69.7316,-34.4913,70.958,-0.2353,2.5497,-1.7419,2.2488
2019,nathan-baird,-1.4541,49.3976,-35.577,67.7443,-34.4837,67.7149,-0.2393,2.7378,-1.769,2.293
2019,neill-ostrout,-1.626,39.7657,-33.9468,61.9834,-32.5878,61.1958,-0.1863,2.1162,-1.7406,1.9555
2019,norm-wood,-0.4605,22.8158,-33.0408,54.9694,-31.5731,52.8154,-0.1085,1.6638,-1.7091,1.7665
2019,pat-dooley,-1.9949,48.5818,-35.265,68.4832,-34.2067,70.0709,-0.25,2.2257,-1.7945,2.0205
2019,rece-davis,-1.379,43.8223,-34.2466,63.2692,-32.9954,62.8752,-0.16,2.4721,-1.7347,2.208
2019,rob-long,-0.4853,22.958,-33.1969,53.2017,-31.6424,50.4225,-0.1404,2.217,-1.7473,2.1131
2019,robert-cessna,-1.4541,40.4794,-34.3102,62.7015,-33.0389,61.9012,-0.1509,2.0722,-1.737,1.883
2019,ryan-aber,-0.4347,54.3929,-34.8866,68.4531,-33.7749,70.0433,-0.1647,2.4555,-1.7454,2.2413
2019,sam-mckewon,-2.5926,51.4776,-35.7738,68.2187,-34.6161,68.8625,-0.4595,2.9838,-1.7877,2.4057
2019,soren-petro,-1.6615,36.4981,-34.5893,60.1979,-33.37,59.3655,-0.3302,2.9981,-1.7415,2.4416
2019,steve-batterson,-0.2144,33.2249,-33.6283,58.4393,-32.1885,56.6407,-0.1388,1.9162,-1.71,1.8475
2019,steve-virgen,-0.5153,18.3953,-32.7473,52.5354,-31.1863,49.7843,-0.1253,1.5226,-1.7215,1.5996
2019,steve-wiseman,-1.2391,37.57,-33.7087,61.0025,-32.347,59.8721,-0.1247,1.8949,-1.7173,1.7387
2019,theo-lawson,-1.1534,29.4325,-33.9429,58.1664,-32.7185,57.5333,-0.2199,2.2658,-1.7456,2.0312
2019,tom-bragg,-1.4508,40.3637,-34.8128,60.408,-33.4629,59.1585,-0.3042,2.7392,-1.7903,2.3674
2019,tom-dangelo,-0.8102,25.7429,-33.4757,58.3482,-31.8466,54.8974,-0.1368,1.9031,-1.7261,1.7911
2019,tom-green,-0.3032,20.5241,-32.8369,54.1456,-31.1912,50.5136,-0.1226,1.3541,-1.7289,1.5124
2019,tom-murphy,-0.9659,24.0161,-33.2108,53.5763,-31.9087,52.0314,-0.191,1.8524,-1.7608,1.7623
2020,aaron-mcmann,-1.9079,27.2278,-32.0657,50.2892,-30.9611,48.8075,-0.2941,2.6459,-1.6367,2.1106
2020,adam-grosbard,-0.9991,23.4612,-31.9387,49.979,-30.4204,47.3226,-0.1882,2.4248,-1.585,2.355
2020,adam-zucker,-4.5025,27.5316,-34.7008,49.2711,-33.8793,49.2189,-0.6454,3.1618,-1.9281,2.5702
2020,andy-greder,-1.0946,31.967,-31.6385,49.646,-30.3214,47.3721,-0.1809,2.7885,-1.5604,2.2546
2020,audrey-dahlgren,-1.3034,22.1595,-31.9216,47.9081,-30.5738,45.3606,-0.2029,2.2604,-1.6438,2.0554
2020,blair-kerkhoff,-1.0447,21.7921,-31.3341,47.5214,-30.2407,46.4592,-0.1958,2.1342,-1.597,1.9576
2020,bob-asmussen,-1.7371,32.7746,-32.2697,53.1399,-31.0458,51.5472,-0.1085,2.5797,-1.5669,2.2871
2020,brett-mcmurphy,-6.5558,32.6774,-36.6554,52.9162,-35.7154,52.2784,-0.8635,3.2938,-2.0617,2.7278
2020,brian-howell,-6.2973,28.2532,-36.9459,50.0221,-35.9201,48.2952,-0.9739,2.9772,-2.1749,2.5249
2020,brooks-kubena,-6.5109,36.1184,-37.7419,56.3763,-36.8714,55.7635,-0.9298,3.1199,-2.1015,2.7429
2020,bryce-miller,-1.5029,28.7641,-31.8259,49.1512,-30.7396,48.1988,-0.2411,2.4723,-1.6032,2.2465
2020,chris-murray,-0.7083,21.9982,-31.3742,48.181,-30.1506,45.7675,-0.1274,2.1122,-1.5784,2.0142
2020,chuck-carlton,-0.5383,21.8504,-30.9123,47.1522,-29.819,46.3954,-0.0541,1.8618,-1.5451,1.864
2020,colten-bartholomew,-2.111,31.8157,-32.2624,51.1475,-31.0326,49.1368,-0.3428,2.6713,-1.6187,2.3322
2020,conor-oneill,-1.9171,28.3357,-32.6637,49.7735,-31.4281,48.3692,-0.3397,3.0443,-1.705,2.6935
2020,david-briggs,-1.7715,29.7434,-31.4049,48.4207,-30.3422,47.2082,-0.2659,2.72,-1.6045,2.2114
2020,david-jablonski,-5.3464,27.6716,-35.7975,49.978,-34.6934,47.907,-0.7924,2.8691,-2.0549,2.3423
2020,davis-potter,-2.0878,25.5991,-31.9774,48.7797,-30.7857,46.691,-0.3467,3.0743,-1.6456,2.6075
2020,derek-redd,-2.6547,40.1315,-32.4346,53.2118,-31.0756,51.6345,-0.2513,3.1762,-1.5071,2.5132
2020,don-williams,-1.9455,39.1143,-33.2388,54.5367,-31.8727,52.998,-0.4228,3.6926,-1.6499,3.1939
2020,dylan-sinn,-4.6488,61.5267,-35.9015,78.7038,-34.7202,77.7305,-0.4005,3.4993,-1.6531,2.7411
2020,eric-boynton,-0.4992,19.6545,-30.9605,47.3035,-29.7187,44.9576,-0.0894,1.932,-1.5507,1.949
2020,eric-hansen,-1.458,32.9544,-32.4932,52.5685,-31.1402,50.3669,-0.2719,2.8798,-1.5936,2.5322
2020,ferd-lewis,-0.4192,14.436,-30.9997,46.972,-29.605,44.2965,-0.092,1.4807,-1.5692,1.7565
2020,garland-gillen,-1.5099,33.7131,-33.0457,57.6685,-31.967,56.9502,-0.2293,2.267,-1.6244,2.2484
2020,gentry-estes,-1.465,27.9524,-31.8439,49.5407,-30.5846,48.1358,-0.1418,2.2705,-1.6033,2.066
2020,james-kratch,-1.4735,51.4747,-32.9335,59.2267,-32.0938,59.878,-0.1745,3.0962,-1.5843,2.6876
2020,jerry-dipaola,-1.231,26.2359,-31.9256,50.6615,-30.7521,49.6781,-0.2311,2.5411,-1.6055,2.3631
2020,john-bednarowski,-1.2998,33.8929,-32.3343,52.0182,-31.2862,51.8544,-0.173,2.641,-1.5961,2.3699
2020,john-clay,-0.8594,26.7927,-31.474,50.086,-30.2502,48.1791,-0.0873,2.3062,-1.5338,2.0672
2020,jon-johnson,-0.5899,20.6206,-31.0529,47.5678,-29.8677,46.0573,-0.0896,1.9861,-1.5459,2.0331
2020,jon-wilner,-6.4151,44.1783,-38.4252,61.1609,-37.3973,60.6013,-0.9857,3.7122,-2.1183,3.0725
2020,jonas-pope,-2.4355,19.5674,-32.7875,47.7408,-31.4695,45.5708,-0.3955,2.2241,-1.7719,2.0689
2020,josh-furlong,-0.5939,23.5011,-31.4024,49.0763,-30.2895,48.2515,-0.1496,2.0538,-1.5613,1.9694
2020,kirk-bohls,-7.5191,42.5912,-37.9513,56.2129,-37.2926,57.0725,-0.9458,3.7403,-2.1496,3.0865
2020,lauren-brownlow,-1.5405,33.5109,-32.4428,50.9599,-31.4134,50.2484,-0.2993,3.0096,-1.6255,2.5737
2020,madison-blevins,-0.7254,16.8353,-31.1885,47.1576,-29.9132,44.9806,-0.125,1.5996,-1.5879,1.7336
2020,marc-weiszer,-0.9218,18.6371,-31.2834,48.2241,-30.004,46.547,-0.2024,1.9099,-1.5976,2.0239
2020,matt-baker,-0.8783,32.9003,-31.7262,50.5387,-30.7558,50.6935,-0.1651,2.8947,-1.5532,2.504
2020,matt-brown,-0.8409,32.2811,-32.1485,52.5843,-31.26,52.8516,-0.2057,2.5819,-1.5866,2.3379
2020,michael-lev,-2.2592,35.0823,-33.3774,51.7872,-32.4549,51.5972,-0.4882,3.3771,-1.7844,2.8513
2020,michael-vega,-6.3345,37.0503,-39.9052,61.9653,-39.2767,64.7947,-0.84,2.5443,-2.2638,2.6367
2020,nate-mink,-0.9908,29.8498,-31.9162,50.1088,-30.729,48.894,-0.2624,2.8979,-1.6027,2.4106
2020,nathan-baird,-4.3758,49.4089,-32.9766,57.8139,-31.9161,58.0028,-0.5236,3.5643,-1.6129,2.7404
2020,neill-ostrout,-2.1926,36.0868,-32.2257,53.5013,-30.9614,51.2201,-0.2047,2.9038,-1.5722,2.4835
2020,norm-wood,-0.6006,15.9646,-31.1513,47.2295,-29.7944,44.5305,-0.1085,1.4852,-1.5766,1.8196
2020,parrish-alford,-2.074,28.7122,-32.3523,49.4445,-31.1957,48.0193,-0.3546,2.7403,-1.6782,2.2796
2020,pat-dooley,-1.8695,38.2524,-32.3437,53.3096,-31.4131,53.1764,-0.2659,2.6524,-1.6374,2.3085
2020,pete-martini,-2.0124,28.9439,-31.3949,49.5374,-30.0584,47.3321,-0.2948,2.9815,-1.5265,2.3158
2020,rece-davis,-1.6962,33.1826,-32.9096,53.6342,-31.5899,51.9175,-0.227,2.5089,-1.6476,2.3383
2020,rob-long,-7.8275,37.692,-37.5384,55.6725,-36.4397,53.5789,-1.0713,3.7122,-2.1024,2.8834
2020,robert-cessna,-0.863,20.3738,-31.5426,48.0026,-30.2062,45.761,-0.2024,2.0319,-1.617,2.0186
2020,ron-counts,-2.1258,30.9951,-33.3853,52.2777,-32.0716,50.3177,-0.3135,2.6451,-1.7357,2.4062
2020,ryan-aber,-6.4332,28.7048,-36.5434,50.2078,-35.3477,48.004,-0.941,3.1718,-2.1413,2.7574
2020,ryan-pritt,-0.8667,29.6494,-32.7633,51.146,-31.8589,49.9544,-0.1289,2.7494,-1.7294,2.5469
2020,sam-mckewon,-2.5023,52.2002,-34.261,61.8937,-33.4266,62.581,-0.3214,3.8285,-1.6139,3.2115
2020,soren-petro,-1.1479,35.8155,-32.0745,51.8638,-30.8953,51.3921,-0.2965,3.4914,-1.5972,2.9982
2020,steve-batterson,-1.503,26.6452,-31.4908,48.5611,-30.3732,47.4879,-0.1816,2.2925,-1.5879,1.9892
2020,steve-virgen,-0.6771,22.7169,-31.3557,48.2624,-30.1205,47.1474,-0.0909,1.6356,-1.5882,1.6781
2020,steve-wiseman,0.0029,24.8872,-33.5296,54.8875,-31.4975,47.9794,-0.08,2.4819,-1.6517,2.234
2020,theo-lawson,-1.4623,30.1233,-31.9181,49.5934,-30.6291,47.8139,-0.346,3.1182,-1.6312,2.5686
2020,tom-dangelo,-1.1931,22.7799,-31.7072,48.0928,-30.2983,45.7237,-0.2542,2.2708,-1.6151,1.9831
2020,tom-green,-4.0724,42.907,-35.5854,59.4803,-34.5066,59.0317,-0.6407,3.3085,-1.899,3.0733
2020,tom-murphy,-1.3819,27.009,-31.2771,47.9879,-30.0998,46.8776,-0.2358,2.5629,-1.5831,2.1809
2020,trevor-hass,-0.863,16.7896,-30.8241,46.6299,-29.5394,44.2463,-0.2,2.0323,-1.584,2.0064
2021,aaron-mcmann,-0.813,29.0921,-32.9195,52.2132,-31.7996,51.348,-0.1825,2.1012,-1.6635,2.0087
2021,adam-grosbard,-0.794,20.5349,-31.7443,47.9643,-30.4742,46.2322,-0.1475,2.3117,-1.6167,2.0676
2021,adam-zucker,-1.0973,29.0629,-33.0114,51.8933,-31.7796,50.9249,-0.2091,3.0821,-1.6749,2.6894
2021,andy-greder,-0.6599,21.933,-32.1291,48.4701,-30.8807,47.1461,-0.1407,2.325,-1.6449,2.0874
2021,ben-portnoy,-1.7386,40.229,-33.8344,56.7408,-32.6748,56.2884,-0.3534,3.122,-1.7084,2.7022
2021,bennett-conlin,-0.8316,26.0805,-32.8014,50.594,-31.2218,48.3047,-0.175,2.6131,-1.6248,2.5088
2021,blair-kerkhoff,-0.9811,20.0261,-32.1629,48.3179,-30.9095,46.5201,-0.2105,2.0289,-1.6832,1.8256
2021,brett-mcmurphy,-0.8192,31.2143,-32.8224,51.8519,-31.7046,51.4347,-0.2025,2.9856,-1.6486,2.5991
2021,brian-howell,-0.9174,26.848,-32.7221,51.8473,-31.5299,51.0665,-0.1825,2.4493,-1.6478,2.239
2021,bryce-miller,-0.7414,24.6467,-32.1849,49.6828,-30.9412,48.0205,-0.1178,2.51,-1.6277,2.2376
2021,cecil-hurt,-2.9966,36.1355,-34.3535,58.0415,-33.011,57.0848,-0.4327,2.591,-1.7229,2.2878
2021,chris-murray,-0.6412,24.2609,-32.3646,49.4964,-31.1472,48.3845,-0.1475,2.3301,-1.6581,2.208
2021,chuck-carlton,-0.8876,28.7384,-32.8612,54.3982,-31.8087,54.0871,-0.1725,2.3154,-1.67,2.0716
2021,colten-bartholomew,-1.458,29.8324,-32.7563,51.1651,-31.5168,50.1987,-0.3675,3.2285,-1.6865,2.6295
2021,damien-sordelett,-1.8362,31.6156,-32.3844,53.781,-31.7203,56.0845,-0.25,2.4897,-1.6769,2.1173
2021,darren-haynes,-1.0496,25.902,-32.4769,50.1085,-31.1347,48.3227,-0.1955,2.6631,-1.6523,2.3491
2021,dave-reardon,-1.6278,31.0077,-33.2313,51.5936,-31.815,50.0254,-0.3894,3.1111,-1.7603,2.7007
2021,david-briggs,-0.7948,21.3433,-32.4823,49.4921,-31.3264,48.6793,-0.1935,1.9204,-1.6905,1.8817
2021,david-jablonski,-2.3119,38.6074,-34.6397,56.8032,-33.3936,57.074,-0.3889,3.2763,-1.7597,2.8751
2021,don-williams,-2.3148,36.9984,-33.5962,54.4572,-32.616,53.8114,-0.43,3.7343,-1.7161,3.0602
2021,dylan-sinn,-2.1902,40.658,-34.6103,58.6452,-33.571,58.733,-0.2807,3.5728,-1.6904,3.1162
2021,eric-hansen,-2.0238,28.7695,-32.9137,51.1602,-31.905,50.8726,-0.3559,2.9191,-1.7144,2.5199
2021,ethan-joyce,-1.2405,28.2928,-33.4908,51.2099,-32.2642,50.2893,-0.2709,2.6668,-1.7311,2.4217
2021,garland-gillen,-0.8945,29.2016,-32.802,51.0216,-31.6178,49.9994,-0.2206,2.4621,-1.6806,2.2088
2021,gentry-estes,-1.1119,29.7334,-32.6267,51.9027,-31.5735,51.7005,-0.1925,2.4506,-1.6426,2.1322
2021,glenn-guilbeau,-2.1095,41.2187,-35.1285,59.5001,-32.787,56.461,-0.3867,3.6238,-1.6637,3.1981
2021,jack-ebling,-0.7592,40.7504,-33.906,56.7026,-32.9055,57.1335,-0.3075,2.911,-1.6816,2.6423
2021,james-kratch,-0.8797,32.2486,-33.4152,53.7209,-32.2256,52.8314,-0.188,2.7377,-1.6617,2.568
2021,john-clay,-1.0991,22.2942,-32.2949,48.7759,-30.9646,46.9779,-0.2206,2.1199,-1.6823,1.9476
2021,johnny-mcgonigal,-0.6775,26.9452,-32.2463,51.3062,-31.0819,51.1268,-0.0927,1.977,-1.6426,1.911
2021,jon-wilner,-2.3275,41.6701,-34.7432,59.5577,-33.6444,58.5757,-0.3813,3.6911,-1.7478,3.1324
2021,jonas-pope,-0.7387,26.7473,-32.5326,51.648,-31.2481,50.71,-0.1631,2.4358,-1.6514,2.1969
2021,jordan-hill,-1.2337,23.2823,-32.1227,48.8786,-30.966,47.5901,-0.265,2.7264,-1.6665,2.3928
2021,josh-furlong,-1.0374,17.6573,-31.9824,47.562,-30.801,46.238,-0.21,1.9952,-1.6751,1.872
2021,kellis-robinett,-1.457,31.4887,-33.5729,53.0131,-32.2803,51.8924,-0.2487,2.7756,-1.7047,2.4839
2021,kirk-bohls,-2.908,40.1051,-34.7854,56.3639,-33.6523,55.9951,-0.4862,3.5336,-1.8093,2.955
2021,lauren-brownlow,-1.558,25.8335,-33.2275,50.3281,-31.9087,49.0724,-0.3308,2.4627,-1.7501,2.1908
2021,leah-vann,-0.6043,30.0342,-32.7132,51.2393,-31.9165,51.5862,-0.1911,2.012,-1.7067,1.8404
2021,madison-blevins,-0.4348,18.2248,-31.6885,47.799,-30.3472,46.0962,-0.11,1.8979,-1.6292,1.8019
2021,marc-weiszer,-0.7992,18.5382,-32.0806,47.5218,-30.8095,45.6707,-0.1658,2.0736,-1.6677,1.8991
2021,matt-baker,-1.1403,34.3741,-33.1891,56.8085,-32.0227,55.7637,-0.1629,2.3895,-1.639,2.2708
2021,matt-brown,-0.8866,33.1056,-32.8967,54.6642,-31.645,53.2578,-0.1378,2.3847,-1.6628,2.2797
2021,matt-murschel,-0.7498,20.536,-31.9682,49.2032,-30.6793,47.8307,-0.1525,1.7326,-1.6583,1.7091
2021,michael-lev,-1.6329,44.9928,-34.7595,63.5585,-33.7041,64.2804,-0.1834,3.0436,-1.6691,2.6704
2021,mike-barber,-0.7322,24.3594,-32.1503,49.7153,-31.1309,49.137,-0.1875,2.4438,-1.6458,2.3079
2021,mike-vorel,-0.6441,21.5772,-31.9757,48.1327,-30.717,46.5827,-0.175,2.1496,-1.6417,2.0755
2021,nate-mink,-1.4278,39.3004,-34.5204,56.1659,-33.3613,55.4323,-0.3753,3.1112,-1.7473,2.6863
2021,nathan-baird,-2.2463,33.3567,-33.2563,54.5083,-32.314,54.5491,-0.4375,3.2554,-1.7005,2.7975
2021,neill-ostrout,-0.5747,27.097,-32.6928,50.4686,-31.5415,49.7051,-0.1629,2.3374,-1.6724,2.1596
2021,pete-martini,-1.0671,32.5421,-33.1593,54.1142,-31.9854,53.0901,-0.2075,2.6791,-1.6314,2.45
2021,rece-davis,-0.7678,22.8543,-32.4179,50.1068,-31.2164,49.3636,-0.18,2.5037,-1.6762,2.2433
2021,robbie-faulk,-0.9126,19.3719,-31.7058,47.461,-30.3589,45.6078,-0.2025,1.925,-1.6322,1.838
2021,robert-cessna,-0.8845,26.2303,-32.6486,50.6469,-31.3134,48.936,-0.208,2.219,-1.6559,2.0938
2021,ron-counts,-0.642,33.5624,-33.0622,53.3473,-31.7408,51.6904,-0.225,2.6996,-1.6746,2.3985
2021,ryan-aber,-0.7461,25.0899,-32.4161,50.4358,-31.1617,49.3591,-0.1028,2.4713,-1.6205,2.249
2021,ryan-pritt,-1.5633,33.3788,-34.1216,55.1886,-32.9902,55.1998,-0.2889,2.814,-1.7228,2.6011
2021,ryan-thorburn,-1.1777,26.6349,-32.757,49.9628,-31.4287,48.8716,-0.2161,2.8636,-1.7082,2.4186
2021,sam-mckewon,-2.3866,35.1525,-34.1035,55.2102,-33.1965,55.7259,-0.4318,3.6537,-1.7598,2.9934
2021,scott-richey,-1.133,23.7171,-32.5154,48.9042,-31.1805,47.4969,-0.2506,2.3813,-1.7004,2.1195
2021,steve-batterson,-1.0627,26.8572,-32.7022,51.1996,-31.3968,49.6955,-0.1683,2.1771,-1.6633,1.9649
2021,steve-virgen,-0.4881,21.3184,-32.3125,48.8554,-31.0725,47.5023,-0.1156,2.0951,-1.6573,1.9859
2021,tom-dangelo,-0.668,28.1532,-32.7259,51.8156,-31.4423,50.5216,-0.1654,2.6253,-1.6599,2.2959
2021,tom-murphy,-1.3163,28.4208,-32.8791,52.4319,-31.8322,52.2091,-0.2331,2.5742,-1.6663,2.237
2021,trevor-hass,-0.7679,20.5835,-31.9171,48.5804,-30.6183,46.9125,-0.1855,1.9376,-1.6333,1.8277
2021,zach-klein,-0.2636,25.0891,-32.2865,49.8802,-31.0261,48.4907,-0.1078,2.2091,-1.6325,2.1336
2022,aaron-mcmann,-1.1082,21.8748,-32.5353,50.8798,-31.54,50.2855,-0.2242,2.2423,-1.6904,2.0705
2022,adam-cole,-0.7504,28.6474,-32.5068,52.3237,-31.9643,51.1261,-0.092,2.3617,-1.7263,2.1627
2022,adam-grosbard,-1.2575,29.7748,-33.0066,53.6902,-32.2468,55.0172,-0.2607,2.3387,-1.7251,2.1087
2022,adam-zucker,-1.1394,29.4441,-33.0478,53.0471,-31.929,52.2398,-0.2469,2.6514,-1.7176,2.3747
2022,andy-greder,-1.1203,28.6412,-32.6231,52.1685,-31.7656,52.3621,-0.2725,2.7942,-1.6809,2.4934
2022,ben-portnoy,-1.4146,42.3061,-34.4389,59.6962,-33.6625,61.343,-0.3191,2.943,-1.736,2.5796
2022,bennett-durando,-0.8215,25.0144,-32.4634,52.4235,-30.3313,50.7635,-0.18,2.7148,-1.5003,2.75
2022,blair-kerkhoff,-1.0342,20.1762,-31.8977,50.856,-30.9535,50.3044,-0.1825,1.9593,-1.6321,2.0318
2022,bob-asmussen,-1.2948,38.0228,-33.2093,59.1327,-32.6072,61.6741,-0.165,2.413,-1.6691,2.1858
2022,brett-mcmurphy,-1.4926,46.1475,-34.7472,60.9953,-33.9125,62.0931,-0.272,2.9502,-1.7691,2.6362
2022,brian-fonseca,-1.1539,25.5389,-32.6465,51.5131,-31.5801,51.0355,-0.3008,2.8523,-1.7206,2.4957
2022,brian-howell,-0.7232,20.2339,-32.2281,50.4543,-31.133,49.5417,-0.1475,2.2757,-1.6678,2.1334
2022,bryce-miller,-2.5872,30.3012,-32.6893,52.5668,-30.1299,49.3056,-0.48,3.885,-1.4413,3.1037
2022,chris-murray,-0.8306,38.131,-33.3348,56.7723,-32.4517,57.1939,-0.185,3.0585,-1.6621,2.5824
2022,chuck-carlton,-0.1426,32.886,-32.6491,53.6269,-31.575,52.8377,-0.1325,2.1902,-1.6587,2.1153
2022,chuck-landon,-0.7371,20.4035,-32.3906,50.4777,-31.9992,50.837,-0.1653,2.4231,-1.7445,2.2425
2022,colten-bartholomew,-1.4221,29.0747,-32.8239,53.445,-31.8845,53.1281,-0.2556,3.1654,-1.657,2.6942
2022,damien-sordelett,-1.3827,25.5403,-33.2538,53.4537,-32.28,53.4421,-0.2393,2.3237,-1.7525,2.0704
2022,darren-haynes,-1.5524,35.3318,-33.037,57.0614,-31.985,56.1601,-0.2882,3.4092,-1.6434,2.6683
2022,dave-reardon,-1.2516,27.7855,-33.0282,53.4289,-32.0611,53.1661,-0.2456,2.6094,-1.7136,2.4327
2022,david-briggs,-0.7867,40.7393,-33.3639,56.5335,-32.4259,57.3561,-0.2625,2.6412,-1.6868,2.405
2022,david-jablonski,-1.2103,35.3987,-33.6529,54.5691,-32.8456,55.1257,-0.262,2.7205,-1.7672,2.29
2022,david-thompson,-0.6391,35.4516,-33.365,56.6839,-32.3643,56.624,-0.1754,2.5538,-1.6864,2.3221
2022,don-williams,-2.2889,37.0241,-34.0006,56.3944,-32.8412,55.9312,-0.5063,3.4349,-1.7959,2.8954
2022,dustin-dopirak,-1.5139,33.0628,-33.6875,58.3977,-32.6163,57.3406,-0.1636,2.755,-1.6217,2.4117
2022,garland-gillen,-1.2735,30.2704,-32.9742,55.5035,-32.0712,55.5289,-0.2125,2.2539,-1.6713,2.1464
2022,jack-ebling,-1.7636,40.5266,-34.3873,58.9418,-33.3238,58.8137,-0.3703,3.598,-1.7251,3.0177
2022,joe-giglio,-1.273,30.7543,-33.5889,55.9143,-32.5662,55.5789,-0.2588,2.8841,-1.6723,2.6118
2022,john-clay,-0.7704,24.4181,-32.5367,51.9385,-31.4521,51.1715,-0.1805,2.5662,-1.6829,2.2061
2022,john-pierson,-0.9758,20.6839,-32.41,50.8841,-31.3403,49.9865,-0.1725,2.0194,-1.6893,1.9707
2022,johnny-mcgonigal,-1.1365,33.6747,-33.3473,57.2076,-32.3286,57.463,-0.1533,2.0715,-1.6727,2.0588
2022,jon-wilner,-3.1599,55.3859,-35.6642,67.5294,-34.803,67.7307,-0.4598,4.2848,-1.7266,3.2506
2022,jonas-pope,-1.8081,49.2563,-36.2378,62.9709,-33.4515,59.5208,-0.6,3.7859,-1.631,3.6627
2022,josh-furlong,-0.9614,29.7271,-32.6399,52.7579,-31.7319,52.6571,-0.215,2.2184,-1.6913,2.0329
2022,kayla-anderson,-0.712,20.1115,-32.2798,50.7987,-31.2171,50.0096,-0.1429,2.0354,-1.6545,2.0031
2022,kellis-robinett,-1.9507,31.9154,-34.1569,56.1244,-33.1356,55.8294,-0.3435,2.7759,-1.7808,2.3613
2022,kirk-bohls,-1.7331,36.1049,-33.2483,56.1833,-32.1524,56.5528,-0.3317,3.4018,-1.7106,2.9355
2022,kirk-kenney,-0.6774,29.5113,-32.6501,53.4678,-31.6898,53.0531,-0.1733,3.1824,-1.6575,2.8305
2022,leah-vann,-1.3113,27.3845,-33.091,53.6383,-32.0071,53.0136,-0.2116,2.1357,-1.711,2.0496
2022,marc-weiszer,-0.9654,18.6006,-32.1064,49.9891,-31.0282,49.35,-0.1925,2.4383,-1.672,2.1523
2022,matt-baker,-0.3733,34.1939,-32.9873,54.8436,-32.0344,55.1303,-0.1859,2.4629,-1.6791,2.2916
2022,matt-brown,-1.063,31.6429,-33.1673,54.5828,-32.048,53.7545,-0.2175,2.6377,-1.6937,2.3717
2022,matt-murschel,-0.5942,19.926,-31.7166,49.9901,-30.6352,49.0422,-0.085,1.9228,-1.6222,1.8929
2022,michael-lev,-1.2562,33.8325,-33.4928,56.1748,-32.584,56.483,-0.2231,2.6596,-1.7094,2.4163
2022,mike-barber,-1.292,27.9599,-32.8667,51.9112,-32.0297,51.9185,-0.2431,2.8139,-1.6903,2.4841
2022,mike-berardino,-1.3914,49.9116,-35.3263,64.1032,-34.2421,63.1673,-0.3894,3.8126,-1.7486,3.2907
2022,mike-vorel,-1.3508,20.0514,-32.2269,49.5219,-31.3734,49.1661,-0.2975,2.1402,-1.7139,1.8998
2022,nate-mink,-1.0071,33.8612,-32.7837,54.7035,-31.5943,54.4892,-0.2725,3.3311,-1.6498,2.9163
2022,nathan-baird,-3.5086,54.5765,-36.3622,64.639,-35.7025,65.9608,-0.6168,3.8367,-1.8601,3.243
2022,nick-kelly,-0.8547,25.6702,-32.2996,52.8773,-31.2944,52.3993,-0.0925,1.6449,-1.6554,1.7584
2022,pete-martini,-1.0187,18.6647,-32.1956,50.0107,-31.052,49.0039,-0.2105,2.2873,-1.6634,2.0727
2022,rece-davis,-0.9527,34.9513,-33.077,54.6342,-32.1471,54.725,-0.2857,2.5546,-1.7098,2.2642
2022,rick-wright,-0.7094,35.6179,-32.9663,52.0744,-32.4253,53.893,-0.29,2.171,-1.8061,1.9214
2022,robbie-faulk,-0.4594,29.8349,-32.4837,52.2416,-31.3488,50.7417,-0.1704,2.0153,-1.6642,1.9057
2022,robert-cessna,-0.7128,18.7023,-32.2042,49.7697,-31.0973,48.8525,-0.1679,2.0654,-1.6811,1.9931
2022,ron-counts,-1.2865,34.9117,-33.8561,55.1946,-32.7446,54.0723,-0.3367,2.9204,-1.7859,2.5502
2022,ryan-aber,-0.7968,31.9688,-32.8516,54.3729,-32.0306,54.722,-0.1704,2.4691,-1.6506,2.2037
2022,ryan-pritt,-5.3358,56.6873,-35.5034,66.6084,-34.5723,71.2078,-0.7067,4.7903,-1.5855,3.6007
2022,ryan-thorburn,-1.1354,24.2062,-32.8039,51.6812,-31.6024,50.0379,-0.2091,1.9985,-1.7282,1.8874
2022,sam-mckewon,-1.3064,43.1887,-34.3032,59.4123,-33.4563,60.3892,-0.3342,3.4197,-1.7236,2.9434
2022,stephen-hargis,-1.1882,26.3237,-32.8504,52.833,-31.7929,52.1071,-0.2475,2.6719,-1.7007,2.3932
2022,stephen-wagner,-0.5556,45.0595,-33.6537,60.7915,-33.5285,60.8182,-0.2133,1.9784,-1.7136,1.8203
2022,steve-batterson,-0.7155,35.9876,-33.2585,59.2334,-32.0691,56.974,-0.2025,2.1756,-1.6559,2.0925
2022,steve-virgen,-1.5496,34.116,-34.4561,59.2978,-32.7954,59.4444,-0.2416,2.35,-1.6594,2.2562
2022,steve-wiseman,-0.2437,23.7414,-32.2952,51.0744,-31.3735,50.6881,-0.12,2.1764,-1.6799,2.0477
2022,tom-dangelo,-1.0544,23.7062,-32.4436,50.5057,-31.5244,50.4086,-0.25,2.4212,-1.6965,2.1252
2022,tom-murphy,-0.9821,24.589,-32.5905,51.198,-31.6178,50.7692,-0.24,2.4325,-1.695,2.1711
2022,trevor-hass,-0.6447,18.8554,-32.0432,50.485,-31.0205,49.4294,-0.1303,1.9957,-1.654,1.879
2022,zach-klein,-1.0789,22.4971,-32.833,51.6275,-31.7909,51.0373,-0.218,2.2817,-1.7072,2.1199
2022,zach-osterman,-0.6677,17.5979,-31.4845,44.8587,-30.6179,44.1054,-0.1694,2.007,-1.747,1.7472
2023,adam-cole,-0.8411,25.685,-33.2849,53.7199,-31.7672,49.3355,-0.2136,2.2122,-1.7602,1.9996
2023,adam-zucker,-0.4428,26.6393,-33.1281,54.189,-31.6167,50.0455,-0.1332,2.3021,-1.7273,2.1044
2023,amie-just,-0.3803,25.1264,-32.8983,56.3766,-31.3829,51.6275,-0.0975,1.7162,-1.6999,1.714
2023,audrey-dahlgren,-2.1256,32.1829,-33.4919,55.7158,-32.3405,54.8945,-0.12,2.8186,-1.5602,2.8052
2023,blair-kerkhoff,-0.4459,13.1056,-31.8453,48.9018,-30.1979,43.5649,-0.0925,1.3797,-1.6941,1.3933
2023,bob-asmussen,-0.3242,23.1714,-32.7538,52.6653,-31.2458,48.4946,-0.0825,2.2724,-1.6993,2.0232
2023,brett-mcmurphy,-1.8712,59.9133,-37.3487,78.7977,-36.6055,79.6104,-0.2242,2.7566,-1.7789,2.4601
2023,brian-fonseca,-0.6625,23.2072,-32.6851,51.6598,-30.9725,46.5889,-0.15,2.3983,-1.7154,2.1443
2023,brian-howell,-0.8122,21.8727,-32.7823,51.4161,-31.1491,46.9165,-0.1554,2.2057,-1.7282,2.0197
2023,chad-leistikow,-0.9101,26.7997,-33.0654,54.2001,-31.7696,51.75,-0.1378,1.692,-1.7374,1.5616
2023,chris-murray,0.6654,41.2444,-33.8321,58.0113,-32.3965,55.521,-0.105,2.2173,-1.7138,2.1152
2023,chuck-landon,-0.8041,19.7209,-33.1888,50.906,-31.3724,45.3736,-0.1924,1.9063,-1.794,1.7912
2023,colten-bartholomew,-0.7867,29.1013,-33.245,57.9544,-31.6282,53.1079,-0.17,2.5362,-1.6883,2.1685
2023,creg-stephenson,-0.9621,25.3143,-33.5569,55.3351,-31.7976,50.4117,-0.2273,2.2386,-1.7738,1.9181
2023,dave-preston,-0.4316,33.3545,-33.9782,58.0459,-32.5078,54.2873,-0.1658,2.124,-1.7475,1.9544
2023,dave-reardon,-1.2433,39.4707,-35.5342,66.6771,-34.0846,62.8697,-0.243,2.3123,-1.8267,2.0626
2023,david-briggs,-0.803,25.3661,-33.3015,54.9131,-31.7232,50.2315,-0.1784,2.1612,-1.7601,1.9728
2023,david-jablonski,-2.5052,52.2308,-37.4759,75.1808,-36.192,72.7752,-0.2864,2.6321,-1.8608,2.306
2023,don-williams,-0.4207,46.7766,-35.2538,61.3873,-33.6286,57.2552,-0.4137,2.527,-1.8119,2.1744
2023,emily-adams,-0.9412,24.9785,-32.807,53.4287,-31.3522,50.127,-0.1604,2.1616,-1.6956,1.9615
2023,emily-leiker,-0.8108,27.743,-33.1088,54.3886,-31.4072,49.4823,-0.1554,2.1375,-1.6921,1.9735
2023,garland-gillen,-0.7125,29.1057,-33.4437,57.9978,-32.0366,54.4541,-0.1525,2.1449,-1.7385,2.0002
2023,greg-madia,-1.242,24.7711,-33.6049,52.4975,-31.8743,47.8246,-0.25,2.2094,-1.7869,2.0334
2023,jack-ebling,-0.713,15.5205,-31.7722,48.9243,-30.7231,44.563,-0.16,2.0531,-1.7232,1.82
2023,james-williams,-0.6099,23.3573,-32.7133,52.3819,-31.1044,47.9452,-0.1278,2.2687,-1.6877,2.0627
2023,jared-macdonald,-0.7363,24.6595,-32.1291,49.89,-31.0856,48.2116,-0.24,2.4028,-1.558,2.0296
2023,john-clay,-0.7724,20.1269,-32.4304,50.6699,-30.8478,46.2039,-0.1429,1.9561,-1.7141,1.7219
2023,john-pierson,-0.6843,22.108,-32.4633,51.8117,-30.9698,47.7935,-0.135,1.601,-1.7144,1.5693
2023,johnny-mcgonigal,-0.5962,25.7752,-33.0604,53.2575,-31.779,50.5865,-0.1461,1.5155,-1.7432,1.4856
2023,jon-wilner,-0.3429,43.594,-35.4366,60.1087,-34.1597,58.0461,-0.1883,2.8821,-1.7926,2.534
2023,jordan-crammer,-0.2587,23.9205,-32.7714,52.328,-31.2701,48.1497,-0.1053,1.996,-1.7075,1.9246
2023,jordan-guskey,-1.3522,35.7032,-34.2866,57.9,-32.9106,55.2915,-0.1814,2.1817,-1.7459,1.9376
2023,josh-furlong,-1.957,41.1737,-34.0155,64.8233,-33.0666,66.4592,-0.1231,1.9956,-1.7007,1.742
2023,kate-rogerson,-0.3649,15.7236,-32.0034,49.4998,-30.3059,44.2432,-0.0975,1.6703,-1.6917,1.5968
2023,kayla-anderson,-0.4436,16.2448,-32.3668,50.7096,-30.5756,44.7358,-0.0642,1.5692,-1.6985,1.6017
2023,kirk-bohls,-1.1774,55.6732,-35.7629,73.2884,-34.609,72.4975,-0.1608,2.7843,-1.7172,2.3921
2023,kirk-kenney,-1.3942,37.4384,-34.8895,62.7719,-33.3012,58.8476,-0.1332,2.4963,-1.7096,2.2468
2023,marc-weiszer,-0.5738,21.3209,-32.5837,52.3725,-31.1259,48.0023,-0.1328,1.7877,-1.7283,1.6595
2023,matt-baker,-0.4964,60.5756,-36.7424,77.5177,-35.7845,77.118,-0.1788,2.2101,-1.7401,2.0051
2023,matt-brown,-1.0459,41.4651,-34.1565,61.4566,-33.0834,61.3424,-0.1529,2.2246,-1.7413,1.9689
2023,matt-murschel,-0.4806,16.8343,-32.1566,50.653,-30.5634,46.2085,-0.1,1.3637,-1.6899,1.4685
2023,michael-lev,-0.2372,43.5828,-33.9593,58.8691,-32.6083,57.0031,-0.1779,2.2852,-1.7489,2.04
2023,mike-barber,-1.2551,31.6795,-33.6691,56.7385,-32.3549,53.8422,-0.2155,2.6053,-1.7341,2.2214
2023,mike-berardino,-1.3172,25.2973,-33.3319,53.4436,-31.9339,50.0788,-0.2487,2.3219,-1.7464,1.9608
2023,mike-niziolek,-0.4961,32.7923,-33.4262,53.8112,-31.7452,49.285,-0.2312,2.7784,-1.7647,2.3385
2023,mike-vorel,-0.639,18.0828,-32.542,50.6784,-30.9559,46.221,-0.1407,1.7802,-1.7322,1.681
2023,pete-martini,-0.7955,20.8246,-33.5508,53.0077,-31.45,47.0843,-0.1905,2.1643,-1.7597,2.0355
2023,randy-johnson,-1.3484,38.0317,-34.4192,60.5094,-33.4222,60.6695,-0.2298,2.2059,-1.8025,2.0178
2023,rece-davis,-1.6858,48.7258,-35.4461,69.3127,-34.3389,68.7403,-0.1486,2.1732,-1.7486,1.9412
2023,robert-cessna,0.5882,48.2215,-35.2719,69.1961,-33.6577,64.3469,-0.1003,1.9375,-1.6967,1.8551
2023,ron-counts,-2.5551,33.2676,-34.5301,59.3637,-33.288,57.2698,-0.379,2.8434,-1.8217,2.3855
2023,ryan-aber,-0.1705,27.4619,-32.8828,53.414,-31.3043,49.611,-0.12,2.0213,-1.6914,1.9592
2023,ryan-thorburn,-1.2211,27.6562,-33.6912,57.94,-32.0952,53.2132,-0.2832,2.1472,-1.795,1.8979
2023,scott-rabalais,-0.9617,45.7974,-34.1552,64.7844,-33.2467,65.5372,-0.08,1.669,-1.6823,1.7004
2023,scott-springer,-0.9964,26.1706,-33.1804,53.4654,-31.5132,48.8928,-0.2581,2.461,-1.7471,2.1999
2023,sean-reider,-0.7815,25.5687,-33.032,52.7656,-31.5544,49.2355,-0.1679,2.0186,-1.756,1.8146
2023,stefan-krajisnik,-1.1493,44.695,-34.4167,64.6885,-33.1911,64.3069,-0.1332,2.0754,-1.7424,1.9409
2023,stephen-hargis,-1.4475,29.1164,-33.7146,54.3628,-32.1011,50.1555,-0.2437,2.4889,-1.7462,2.2095
2023,steve-wiseman,-0.5035,19.4049,-32.2836,51.155,-30.6125,46.005,-0.0625,1.9463,-1.6751,1.8362
2023,steven-johnson,-1.5077,36.8995,-34.3006,58.3717,-33.094,57.2503,-0.2778,2.1952,-1.7877,1.9127
2023,tom-dangelo,-0.8532,25.9921,-32.9449,53.1532,-31.4348,49.5062,-0.165,2.0502,-1.7196,1.8641
2023,tom-murphy,-0.5988,27.3107,-33.1316,55.0097,-31.5592,50.6574,-0.165,2.2113,-1.7315,1.9609
2023,tony-garcia,-1.2008,20.1006,-32.4997,50.2644,-30.9336,46.0091,-0.218,1.9087,-1.7488,1.623
2023,trevor-hass,-0.4194,15.7065,-32.0636,49.7676,-30.3767,44.3742,-0.12,1.492,-1.6973,1.562
2023,zach-klein,-0.3742,18.618,-32.2229,50.9426,-30.6898,46.5844,-0.0925,1.6959,-1.6909,1.6874
2024,aaron-mcmann,-0.6211,24.9744,-32.7284,52.1461,-31.9032,49.7148,-0.16,1.9935,-1.6484,1.9736
2024,adam-cole,-1.7965,24.5532,-33.1183,52.3512,-31.8757,47.4819,-0.392,2.7146,-1.7009,2.4938
2024,adam-zucker,-1.4897,35.3798,-34.5497,55.7184,-33.7716,52.3192,-0.4032,2.55,-1.7976,2.0749
2024,alex-taylor,-0.5969,13.2725,-31.7465,49.054,-30.6312,43.7648,-0.136,1.7008,-1.5882,1.6968
2024,amie-just,-0.347,18.221,-32.3747,50.1871,-31.1766,45.2451,-0.08,1.8691,-1.6388,1.8976
2024,andy-yamashita,-1.7401,20.5422,-33.3325,51.1636,-32.1718,45.868,-0.3468,2.3686,-1.745,2.0602
2024,bill-oram,-0.5232,14.5858,-32.0219,50.6398,-30.6679,44.2932,-0.0933,1.8466,-1.6123,2.0199
2024,blair-kerkhoff,-0.0978,18.9171,-32.1002,50.3403,-31.2679,47.2987,-0.032,1.4753,-1.6141,1.6615
2024,bob-asmussen,-1.5,42.8125,-34.811,69.0139,-34.5538,71.0427,-0.096,1.72,-1.6342,1.8168
2024,bob-ballou,-1.0997,47.635,-35.7762,63.8568,-35.4656,63.5001,-0.216,3.0942,-1.6386,2.7803
2024,brenna-greene,-0.3244,16.3954,-32.2247,50.1141,-30.9734,44.8511,-0.104,1.9295,-1.6159,1.9121
2024,brett-mcmurphy,-1.1624,45.3617,-35.4768,66.5201,-34.6332,64.1885,-0.1452,3.1175,-1.6753,2.7407
2024,brian-fonseca,-1.3312,35.5304,-34.3177,57.9508,-33.7424,57.1808,-0.248,2.7169,-1.7319,2.4633
2024,brian-howell,-1.4002,27.9235,-33.6379,51.8049,-33.0141,48.7331,-0.2929,3.1372,-1.7324,2.6777
2024,chip-towers,-2.9316,38.6007,-34.6721,56.3938,-34.5056,55.8953,-0.696,3.1449,-1.8287,2.4731
2024,chris-murray,-0.9877,44.1331,-35.958,64.4584,-34.4987,60.5296,-0.192,3.4958,-1.6998,3.2694
2024,cody-nespor,-1.9878,36.0217,-35.2931,57.2084,-34.4189,54.2732,-0.3535,3.2145,-1.7998,2.9349
2024,creg-stephenson,-1.4974,26.2542,-34.0507,53.0977,-32.8918,49.2289,-0.2358,2.1197,-1.7417,2.0159
2024,damien-sordelett,-2.7424,48.7223,-36.9607,71.4158,-36.7291,73.6753,-0.4098,2.6309,-1.8023,2.1505
2024,dave-preston,-2.8452,44.4483,-36.176,59.776,-35.5711,59.3204,-0.4918,3.8165,-1.8384,3.1042
2024,david-briggs,-2.3511,29.036,-33.0366,53.1559,-32.2123,51.1398,-0.352,3.3197,-1.6613,2.5762
2024,david-jablonski,-4.149,40.9733,-36.6541,65.3207,-35.6584,62.137,-0.608,3.3091,-1.8161,2.7137
2024,david-paschall,-0.8557,19.1341,-32.9844,51.2305,-31.6703,45.556,-0.1613,2.0178,-1.6794,1.9014
2024,dylan-sinn,-3.2337,51.2586,-36.2488,68.0587,-36.1364,69.0517,-0.432,3.3609,-1.7566,2.8076
2024,emily-leiker,-1.3159,19.1343,-32.6404,50.2116,-31.5802,45.8799,-0.312,2.1077,-1.6824,2.0295
2024,eric-hansen,-2.3928,40.017,-34.8575,56.8444,-33.8292,53.2958,-0.512,3.1766,-1.7769,2.7046
2024,garland-gillen,-0.6761,27.1147,-33.1337,52.7044,-32.0778,48.6246,-0.104,2.915,-1.6622,2.478
2024,greg-madia,-2.2519,34.6569,-33.9695,54.8851,-32.9574,51.0592,-0.384,3.6185,-1.7175,2.9319
2024,henry-greenstein,-1.2486,30.4394,-33.4397,55.825,-32.8676,54.4194,-0.208,2.5568,-1.6566,2.1588
2024,ian-kress,-0.5847,17.9332,-32.4845,50.3743,-31.3954,45.3928,-0.112,1.7284,-1.6533,1.8257
2024,james-williams,-0.7565,18.7008,-32.6193,51.8812,-31.53,46.7033,-0.08,2.2898,-1.5501,2.4102
2024,joe-arruda,-1.0732,25.5542,-33.0978,53.0936,-31.9156,48.6744,-0.16,2.1114,-1.6389,2.0785
2024,john-clay,-0.6959,28.3032,-33.4122,54.5726,-32.4947,51.5174,-0.208,2.0725,-1.6761,2.0379
2024,john-steppe,-1.2244,20.699,-32.7507,50.7093,-31.6784,45.7931,-0.304,1.8932,-1.6646,1.9015
2024,johnny-mcgonigal,-0.9641,15.2081,-32.3643,49.5417,-31.2197,44.2689,-0.216,1.5943,-1.6764,1.742
2024,jon-wilner,-5.4838,58.6448,-37.6686,68.9931,-37.191,67.3269,-0.904,4.9618,-1.8576,3.9292
2024,jordan-crammer,-1.2789,24.9304,-32.8075,53.6406,-32.0578,51.6601,-0.256,2.0077,-1.6482,1.9717
2024,jordan-mcpherson,-0.9842,24.963,-33.1565,51.8972,-32.2381,49.1801,-0.1774,2.3618,-1.6858,2.1224
2024,josh-furlong,-0.6611,27.0199,-33.4395,52.3202,-32.3888,47.7506,-0.187,2.6468,-1.6747,2.4072
2024,karley-marotta,-0.8371,20.4125,-32.3705,50.4285,-31.4471,47.7216,-0.184,1.9024,-1.6671,1.913
2024,kate-rogerson,-0.6747,26.6273,-32.9745,54.9369,-32.1863,53.3717,-0.144,1.7676,-1.6344,1.8655
2024,kayla-anderson,-0.4468,14.6738,-32.249,49.5915,-30.9916,43.9617,-0.096,1.5884,-1.6488,1.6717
2024,kirk-bohls,-2.664,37.7782,-36.1358,63.0084,-34.8857,58.5556,-0.4274,2.592,-1.7679,2.2944
2024,kirk-kenney,-2.9986,51.3897,-36.5094,72.1029,-36.5832,74.3708,-0.408,3.019,-1.7104,2.65
2024,koki-riley,-2.4535,64.2643,-39.1741,80.3715,-39.2235,82.8391,-0.2623,3.5971,-1.7128,3.0375
2024,louis-fernandez-jr,-1.4773,9.9983,-32.0653,50.2158,-29.5121,43.4803,-0.28,1.3392,-1.7076,1.6091
2024,mason-young,-0.7169,37.0332,-33.7963,56.3673,-33.4282,55.5799,-0.288,2.7114,-1.6778,2.3825
2024,matt-baker,-0.7093,30.3419,-33.396,55.9648,-32.5797,54.5798,-0.2016,2.4461,-1.6731,2.2154
2024,matt-brown,-1.2408,40.3119,-34.7891,58.7861,-33.9242,55.8019,-0.376,2.9883,-1.7289,2.6226
2024,matt-murschel,-0.5979,23.4944,-32.6463,51.6463,-31.882,49.3028,-0.144,1.9498,-1.6649,1.9278
2024,michael-katz,-0.314,19.0905,-32.2972,50.6284,-31.3727,47.5552,-0.072,1.1652,-1.6397,1.5882
2024,michael-lev,-2.7778,37.94,-34.9061,61.8331,-34.1078,60.8747,-0.4435,3.1034,-1.7499,2.4091
2024,mike-hill,-0.5938,26.6241,-33.9266,54.7562,-33.1585,53.2378,-0.1138,2.1849,-1.7363,2.1986
2024,pete-yanity,-0.5487,37.8189,-34.114,57.2868,-33.4937,56.7869,-0.25,2.3672,-1.6733,2.2616
2024,randy-johnson,-5.9775,75.4293,-39.7035,90.1587,-38.4594,87.0775,-0.336,3.27,-1.6572,2.9311
2024,rece-davis,-2.5131,33.3614,-34.8292,55.6154,-33.8683,51.3556,-0.544,2.9252,-1.8003,2.7091
2024,robert-cessna,-0.0057,39.847,-33.6635,57.4855,-33.4698,57.4021,-0.24,2.3958,-1.6759,2.3971
2024,ron-counts,-2.8205,34.0437,-34.7257,60.8812,-34.1586,60.2729,-0.6,2.2174,-1.7626,1.9062
2024,sean-reider,-1.5997,17.9106,-33.2082,49.6899,-32.0207,44.6205,-0.3333,2.2604,-1.76,1.9384
2024,shaun-goodwin,-0.4367,23.166,-33.4127,55.4261,-32.1766,49.9663,-0.0808,1.7995,-1.705,1.8098
2024,stephen-means,-0.933,36.0622,-34.9981,59.416,-33.7386,54.2211,-0.2016,3.1364,-1.7128,2.777
2024,steve-wiseman,-0.8932,30.3238,-33.3989,55.2757,-33.0066,54.1013,-0.12,2.2931,-1.6142,2.1928
2024,steven-johnson,-1.038,26.127,-33.5267,52.8424,-32.2553,47.879,-0.24,2.4508,-1.7227,2.3281
2024,tom-murphy,-1.29,19.2568,-32.8303,50.7645,-31.786,46.2239,-0.24,2.1418,-1.7029,2.1466
2024,trevor-hass,-0.3147,21.1216,-32.2413,50.8001,-31.5352,48.5032,-0.096,1.7754,-1.6311,1.8404
2024,zach-klein,-0.4687,23.7312,-32.6247,53.2235,-31.8423,50.7023,-0.096,1.7433,-1.64,1.8268
