season,team,bias1_mean,bias1_std,bias2_mean,bias2_std,bias3_mean,bias3_std,bias0_ap_mean,bias0_ap_std,bias0_mean_mean,bias0_mean_std
2014,air-force-falcons,-11.2958,9.3558,-0.952,8.9634,-3.5819,8.7656,-2.5,1.7867,-0.1429,1.9158
2014,alabama-crimson-tide,22.4052,73.4749,-90.2544,94.5975,-84.897,97.0768,0.6993,1.5171,-2.0,1.3859
2014,arizona-state-sun-devils,0.171,22.5566,-16.2942,23.1124,-15.0418,23.0715,0.2154,2.8796,-1.8255,2.7414
2014,arizona-wildcats,-2.462,31.4052,-18.7964,34.8252,-18.9358,34.5925,-0.0332,2.9358,-1.8496,2.7954
2014,arkansas-razorbacks,-18.6642,24.071,-3.0916,16.6065,-4.5631,16.6879,-3.4828,3.1805,-0.3696,2.7201
2014,auburn-tigers,-0.4209,44.328,-47.7234,63.0844,-44.7508,65.669,0.2543,2.024,-1.9714,1.911
2014,baylor-bears,-2.0695,35.0226,-36.871,41.9198,-34.7926,41.6694,0.0633,1.7015,-2.0,1.6669
2014,boise-state-broncos,-8.2766,20.3324,-9.1825,21.942,-11.3244,22.5706,-1.1522,2.5608,-1.1585,2.7154
2014,boston-college-eagles,-26.257,15.4709,-4.7018,13.5082,-6.3306,13.9266,-5.125,2.6424,-0.7915,2.6303
2014,byu-cougars,-10.0013,30.9618,-8.7172,29.3193,-12.1993,30.0097,-1.162,4.0228,-0.8544,3.7305
2014,cincinnati-bearcats,-15.4081,9.2871,-3.2219,8.7623,-2.8061,8.6832,-3.3333,1.8387,-0.6221,1.8924
2014,clemson-tigers,-5.149,19.5519,-10.2135,19.521,-12.9018,19.6398,-0.7366,2.924,-1.4835,2.6663
2014,colorado-state-rams,-6.5525,12.5281,-3.5704,13.5174,-3.7971,13.3739,-1.2275,2.329,-0.5667,2.4872
2014,duke-blue-devils,-10.3735,13.2041,-4.9841,13.0963,-6.7132,13.6058,-2.0642,2.2949,-0.8201,2.2006
2014,east-carolina-pirates,-2.5441,15.4541,-8.8124,15.2963,-9.02,15.4407,-0.3431,2.738,-1.3943,2.6136
2014,florida-gators,-21.1338,17.5269,-4.2804,15.422,-7.2897,15.6984,-4.1579,2.7044,-0.6072,2.7227
2014,florida-state-seminoles,27.2634,98.8675,-157.5484,110.0295,-138.5104,102.0991,0.3086,1.0651,-2.0002,0.9515
2014,georgia-bulldogs,-1.7101,43.194,-27.3409,54.7928,-26.1522,54.6496,0.286,2.552,-1.9879,2.4125
2014,georgia-tech-yellow-jackets,-0.5063,17.001,-14.7172,17.9033,-14.9276,17.8019,-0.1377,2.2426,-1.6524,2.0689
2014,iowa-hawkeyes,-19.715,19.215,-2.4227,17.8723,-3.2519,18.1137,-3.84,2.9252,-0.23,3.1107
2014,kansas-state-wildcats,-3.0478,23.2268,-16.9368,24.9471,-16.9,25.1378,-0.1548,2.7725,-1.6795,2.6419
2014,kentucky-wildcats,-17.973,17.5654,-2.2931,15.4509,-4.2187,15.6455,-3.6,2.7162,-0.2,2.7162
2014,louisville-cardinals,-8.0289,18.8872,-7.7171,17.9208,-10.1453,18.6078,-1.3795,2.7129,-1.2354,2.4565
2014,lsu-tigers,-9.6573,49.0237,-18.004,50.5854,-20.7998,53.4177,-0.7229,2.9399,-1.5804,2.7854
2014,marshall-thundering-herd,-6.7,17.3279,-4.6949,16.3635,-7.0277,17.1277,-1.1789,3.0629,-0.6348,2.7819
2014,maryland-terrapins,-13.0435,,-8.6957,,-8.6957,,-3.0,,-2.0,
2014,memphis-tigers,-8.7086,6.3617,-4.0141,5.9071,-3.9169,5.9641,-1.9649,1.3358,-0.8712,1.2788
2014,miami-fl-hurricanes,-23.9553,16.5273,-4.0192,13.1385,-4.0192,13.1385,-4.75,2.7538,-0.75,2.63
2014,michigan-state-spartans,4.9161,32.7528,-29.2965,36.0183,-26.3661,36.3618,0.6287,2.2953,-1.9999,2.2213
2014,michigan-wolverines,-19.8116,20.7054,-1.282,18.6729,-7.0912,20.9748,-3.8,3.1214,0.0887,3.2256
2014,minnesota-golden-gophers,-8.6146,10.7671,-4.9512,9.3524,-6.9993,9.82,-1.838,2.1591,-0.9655,1.8654
2014,mississippi-state-bulldogs,8.8898,52.0295,-92.6627,96.4968,-81.9522,87.1268,0.1083,2.2818,-1.9266,2.0028
2014,missouri-tigers,-6.1156,25.6964,-11.1574,24.1995,-12.0331,24.2547,-0.8156,3.1676,-1.3734,2.9098
2014,nebraska-cornhuskers,-5.3065,20.5859,-11.3992,19.5437,-11.4154,19.5409,-0.8287,3.1075,-1.537,2.8162
2014,north-carolina-tar-heels,-16.468,19.3621,-9.3108,16.8535,-13.6551,17.4198,-2.9823,3.0966,-1.5247,2.686
2014,north-dakota-state-bison,-13.0435,0.0,-8.6957,0.0,-8.6957,0.0,-3.0,0.0,-2.0,0.0
2014,northern-illinois-huskies,-9.29,6.3759,-0.8117,5.9548,-0.8117,5.9548,-2.1429,1.3452,-0.1429,1.3452
2014,northwestern-wildcats,-19.1667,15.3206,-0.4545,13.4993,-0.4545,13.4993,-4.0,2.8284,0.0,2.8284
2014,notre-dame-fighting-irish,5.6049,31.4256,-27.3541,34.2223,-22.7138,33.0708,0.6046,2.4979,-1.9046,2.3101
2014,ohio-state-buckeyes,0.1715,31.3919,-37.2697,56.688,-37.6049,56.4144,0.2905,2.5863,-1.832,2.4316
2014,oklahoma-sooners,-12.0705,57.2042,-45.1981,82.5887,-43.2879,80.2734,-0.2651,2.3623,-1.7854,2.2584
2014,oklahoma-state-cowboys,-9.5889,32.2737,-9.473,27.7165,-10.7263,28.1669,-1.3828,4.133,-0.9966,3.5687
2014,ole-miss-rebels,1.4011,32.223,-31.8923,43.7815,-29.444,43.8441,0.4575,2.3619,-1.9334,2.2755
2014,oregon-ducks,0.3444,60.6911,-86.7188,93.0932,-78.8145,85.3277,0.2275,1.6288,-2.0001,1.5232
2014,oregon-state-beavers,-24.565,11.9173,-10.1921,10.5422,-10.1921,10.5422,-5.0,2.0,-2.0,2.0
2014,penn-state-nittany-lions,-24.1814,25.5842,-5.9433,21.8752,-9.3856,22.7819,-4.4314,3.2203,-0.712,3.2144
2014,pittsburgh-panthers,-28.0843,17.296,-7.5265,13.944,-7.5265,13.944,-5.375,2.7742,-1.3125,2.6178
2014,rutgers-scarlet-knights,-12.9264,9.996,-3.9366,6.0438,-3.9366,6.0438,-2.8333,1.9408,-0.8333,1.3292
2014,south-carolina-gamecocks,-6.0115,30.1831,-17.2999,33.5211,-17.9329,33.4364,-0.5861,3.2575,-1.5057,2.9734
2014,stanford-cardinal,-5.6699,40.2605,-16.8582,42.3675,-17.6898,42.0975,-0.3709,2.9671,-1.6848,2.6748
2014,tcu-horned-frogs,-9.4637,42.9141,-42.4018,51.7871,-43.6197,52.6034,-0.4844,2.5892,-1.8551,2.2282
2014,tennessee-volunteers,-39.3581,21.6813,-12.5044,17.5825,-12.5044,17.5825,-7.0,2.9439,-2.0,2.9439
2014,texas-am-aggies,-19.8693,99.5947,-49.3433,128.9455,-50.4668,131.6433,-0.3326,2.9326,-1.7676,2.8264
2014,texas-longhorns,-21.1032,12.0676,-6.1691,10.2585,-7.0156,10.8366,-4.3265,2.1054,-1.166,2.0301
2014,texas-tech-red-raiders,-12.9733,7.4508,-5.8991,7.1466,-8.1835,7.0458,-2.9,1.4491,-1.275,1.4975
2014,ucf-knights,-31.4269,38.3416,-8.8955,31.0959,-12.2989,32.0209,-5.1579,3.9758,-0.8545,3.8172
2014,ucla-bruins,0.2973,34.5824,-20.3239,37.3753,-17.6867,36.4627,0.2244,2.9491,-1.7052,2.7668
2014,usc-trojans,-4.3365,21.2641,-12.2661,23.0639,-13.7055,23.4349,-0.5388,2.7607,-1.516,2.5456
2014,utah-state-aggies,-16.7749,7.8334,-5.5318,7.1041,-5.5318,7.1041,-3.6667,1.5275,-1.1667,1.5275
2014,utah-utes,-5.8916,16.6811,-8.8268,16.4699,-8.686,16.5097,-0.8913,2.7756,-1.3839,2.6867
2014,virginia-cavaliers,-13.2576,6.9639,-4.5455,6.4282,-4.5455,6.4282,-3.0,1.4142,-1.0,1.4142
2014,virginia-tech-hokies,-15.0354,30.111,-14.1697,29.4207,-10.2449,28.5696,-1.9861,4.1942,-1.5616,3.6445
2014,washington-huskies,-12.3843,10.378,-2.2237,10.158,-2.6179,10.3189,-2.6338,1.9216,-0.3709,2.0556
2014,west-virginia-mountaineers,-11.6495,23.0452,-7.6784,20.5718,-9.7944,21.545,-1.8284,3.5473,-1.0843,3.1766
2014,wisconsin-badgers,-3.4279,22.9174,-14.4795,24.2799,-13.9238,23.8106,-0.2468,2.8601,-1.7069,2.7992
2015,air-force-falcons,-9.6253,9.6182,1.1408,8.8446,1.1408,8.8446,-2.1429,1.8645,0.3571,1.8645
2015,alabama-crimson-tide,-2.3119,51.5217,-74.7569,81.1794,-73.6466,81.45,0.0066,1.6853,-2.0,1.5565
2015,appalachian-state-mountaineers,-10.8897,6.1051,-5.4883,4.287,-5.4883,4.287,-2.5,1.291,-1.25,0.9574
2015,arizona-state-sun-devils,-2.5066,25.0354,-12.0812,25.2341,-12.6031,24.7487,-0.4719,3.5197,-1.472,2.9039
2015,arizona-wildcats,-2.5863,20.6788,-9.7032,15.8246,-10.4862,16.1153,-0.4195,3.2916,-1.5196,2.577
2015,arkansas-razorbacks,-10.3346,32.589,-9.9582,31.2914,-11.4145,31.4439,-1.2692,4.5774,-0.887,4.0291
2015,auburn-tigers,-17.1304,68.5854,-45.709,80.65,-41.7035,76.8381,-0.812,4.3607,-1.815,4.1232
2015,baylor-bears,13.9899,70.882,-69.3443,100.4397,-57.1722,94.3996,0.6261,2.1316,-1.994,2.0633
2015,boise-state-broncos,-6.9421,14.9972,-6.2552,13.4761,-8.1426,14.3558,-1.255,2.7513,-1.0714,2.4297
2015,bowling-green-falcons,-20.496,21.2272,-6.6023,5.8439,-6.6023,5.8439,-4.0,3.6056,-1.3333,1.1547
2015,byu-cougars,-5.4138,16.9016,-6.8944,14.6307,-9.3535,15.196,-1.0403,3.0688,-1.1473,2.4688
2015,california-golden-bears,-5.9296,13.7047,-7.24,13.1717,-8.7141,13.4873,-1.078,2.4074,-1.2813,2.2544
2015,cincinnati-bearcats,-44.4444,,-11.1111,,-11.1111,,-8.0,,-2.0,
2015,clemson-tigers,6.9757,60.6442,-99.6931,100.2929,-87.5373,91.1361,0.1464,1.9191,-2.0,1.8988
2015,duke-blue-devils,-5.7036,11.1791,-6.7463,11.1831,-9.1082,11.4223,-1.0875,2.1672,-1.2633,2.1021
2015,florida-gators,-4.4073,40.7412,-23.3592,47.6963,-22.1856,49.6538,-0.1796,2.7538,-1.8013,2.597
2015,florida-state-seminoles,-0.6716,31.9015,-22.3899,34.6621,-20.6154,34.1115,0.3029,2.7219,-1.941,2.6374
2015,georgia-bulldogs,-5.1266,49.3384,-28.7797,54.6172,-23.9002,51.4417,-0.3876,3.0817,-1.7344,2.5984
2015,georgia-tech-yellow-jackets,-1.2335,23.5609,-14.7428,25.7252,-15.9011,26.6576,0.1564,2.9809,-1.7327,2.9873
2015,houston-cougars,-0.6678,20.1479,-13.6931,22.1508,-12.2809,21.286,-0.0662,2.5286,-1.6681,2.35
2015,iowa-hawkeyes,4.3855,28.378,-30.2529,33.1934,-29.4062,32.1849,0.2826,1.8675,-1.9344,1.7346
2015,kansas-state-wildcats,-12.7814,8.3728,-1.7781,7.1483,-3.2531,7.2769,-2.8333,1.6179,-0.3332,1.5211
2015,kentucky-wildcats,-8.5217,6.3947,-4.3478,6.1488,-4.3478,6.1488,-2.0,1.4142,-1.0,1.4142
2015,louisville-cardinals,-13.3799,7.299,-4.6584,6.7375,-4.6584,6.7375,-3.0,1.4142,-1.0,1.4142
2015,lsu-tigers,-13.8817,63.1186,-41.9945,85.2868,-42.3194,86.3256,-0.2203,2.4403,-1.849,2.3898
2015,memphis-tigers,-8.5595,19.3295,-11.0921,21.3898,-11.5528,21.3178,-1.3401,2.2671,-1.4319,2.2159
2015,miami-fl-hurricanes,-11.2287,8.7574,-0.9102,8.4079,-0.9102,8.4079,-2.5,1.7321,-0.125,1.8231
2015,michigan-state-spartans,-3.5682,60.0956,-60.0161,75.1575,-56.265,72.1106,-0.0404,1.8457,-1.9998,1.7103
2015,michigan-wolverines,-4.5919,24.4532,-17.24,26.265,-19.2717,27.1699,-0.2567,2.597,-1.9407,2.5214
2015,minnesota-golden-gophers,-17.8595,16.9523,-0.8661,15.0916,-0.8661,15.0916,-3.6,2.9665,-0.2,3.0332
2015,mississippi-state-bulldogs,-7.7313,14.4946,-4.5811,12.7499,-7.5239,12.8326,-1.5106,2.5841,-0.7559,2.3241
2015,missouri-tigers,-11.8199,13.6313,-6.7968,12.675,-6.7705,12.612,-2.2462,2.3953,-1.192,2.3126
2015,navy-midshipmen,-2.9773,15.7444,-10.1624,16.4324,-9.2478,16.4366,-0.3237,2.5297,-1.5484,2.4841
2015,north-carolina-state-wolfpack,-19.9769,11.9246,-2.277,13.7559,-1.6058,13.3295,-4.1429,2.1931,-0.4284,2.8395
2015,north-carolina-tar-heels,3.4515,20.3327,-17.1022,21.9868,-14.891,21.5513,0.5412,2.419,-1.7594,2.2895
2015,northwestern-wildcats,0.0361,23.6592,-12.3523,25.9405,-13.4074,25.9839,0.1185,2.7213,-1.5438,2.6018
2015,notre-dame-fighting-irish,1.3548,37.4239,-32.9534,45.1989,-31.1119,45.6149,0.3118,2.1943,-2.0,2.1014
2015,ohio-state-buckeyes,51.2091,148.1672,-150.3479,130.5789,-117.2888,112.0304,0.5683,1.6685,-2.0001,1.5208
2015,oklahoma-sooners,-4.8699,28.4479,-28.9663,35.9628,-29.5651,36.7958,-0.2225,2.2113,-1.9154,2.076
2015,oklahoma-state-cowboys,-0.4629,23.39,-20.6373,30.4035,-20.7796,29.9044,-0.1263,2.2339,-1.8022,2.102
2015,ole-miss-rebels,-7.2258,54.2828,-33.0233,84.9691,-33.7712,86.3785,-0.2165,2.6228,-1.7781,2.5907
2015,oregon-ducks,-5.8861,33.5396,-20.227,38.1323,-21.029,37.5962,-0.3232,3.0688,-1.7569,2.8824
2015,penn-state-nittany-lions,-16.1315,11.5867,-5.1803,10.7114,-7.1507,10.7537,-3.4286,2.1492,-1.0,2.1794
2015,pittsburgh-panthers,-6.7865,10.7176,-4.4469,9.1651,-5.7457,9.7818,-1.4082,2.1531,-0.8715,1.81
2015,san-diego-state-aztecs,-8.657,6.2995,-0.6302,6.2305,-1.7546,6.0119,-2.0,1.2748,-0.1091,1.3848
2015,south-florida-bulls,-12.5982,6.9511,-4.9766,6.4789,-4.9766,6.4789,-2.8333,1.472,-1.0833,1.4634
2015,stanford-cardinal,2.476,23.8302,-24.0953,27.0853,-24.0385,27.8147,0.0796,2.2211,-1.8614,2.1477
2015,tcu-horned-frogs,4.1797,79.4414,-65.4347,92.0325,-54.3853,85.3036,0.3508,2.2807,-2.0,2.1452
2015,temple-owls,-3.6869,10.8079,-5.4425,9.7959,-6.0301,9.8854,-0.7461,2.1687,-1.0282,1.9015
2015,tennessee-volunteers,-11.6617,17.3861,-4.0824,16.6411,-6.1597,16.5241,-2.1695,2.7775,-0.5411,2.7669
2015,texas-am-aggies,-19.0151,81.9966,-29.3872,94.7149,-34.2679,98.0492,-1.1076,3.1993,-1.6816,3.0086
2015,texas-tech-red-raiders,-13.4758,10.8401,-0.4177,9.6612,-0.198,9.7375,-2.8966,2.0761,0.0171,2.0425
2015,toledo-rockets,-3.0351,12.9733,-5.9364,12.2191,-6.1084,12.3427,-0.5947,2.4552,-1.0093,2.2166
2015,ucla-bruins,-2.1921,36.7791,-20.5338,45.9139,-21.0563,45.7948,0.1263,2.6854,-1.672,2.5443
2015,usc-trojans,-2.709,36.986,-19.1981,45.2063,-17.2254,41.8243,-0.3004,3.0353,-1.5156,2.6896
2015,utah-state-aggies,-7.3442,4.3138,-3.2156,4.1479,-3.2156,4.1479,-1.75,0.9574,-0.75,0.9574
2015,utah-utes,-14.7888,84.8659,-48.8058,122.6342,-41.8547,109.7636,-0.1002,2.763,-1.7912,2.6147
2015,virginia-tech-hokies,-17.0058,13.1271,-4.0768,11.2686,-4.6545,11.3071,-3.5385,2.3315,-0.7252,2.2326
2015,washington-state-cougars,-1.7714,12.5618,-7.4138,10.4567,-6.688,10.2492,-0.3622,2.4289,-1.3835,1.9198
2015,west-virginia-mountaineers,-13.9731,18.1446,-6.8097,16.1429,-6.598,16.4871,-2.5968,2.8369,-1.1077,2.7125
2015,western-kentucky-hilltoppers,-11.7945,8.2739,-2.804,7.2599,-2.9996,7.1593,-2.6237,1.6346,-0.5591,1.5512
2015,wisconsin-badgers,-6.139,14.0288,-7.0467,13.7592,-8.3665,13.8682,-1.1083,2.4607,-1.1959,2.3297
2016,air-force-falcons,-15.8553,13.7398,-2.3178,12.4666,-3.9154,12.4116,-3.2963,2.3174,-0.355,2.4387
2016,alabama-crimson-tide,12.0,47.8447,-190.0616,53.4804,-180.0171,51.841,0.12,0.4784,-1.9999,0.4239
2016,arizona-state-sun-devils,-16.5734,14.445,-5.6639,12.4656,-5.3919,12.3402,-3.3269,2.3155,-1.0126,2.2098
2016,arkansas-razorbacks,-5.6155,25.3845,-11.2452,24.2641,-11.6755,24.5603,-0.6596,3.5034,-1.412,3.173
2016,auburn-tigers,-3.8239,23.2705,-15.1447,23.4245,-15.9568,23.6517,-0.3846,3.0733,-1.7231,2.788
2016,baylor-bears,-3.7501,28.7374,-18.0219,27.6158,-16.7913,27.0479,-0.4146,3.4019,-1.669,3.0886
2016,boise-state-broncos,-6.6014,24.3139,-10.7107,23.0004,-11.4452,22.6046,-1.1002,3.5704,-1.3244,3.0677
2016,byu-cougars,-12.1871,4.0959,-6.5662,3.654,-6.5662,3.654,-2.8,0.8367,-1.5,0.7906
2016,california-golden-bears,-23.9344,24.4059,-2.6228,20.8879,-9.4589,21.7432,-4.4,3.534,-0.067,3.534
2016,central-michigan-chippewas,-10.9903,6.6871,-3.6575,6.078,-2.3901,6.2475,-2.5,1.4142,-0.7914,1.3679
2016,clemson-tigers,-0.3538,45.6356,-83.194,70.3727,-81.3961,69.7464,0.1251,1.2396,-2.0001,1.2118
2016,colorado-buffaloes,-2.1158,21.5634,-14.9078,21.887,-14.265,21.2884,-0.3462,2.9475,-1.5679,2.7072
2016,florida-gators,-3.062,27.245,-12.4878,23.5738,-11.7858,23.3654,-0.4143,3.779,-1.4671,3.2063
2016,florida-state-seminoles,-0.7099,41.8661,-33.7936,62.7057,-31.1524,60.5683,0.2674,2.9025,-1.8156,2.7568
2016,georgia-bulldogs,2.8198,36.9371,-16.8545,33.0453,-10.5161,31.4763,0.0515,4.3145,-1.5925,3.651
2016,georgia-tech-yellow-jackets,-9.6966,7.1803,-1.7816,6.6019,-3.3496,6.7811,-2.2069,1.4486,-0.3451,1.4253
2016,houston-cougars,-7.7496,35.3169,-28.7321,40.9679,-28.43,42.6948,-0.4433,3.203,-1.6345,2.7428
2016,indiana-hoosiers,-13.0435,,-8.6957,,-8.6957,,-3.0,,-2.0,
2016,iowa-hawkeyes,-3.0844,29.2433,-14.2772,30.1069,-14.1012,29.9994,-0.2256,3.8414,-1.57,3.5942
2016,kansas-state-wildcats,-16.568,12.905,-2.9491,11.5708,-2.9491,11.5708,-3.4583,2.2454,-0.4583,2.2454
2016,louisville-cardinals,1.4551,37.5647,-38.9905,55.1114,-37.0061,55.305,0.488,2.5926,-1.8627,2.4281
2016,lsu-tigers,-5.5116,35.4291,-16.8586,43.0105,-16.8111,41.9424,-0.4254,3.7638,-1.4148,3.4415
2016,maryland-terrapins,-11.2728,6.9068,-4.4056,6.5051,-6.9931,6.6412,-2.5556,1.424,-0.9556,1.424
2016,memphis-tigers,-13.2576,6.9639,-4.5455,6.4282,-4.5455,6.4282,-3.0,1.4142,-1.0,1.4142
2016,miami-fl-hurricanes,-4.6135,28.7389,-12.9915,24.9424,-14.9023,25.2763,-0.7555,3.99,-1.4212,3.2175
2016,michigan-state-spartans,3.2061,32.2742,-21.1917,34.6055,-17.7038,34.075,0.7181,3.3886,-1.7975,3.3527
2016,michigan-wolverines,6.7738,48.9816,-62.5574,68.0591,-54.8901,65.8367,0.3231,1.3516,-2.0001,1.2827
2016,minnesota-golden-gophers,-15.1944,19.6067,14.7222,17.3828,14.7222,17.3828,-3.0,3.3665,3.0,3.3665
2016,navy-midshipmen,-8.8259,18.0342,-4.9127,17.2051,-6.95,17.4017,-1.4909,2.9725,-0.6395,2.9272
2016,nebraska-cornhuskers,-1.4155,25.0493,-16.8514,23.7849,-14.5425,23.3124,-0.4057,3.032,-1.6714,2.7225
2016,north-carolina-state-wolfpack,-9.7121,6.0046,-1.2311,5.5959,-1.2311,5.5959,-2.25,1.2583,-0.25,1.2583
2016,north-carolina-tar-heels,-5.0789,23.379,-9.58,22.3633,-12.6143,22.7909,-0.739,3.4898,-1.2332,3.1295
2016,north-dakota-state-bison,-14.5367,15.4445,-0.6775,14.0493,-4.4783,14.893,-2.9722,2.4949,0.0857,2.5428
2016,northwestern-wildcats,-23.8095,,-9.5238,,-9.5238,,-5.0,,-2.0,
2016,notre-dame-fighting-irish,-11.3055,42.702,-20.8816,47.3858,-18.8844,45.7858,-0.7789,3.3371,-1.7757,3.2805
2016,ohio-state-buckeyes,5.9402,41.1082,-78.9437,59.2907,-72.2377,55.8374,0.2205,1.1345,-2.0,1.0574
2016,oklahoma-sooners,-1.9878,35.7481,-28.5154,47.6391,-27.0886,48.6971,-0.1618,3.0603,-1.7842,2.8287
2016,oklahoma-state-cowboys,-4.6245,28.2355,-14.6723,26.0254,-15.4603,25.9706,-0.6394,3.7026,-1.4573,3.2282
2016,ole-miss-rebels,-1.6766,28.792,-14.9919,25.8287,-13.6701,25.4813,-0.1818,3.6529,-1.6667,3.3103
2016,oregon-ducks,-13.8496,18.4875,-6.1235,17.1237,-7.6773,17.3222,-2.4221,3.0223,-0.8812,2.8842
2016,penn-state-nittany-lions,-1.1137,36.7507,-28.998,43.863,-30.4781,44.9965,0.118,2.9405,-1.7779,2.7775
2016,pittsburgh-panthers,-12.6054,19.7592,-4.4644,18.5439,-8.9903,19.6916,-2.1897,3.2542,-0.5365,3.1052
2016,san-diego-state-aztecs,-7.631,16.9291,-4.0023,14.537,-6.0423,14.8027,-1.4615,2.9663,-0.5741,2.5246
2016,south-florida-bulls,-9.5441,17.9222,-5.624,16.4432,-8.1781,16.6752,-1.8068,3.1418,-0.8046,2.7653
2016,stanford-cardinal,1.31,28.0998,-23.5975,29.507,-20.5613,28.6758,0.2786,2.5741,-1.831,2.3232
2016,tcu-horned-frogs,-9.6681,38.3979,-15.1158,38.8999,-16.7484,38.5629,-1.0966,4.5942,-1.0913,4.1426
2016,temple-owls,-8.8852,16.8053,-3.4543,16.1722,-7.5064,16.5998,-1.5238,2.9885,-0.4077,2.9141
2016,tennessee-volunteers,-6.3273,32.8627,-19.0727,35.5108,-18.7167,35.155,-0.543,3.248,-1.6778,3.1017
2016,texas-am-aggies,-1.2123,27.1983,-22.1951,28.1807,-19.9195,28.0232,-0.1777,2.9289,-1.6793,2.5646
2016,texas-longhorns,1.9946,56.6556,-22.7365,69.8072,-19.417,68.0325,0.6485,3.8724,-1.6925,3.4486
2016,toledo-rockets,-8.7273,8.1879,-0.2525,7.6543,-0.2525,7.6543,-2.0,1.7321,0.0,1.7321
2016,troy-trojans,-11.126,12.3211,-0.146,10.7524,-4.3696,11.1465,-2.3846,2.0403,0.1273,1.9323
2016,tulsa-golden-hurricane,-11.6076,4.858,-5.8865,4.9697,-5.8865,4.9697,-2.6667,1.0328,-1.3333,1.1255
2016,ucla-bruins,-9.3217,28.5205,-6.6166,25.4385,-7.0702,26.2446,-1.6417,4.3864,-0.5444,3.649
2016,usc-trojans,3.7585,43.207,-28.0627,43.7605,-27.5916,42.2978,0.0637,3.3937,-1.7823,3.0777
2016,utah-utes,-4.2746,25.2566,-12.1923,21.7011,-12.275,21.4664,-0.7818,3.6932,-1.5703,3.0227
2016,virginia-tech-hokies,-6.2405,19.2647,-10.3329,18.5351,-9.3822,18.5103,-1.0,3.1786,-1.4592,2.8522
2016,wake-forest-demon-deacons,-13.6177,9.9172,-4.8223,9.2353,-4.8223,9.2353,-3.0,2.0,-1.0,2.0
2016,washington-huskies,2.3992,35.7481,-43.382,39.7227,-41.4278,40.5275,0.4327,2.1235,-1.9999,1.8684
2016,washington-state-cougars,-15.0264,20.8934,-7.1027,20.0456,-9.0218,20.4006,-2.5531,3.0314,-0.9167,2.9588
2016,west-virginia-mountaineers,0.5671,27.7949,-17.1797,27.0067,-14.3584,26.2561,0.1994,3.2486,-1.7934,2.9689
2016,western-kentucky-hilltoppers,-14.6067,19.6224,-2.2619,12.3811,-7.3917,13.0795,-2.8421,2.93,-0.2842,2.2154
2016,western-michigan-broncos,0.6641,24.1875,-13.8079,24.5122,-12.5942,24.1162,0.2512,3.3105,-1.5547,3.1129
2016,wisconsin-badgers,4.5572,30.9517,-28.3165,31.2609,-27.2592,31.3244,0.5755,2.5802,-1.9336,2.2599
2017,alabama-crimson-tide,11.7486,35.2507,-175.4663,68.5619,-164.7831,67.7505,0.168,0.4776,-2.0,0.4463
2017,arizona-wildcats,-8.9188,12.8544,-5.9193,11.1948,-9.3292,11.6552,-1.7463,2.4268,-1.0933,2.1547
2017,army-west-point-black-knights,-7.9356,6.6946,-1.2573,6.3051,-3.7842,6.4371,-1.8333,1.3394,-0.2333,1.3394
2017,auburn-tigers,1.976,27.9438,-23.5746,31.3541,-21.9811,33.2226,0.5036,2.2819,-1.9095,2.1651
2017,boise-state-broncos,-7.0359,8.7152,-3.7567,8.1384,-4.6515,8.2029,-1.5157,1.782,-0.7275,1.6723
2017,byu-cougars,-11.0909,10.0281,-2.4621,9.3745,-2.4621,9.3745,-2.5,2.1213,-0.5,2.1213
2017,california-golden-bears,-18.2915,15.7362,-5.2656,12.0139,-2.2358,12.3656,-3.7143,2.6904,-1.0,2.3805
2017,clemson-tigers,10.2522,56.4496,-88.6197,85.5667,-85.6109,86.5446,0.4477,1.4234,-1.9999,1.326
2017,colorado-buffaloes,-19.757,13.1718,-5.5082,10.982,-7.8933,11.4023,-4.0492,2.2392,-1.0166,2.1203
2017,duke-blue-devils,-16.1734,11.3346,-1.3212,10.2858,-2.0221,10.3524,-3.4231,2.1009,-0.16,2.1226
2017,florida-atlantic-owls,-9.4063,7.7123,3.6025,7.0774,3.6025,7.0774,-2.1333,1.5523,0.8667,1.5523
2017,florida-gators,-6.7628,18.1484,-8.866,18.1819,-9.0311,18.014,-0.9097,2.8898,-1.2426,2.8226
2017,florida-state-seminoles,-13.1095,51.3628,-46.296,73.0674,-46.8448,71.3687,-0.5447,2.8227,-1.9176,2.698
2017,fresno-state-bulldogs,-7.5887,3.4768,-3.4507,3.343,-3.4507,3.343,-1.8095,0.7726,-0.8095,0.7726
2017,georgia-bulldogs,-4.1247,29.5295,-54.9488,47.5003,-55.9548,47.9317,-0.1159,1.7153,-1.9903,1.653
2017,georgia-tech-yellow-jackets,-13.4289,6.9905,-6.273,5.0969,-8.0663,5.1026,-3.0,1.3628,-1.3856,1.0942
2017,houston-cougars,-32.3899,33.1168,-5.6347,29.435,-13.3281,33.2307,-5.375,4.5336,-0.375,4.6885
2017,iowa-hawkeyes,-7.8852,16.7324,-0.1114,18.5685,-2.541,19.2415,-1.3415,2.8863,0.1302,3.308
2017,iowa-state-cyclones,-4.9229,18.0268,-7.1339,17.1356,-9.2096,16.8517,-1.0895,2.8054,-0.9267,2.4356
2017,kansas-state-wildcats,-2.9157,17.396,-10.9156,18.1393,-11.1509,18.204,-0.2674,2.7077,-1.6333,2.6902
2017,kentucky-wildcats,-12.16,9.9682,1.2271,11.5164,1.2271,11.5164,-2.6667,1.8749,0.25,2.4541
2017,louisville-cardinals,1.5115,18.3902,-12.6386,18.8267,-11.5093,19.0535,0.3773,2.6157,-1.7752,2.5158
2017,lsu-tigers,-6.0233,23.9361,-13.1145,25.1226,-14.5548,25.9159,-0.662,2.8624,-1.5459,2.5559
2017,maryland-terrapins,-15.4446,13.3491,-4.0025,11.0491,-6.3279,11.7069,-3.2264,2.2416,-0.7033,2.0693
2017,memphis-tigers,-3.2039,16.2212,-8.7993,16.2072,-8.5342,16.0845,-0.5198,2.6747,-1.3345,2.5238
2017,miami-fl-hurricanes,0.704,30.2311,-33.0749,45.3639,-27.8641,39.9494,0.1591,2.0337,-1.9914,1.9272
2017,michigan-state-spartans,-5.3369,18.0669,-12.6998,18.5832,-13.4858,18.3892,-0.6842,2.5914,-1.7517,2.5386
2017,michigan-wolverines,0.105,26.0229,-20.8656,30.0639,-17.0162,27.8507,-0.073,2.5385,-1.6801,2.3112
2017,minnesota-golden-gophers,-13.0435,,-8.6957,,-8.6957,,-3.0,,-2.0,
2017,mississippi-state-bulldogs,-1.3287,17.9905,-9.7971,18.8681,-9.7955,19.0514,-0.0862,2.624,-1.4391,2.5585
2017,missouri-tigers,-13.0435,0.0,-8.6957,0.0,-8.6957,0.0,-3.0,0.0,-2.0,0.0
2017,navy-midshipmen,-4.093,4.1072,-3.3331,4.0795,-4.093,4.1072,-0.9474,0.9285,-0.7654,0.9285
2017,nebraska-cornhuskers,-8.5217,6.3947,-4.3478,6.1488,-4.3478,6.1488,-2.0,1.4142,-1.0,1.4142
2017,north-carolina-state-wolfpack,-4.763,13.9184,-8.5514,12.9419,-10.0149,12.9695,-0.9821,2.4269,-1.3924,2.0533
2017,northwestern-wildcats,-4.7473,13.5668,-9.2359,13.7538,-11.0445,14.0595,-0.8309,2.3755,-1.5271,2.2495
2017,notre-dame-fighting-irish,-0.4058,40.9423,-25.1205,39.791,-23.206,38.2452,-0.0724,2.8243,-1.8163,2.4303
2017,ohio-state-buckeyes,6.2585,35.0628,-41.3851,43.967,-40.2403,44.1539,0.332,1.8839,-1.9999,1.6368
2017,oklahoma-sooners,-3.7898,43.3656,-69.3498,69.0025,-64.2963,68.4024,-0.0031,1.5745,-2.0,1.5012
2017,oklahoma-state-cowboys,2.2822,29.5176,-21.2683,33.2307,-19.8259,32.5999,0.4267,2.4771,-1.9757,2.373
2017,oregon-ducks,-14.5597,13.1447,-4.3107,11.9378,-5.6745,11.9255,-2.9398,2.2758,-0.743,2.2474
2017,penn-state-nittany-lions,4.4119,30.8927,-45.3975,40.3162,-37.4798,36.3331,0.1117,1.6501,-1.9999,1.4973
2017,pittsburgh-panthers,-12.986,8.4815,-4.2322,7.9048,-4.2322,7.9048,-2.875,1.7269,-0.875,1.7269
2017,san-diego-state-aztecs,-2.9711,14.6506,-8.1025,14.4463,-10.2686,14.9713,-0.5032,2.5374,-1.3479,2.2912
2017,south-carolina-gamecocks,-15.2182,11.7545,-3.2605,9.0901,-3.0834,9.2726,-3.2222,2.1209,-0.6286,1.8703
2017,south-florida-bulls,-3.9835,20.9207,-10.1876,20.9126,-11.7764,21.0935,-0.3971,3.1494,-1.4214,2.9546
2017,stanford-cardinal,-0.6272,16.7876,-11.2189,17.2401,-10.2675,17.5039,0.0483,2.4727,-1.6092,2.3938
2017,tcu-horned-frogs,2.2915,23.9009,-26.0548,29.8404,-22.312,28.462,0.2162,2.0754,-1.8763,1.9395
2017,tennessee-volunteers,-9.4608,13.264,-4.4641,12.4751,-6.4801,12.8036,-1.819,2.4837,-0.749,2.3709
2017,texas-am-aggies,-10.5116,5.8398,-4.0262,5.274,-5.1558,5.2514,-2.4118,1.1862,-0.8911,1.1334
2017,texas-longhorns,-13.2158,28.6178,-7.2494,27.385,-8.0596,27.5404,-1.9429,3.3689,-0.7889,3.3689
2017,texas-tech-red-raiders,-7.238,10.5146,-4.7289,8.1316,-6.6288,8.3708,-1.5179,2.0537,-0.9795,1.6078
2017,toledo-rockets,-9.2739,5.7646,-3.3119,5.313,-4.3438,5.5405,-2.1463,1.1739,-0.7357,1.1564
2017,troy-trojans,-10.1004,5.6601,-4.4496,5.3777,-5.8657,5.4424,-2.3333,1.2111,-1.0003,1.2111
2017,tulsa-golden-hurricane,-18.1818,,-9.0909,,-9.0909,,-4.0,,-2.0,
2017,ucf-knights,-9.9107,48.2375,-23.6106,60.7188,-24.7199,64.8108,-0.5015,2.2273,-1.8747,2.1965
2017,ucla-bruins,-16.7777,13.5099,-4.5685,12.1824,-5.5626,12.2313,-3.3962,2.3724,-0.7741,2.3321
2017,usc-trojans,-1.7457,36.5259,-31.8796,49.0407,-29.0816,46.178,0.0719,2.1608,-1.9313,2.136
2017,utah-utes,-9.3292,16.4305,-6.9855,14.9912,-9.4928,15.2155,-1.7034,2.953,-1.1188,2.5679
2017,vanderbilt-commodores,-12.5049,8.5943,-3.5195,7.9773,-3.7951,7.9903,-2.7667,1.675,-0.7047,1.675
2017,virginia-cavaliers,-10.2345,7.0826,-3.4756,6.2342,-3.4756,6.2342,-2.3333,1.5055,-0.75,1.4053
2017,virginia-tech-hokies,-1.4739,16.0662,-12.9669,16.2399,-12.8016,16.4287,-0.2129,2.3666,-1.7782,2.1409
2017,wake-forest-demon-deacons,-7.3442,4.3138,-3.2156,4.1479,-3.2156,4.1479,-1.75,0.9574,-0.75,0.9574
2017,washington-huskies,1.0534,30.1936,-27.9164,34.2352,-25.1608,33.644,0.281,2.1941,-1.9756,2.0897
2017,washington-state-cougars,-1.7717,18.5317,-13.4946,19.2337,-13.2897,19.1193,-0.1735,2.6262,-1.7085,2.3426
2017,west-virginia-mountaineers,-8.3162,14.9381,-5.9396,13.0588,-8.5059,13.5723,-1.5489,2.5899,-1.0579,2.2813
2017,wisconsin-badgers,-2.8136,46.4372,-45.0152,59.5096,-46.3175,62.0007,0.2203,1.9973,-2.0002,1.8359
2018,alabama-crimson-tide,5.7971,26.2024,-190.965,41.7796,-185.7315,41.3677,0.059,0.2647,-2.0,0.2481
2018,appalachian-state-mountaineers,-12.6199,9.4025,-4.2695,8.2601,-5.7267,8.3091,-2.7349,1.8681,-0.853,1.7268
2018,arizona-state-sun-devils,-5.9285,14.8428,-2.4049,14.0807,-2.6225,14.0867,-1.0233,2.6947,-0.2814,2.5359
2018,arizona-wildcats,-17.9286,19.3356,4.4617,16.7082,12.0302,16.6993,-3.5,3.1623,1.167,3.1623
2018,army-west-point-black-knights,-5.9815,23.2429,-6.3436,23.8843,-8.5057,24.4838,-0.8277,2.9136,-0.7806,2.7679
2018,auburn-tigers,-5.5424,34.26,-26.5506,34.974,-26.8054,35.7814,-0.1921,2.3562,-1.8154,1.966
2018,boise-state-broncos,-5.6755,17.6311,-8.2622,17.2918,-10.259,17.7883,-0.9481,2.8764,-1.2817,2.5928
2018,boston-college-eagles,-7.0746,18.2226,-8.924,17.9547,-11.6408,18.6876,-1.1841,3.0317,-1.3231,2.7965
2018,buffalo-bulls,-11.862,11.6042,4.8799,11.9759,4.8799,11.9759,-2.5556,2.0643,1.1111,2.4468
2018,byu-cougars,-3.8123,16.5179,-7.4495,13.6652,-9.409,13.7993,-0.6406,3.0518,-1.2541,2.4876
2018,california-golden-bears,-20.5483,17.4251,-4.7298,15.797,-6.9026,15.9441,-3.8182,2.8989,-0.6819,2.879
2018,cincinnati-bearcats,-10.9749,19.418,-6.0001,17.9065,-9.511,18.6868,-2.0036,3.0412,-0.8621,2.7779
2018,clemson-tigers,0.8454,37.8693,-102.2735,65.722,-98.0021,66.7086,0.1232,0.7055,-1.9999,0.6711
2018,colorado-buffaloes,-6.16,18.6825,-8.0309,17.7635,-9.4552,17.7286,-1.0783,3.0291,-1.2694,2.4741
2018,duke-blue-devils,-10.3208,13.2036,-5.6819,12.4725,-6.8404,12.5902,-2.0241,2.4987,-0.9842,2.3121
2018,florida-atlantic-owls,-14.1041,14.4912,-0.6032,13.07,-2.9523,13.2335,-2.9231,2.4987,0.0769,2.4987
2018,florida-gators,-1.3582,25.0058,-18.2966,26.5333,-18.7012,28.0391,-0.026,2.7352,-1.7322,2.4861
2018,florida-state-seminoles,-2.5232,20.5978,-10.1019,21.2082,-8.447,21.041,-0.1111,3.1243,-1.3971,3.1243
2018,fresno-state-bulldogs,-2.9358,17.9079,-8.4482,16.9351,-8.8664,16.9007,-0.5316,3.0792,-1.2565,2.682
2018,georgia-bulldogs,11.1566,37.1665,-58.0536,44.0128,-53.5126,42.8807,0.324,1.1729,-1.9999,1.0918
2018,georgia-southern-eagles,-14.4292,11.1789,-2.6907,10.1599,-3.5273,10.2002,-3.0909,2.0215,-0.4545,2.029
2018,houston-cougars,3.5643,15.4773,-8.1128,10.98,-6.1973,10.3107,0.4146,2.8672,-1.4089,1.9912
2018,iowa-hawkeyes,-4.7265,18.493,-7.3628,16.2557,-8.719,16.5398,-0.8764,3.2228,-1.1478,2.5137
2018,iowa-state-cyclones,-11.2213,16.2643,-6.8532,15.7733,-8.9809,15.8284,-2.058,2.7823,-1.0237,2.6345
2018,kansas-state-wildcats,-16.3918,17.8425,7.6023,15.8794,7.6023,15.8794,-3.3333,3.2146,1.6667,3.2146
2018,kentucky-wildcats,1.6742,19.3646,-15.255,19.5589,-13.6048,19.4835,0.3094,2.5403,-1.8657,2.4296
2018,lsu-tigers,1.5517,32.7228,-33.5806,39.4928,-34.0815,40.8727,0.2489,2.2333,-1.9508,2.0367
2018,maryland-terrapins,-24.3403,25.7962,-5.3956,22.0432,-10.2455,23.494,-4.4615,3.357,-0.5962,3.4104
2018,memphis-tigers,-13.6177,9.9172,-3.1746,10.2883,-3.1746,10.2883,-3.0,2.0,-0.6667,2.3094
2018,miami-fl-hurricanes,-1.576,21.9888,-13.7613,23.4999,-13.2083,23.1577,-0.2837,2.652,-1.6288,2.4685
2018,michigan-state-spartans,-8.3085,26.0837,-11.7735,26.822,-12.4943,27.2234,-1.2366,3.5384,-1.2629,3.1151
2018,michigan-wolverines,2.1349,23.5208,-27.9508,27.4356,-24.5353,25.8293,0.0997,2.0394,-1.911,1.9659
2018,mississippi-state-bulldogs,-5.7377,19.5195,-10.8842,19.782,-11.0686,19.7806,-0.7065,2.9194,-1.475,2.7974
2018,missouri-tigers,-12.3376,12.4485,-3.8654,11.4296,-7.483,11.7763,-2.5476,2.2835,-0.6813,2.1364
2018,north-carolina-state-wolfpack,-7.5191,20.1879,-8.6609,20.0566,-9.0113,19.8819,-1.2691,2.8561,-1.3065,2.5028
2018,northwestern-wildcats,-7.5179,16.7845,-7.2931,15.2852,-9.9861,16.0083,-1.3182,2.9348,-1.1832,2.5976
2018,notre-dame-fighting-irish,-1.5251,26.003,-52.1983,36.7804,-52.9898,38.483,0.1625,1.4897,-2.0,1.4086
2018,ohio-state-buckeyes,0.7051,37.6778,-51.6497,48.6085,-53.0838,49.9335,0.148,1.5269,-1.9792,1.383
2018,oklahoma-sooners,-0.348,25.656,-38.2187,30.3224,-35.6717,31.439,0.1491,1.3445,-2.0,1.2808
2018,oklahoma-state-cowboys,-5.197,17.6284,-8.7333,17.334,-10.1944,17.685,-1.1685,2.8393,-1.3182,2.2762
2018,ole-miss-rebels,-18.7554,14.7618,0.4324,12.0719,0.4324,12.0719,-3.8333,2.6394,0.1667,2.4833
2018,oregon-ducks,-5.5599,20.9683,-12.168,20.2044,-14.7279,20.7408,-0.6208,2.8851,-1.6585,2.6757
2018,penn-state-nittany-lions,-0.8141,23.3686,-18.904,24.8059,-16.9422,24.7952,0.1466,2.5088,-1.8975,2.4389
2018,pittsburgh-panthers,-10.0583,10.2871,-3.953,9.986,-7.905,10.5803,-2.0682,2.0162,-0.7234,2.0124
2018,purdue-boilermakers,-9.2787,7.0897,-2.2357,6.6663,-5.0757,6.817,-2.125,1.4577,-0.458,1.4577
2018,san-diego-state-aztecs,-10.317,6.9911,-2.4334,6.5497,-3.6309,6.8894,-2.3448,1.3961,-0.5031,1.4138
2018,south-carolina-gamecocks,-13.1628,20.3767,-3.3045,17.4806,-9.29,18.2335,-2.473,2.8632,-0.3871,2.7873
2018,south-florida-bulls,-7.627,14.1715,-6.7966,13.2695,-9.0901,13.8094,-1.4463,2.5978,-1.175,2.2868
2018,stanford-cardinal,3.5291,25.8629,-19.5858,25.3277,-16.8912,24.1493,0.0086,2.7884,-1.6924,2.235
2018,syracuse-orange,1.9108,19.1685,-12.4711,17.6972,-10.7163,17.5801,0.2523,2.7883,-1.6999,2.4887
2018,tcu-horned-frogs,-2.5338,24.8587,-14.6449,25.6573,-12.9892,25.273,-0.062,3.2919,-1.7223,3.153
2018,texas-am-aggies,-6.989,19.2296,-9.7348,19.0652,-11.0989,19.1871,-1.1202,2.9836,-1.373,2.7178
2018,texas-longhorns,2.6382,22.8216,-20.1517,23.9333,-18.0314,22.721,0.3611,2.339,-1.8776,2.1084
2018,texas-tech-red-raiders,-15.3325,10.7119,-4.4214,9.7075,-4.586,9.995,-3.2,1.9725,-0.8146,1.9474
2018,troy-trojans,-13.0435,0.0,-8.6957,0.0,-8.6957,0.0,-3.0,0.0,-2.0,0.0
2018,uab-blazers,-14.6446,14.7579,-0.3108,12.3104,-1.0793,12.3341,-3.0185,2.4223,0.0944,2.3342
2018,ucf-knights,-1.4832,29.2678,-22.8771,30.5836,-21.4194,30.4192,0.1454,2.6066,-1.9182,2.4932
2018,usc-trojans,-3.8575,26.7392,-13.5138,23.7224,-9.9106,23.2571,-0.4213,3.7382,-1.7185,3.1875
2018,utah-state-aggies,0.8001,23.0674,-10.3634,20.7079,-8.806,20.5921,0.0112,3.486,-1.3038,2.9179
2018,utah-utes,-6.932,17.9993,-9.8059,16.4809,-10.8493,16.8017,-1.1935,2.9794,-1.491,2.5791
2018,virginia-cavaliers,-12.6779,13.5534,-4.6975,12.7895,-7.9856,13.0627,-2.4681,2.3577,-0.7814,2.3576
2018,virginia-tech-hokies,-4.1776,27.1049,-16.83,27.9284,-17.5023,28.0579,-0.4259,3.1576,-1.7129,2.8833
2018,washington-huskies,2.1094,28.2625,-21.8141,28.8888,-18.6987,28.6283,0.2525,2.7931,-1.8826,2.526
2018,washington-state-cougars,-0.5451,20.2713,-20.8694,22.3095,-21.1029,22.2681,-0.0628,2.1291,-1.8241,1.9378
2018,west-virginia-mountaineers,-0.1777,27.167,-21.6676,27.2886,-19.3293,27.8055,0.1421,2.7456,-1.9367,2.6474
2018,wisconsin-badgers,-2.255,44.9747,-29.9155,60.6647,-29.0432,59.1754,-0.141,2.6851,-1.8747,2.5558
2019,air-force-falcons,-2.6819,7.662,-4.024,8.0369,-5.3403,8.6046,-0.5594,1.5728,-0.8091,1.5647
2019,alabama-crimson-tide,18.2659,70.6484,-102.8761,97.0676,-98.0451,96.4728,0.3206,1.2832,-1.9999,1.1929
2019,appalachian-state-mountaineers,-3.2538,12.2072,-7.3893,11.668,-8.2082,11.5744,-0.5771,2.2506,-1.3292,2.0224
2019,arizona-state-sun-devils,0.4251,13.3592,-7.607,12.151,-7.8967,12.0365,0.063,2.4811,-1.2878,2.1601
2019,arizona-wildcats,-12.2966,8.5176,-3.6167,7.9167,-3.6167,7.9167,-2.75,1.7078,-0.75,1.7078
2019,army-west-point-black-knights,-18.0264,19.078,-1.6192,16.7885,-1.2294,18.0094,-3.5287,2.8319,-0.0671,2.9122
2019,auburn-tigers,-3.974,40.0636,-25.0528,47.0699,-26.6971,49.2877,-0.0718,2.141,-1.9906,2.0619
2019,baylor-bears,-0.2855,24.9028,-20.3776,26.2509,-16.4653,25.7141,0.0873,2.4172,-1.9292,2.3175
2019,boise-state-broncos,-0.0005,13.758,-9.8807,13.0558,-10.5834,13.1703,0.013,2.2372,-1.6244,2.074
2019,byu-cougars,-7.2029,4.2922,-3.0797,4.1271,-3.0797,4.1271,-1.7143,0.9512,-0.7143,0.9512
2019,california-golden-bears,-5.0232,22.2881,-7.8581,15.9758,-7.4477,15.758,-1.1977,3.7582,-1.1789,2.6539
2019,cincinnati-bearcats,-1.0772,12.813,-10.5575,12.866,-10.1604,12.9728,-0.1353,2.1779,-1.749,2.0152
2019,clemson-tigers,-9.816,71.1795,-131.5695,104.9528,-128.465,101.0718,-0.0666,1.026,-2.0,0.9403
2019,colorado-buffaloes,-11.4006,10.3328,-2.1749,9.0227,-5.4193,9.184,-2.5,1.8619,-0.417,1.8439
2019,florida-atlantic-owls,-11.716,10.6649,-1.883,10.0333,-6.0735,10.8586,-2.55,1.9595,-0.2938,2.0005
2019,florida-gators,5.415,27.0978,-27.8977,29.0748,-22.2173,28.3585,0.5404,1.9447,-2.0,1.8845
2019,fresno-state-bulldogs,-18.4265,7.6127,-9.3168,7.0271,-9.3168,7.0271,-4.0,1.4142,-2.0,1.4142
2019,georgia-bulldogs,8.8794,33.3002,-52.6709,49.0571,-42.4014,44.5484,0.3796,1.1594,-2.0,1.1097
2019,indiana-hoosiers,-7.8711,8.604,-2.1789,9.1681,-2.8102,10.0928,-1.7143,1.6952,-0.402,1.9065
2019,iowa-hawkeyes,-3.2847,15.197,-11.8986,15.1478,-11.7771,15.4695,-0.4168,2.3971,-1.7855,2.3022
2019,iowa-state-cyclones,-11.1038,17.9724,-5.7431,17.1799,-7.688,17.4488,-2.1022,2.6898,-0.8994,2.4445
2019,kansas-state-wildcats,-8.6699,14.3227,-6.8271,12.5245,-8.7048,12.7331,-1.6904,2.6275,-1.2131,2.2385
2019,louisiana-tech-bulldogs,-9.7803,6.7935,-2.3513,6.2343,-1.6905,6.3445,-2.2353,1.3933,-0.5,1.3891
2019,lsu-tigers,19.0644,69.1573,-121.9503,98.2955,-114.8991,95.1463,0.2912,1.1617,-2.0001,1.0509
2019,maryland-terrapins,1.7913,12.4628,-5.6742,12.719,-5.817,12.7281,0.5,2.4014,-0.971,2.4014
2019,memphis-tigers,-3.8139,15.2593,-10.7066,15.4258,-12.3649,15.524,-0.6194,2.4241,-1.6197,2.1689
2019,miami-fl-hurricanes,-26.5946,27.1375,-1.2966,22.0762,2.1991,21.5171,-4.7059,3.8204,0.2286,3.6788
2019,michigan-state-spartans,-6.9385,22.6375,-10.1717,22.6648,-12.0299,23.2483,-0.9959,3.4766,-1.3304,3.1288
2019,michigan-wolverines,0.0573,22.9509,-18.5612,25.4281,-17.0734,24.5565,0.1024,2.3965,-1.8894,2.3322
2019,minnesota-golden-gophers,-0.2881,23.0633,-19.0751,24.796,-15.4477,23.9824,0.0031,2.509,-1.8649,2.3894
2019,mississippi-state-bulldogs,-20.8513,14.0209,-5.2071,12.2748,-6.5487,12.281,-4.2222,2.3365,-0.9101,2.3359
2019,missouri-tigers,-13.5713,21.2166,-6.0084,16.7244,-8.8006,18.6519,-2.42,3.6019,-0.9004,2.8665
2019,navy-midshipmen,-1.7737,9.8171,-6.771,9.3595,-6.4758,9.1221,-0.3284,1.8348,-1.3273,1.629
2019,nebraska-cornhuskers,-15.3428,18.3847,-4.6225,16.8764,-7.7583,17.0391,-2.8182,2.8027,-0.6174,2.7908
2019,north-carolina-tar-heels,-12.787,8.9584,-3.5305,8.2661,-6.2729,8.4491,-2.8235,1.6672,-0.6985,1.6672
2019,northwestern-wildcats,-15.4773,16.4937,-4.0615,14.9594,-11.0358,15.8593,-3.15,2.4979,-0.605,2.4979
2019,notre-dame-fighting-irish,6.4823,22.3253,-21.2614,22.98,-20.4175,22.8483,0.6984,1.9672,-1.9929,1.8749
2019,ohio-state-buckeyes,-20.5899,71.5949,-96.6759,104.8334,-94.2413,106.8253,-0.1361,1.2805,-2.0,1.1968
2019,oklahoma-sooners,-7.2299,28.6265,-41.7613,34.4232,-43.396,35.3139,-0.2207,1.306,-1.9999,1.2574
2019,oklahoma-state-cowboys,-4.2771,12.4167,-5.7444,10.3465,-5.6734,10.3819,-0.8493,2.3984,-1.0996,1.9341
2019,oregon-ducks,-0.1526,23.915,-24.5541,26.6991,-24.5585,26.2536,0.0438,2.0614,-1.9754,1.9599
2019,penn-state-nittany-lions,0.2504,21.1164,-24.1716,22.8553,-23.5556,23.2173,0.1524,2.1026,-1.9631,2.0213
2019,pittsburgh-panthers,-9.1692,5.2435,-3.827,4.6851,-4.3895,4.7566,-2.1333,1.1255,-0.8667,1.0601
2019,san-diego-state-aztecs,-8.3037,5.0008,-2.2299,4.5254,-3.6938,4.6675,-1.9462,1.0359,-0.5005,1.0077
2019,south-carolina-gamecocks,-24.1566,17.202,-2.9275,15.4267,-2.9275,15.4267,-4.75,2.9861,-0.5,3.1091
2019,southern-methodist-mustangs,-3.1115,13.5554,-8.944,12.9328,-9.2287,12.9097,-0.6089,2.4196,-1.4848,2.0556
2019,stanford-cardinal,-11.2973,14.1137,-7.1964,12.7586,-9.3722,13.245,-2.1667,2.4885,-1.2972,2.2623
2019,syracuse-orange,-3.7967,15.7236,-7.0244,15.4871,-6.6613,15.487,-0.5,2.7325,-1.1278,2.6542
2019,tcu-horned-frogs,-27.6587,29.2624,-4.7208,24.7115,-9.8043,25.2949,-4.7321,3.8019,-0.3085,3.7486
2019,temple-owls,-12.0974,7.4311,-2.7454,6.8258,0.0919,6.7871,-2.7143,1.4899,-0.5571,1.4805
2019,tennessee-volunteers,-8.4275,3.6936,-4.2572,3.5515,-4.2572,3.5515,-2.0,0.8165,-1.0,0.8165
2019,texas-am-aggies,-9.814,24.8274,-13.0125,25.5563,-13.8383,25.8268,-1.3621,3.1752,-1.4146,2.9166
2019,texas-longhorns,-4.1142,27.0088,-19.6406,30.3887,-20.3378,30.3087,-0.2018,2.4535,-1.7655,2.4142
2019,tulane-green-wave,-10.6592,6.6904,-2.755,6.3559,-3.7453,7.4025,-2.4242,1.37,-0.577,1.3963
2019,uab-blazers,-13.0435,,-8.6957,,-8.6957,,-3.0,,-2.0,
2019,ucf-knights,-2.0852,17.2906,-9.5364,17.6315,-10.4032,17.7471,-0.2714,2.7597,-1.3373,2.5947
2019,usc-trojans,-6.526,10.9554,-5.4006,10.5646,-6.9048,10.831,-1.2596,2.0414,-1.0124,1.9815
2019,utah-state-aggies,-20.4211,23.2229,4.2607,20.9119,4.2607,20.9119,-4.0,4.2426,1.0,4.2426
2019,utah-utes,1.5851,24.1136,-22.8901,26.4849,-20.7849,26.1079,0.3486,2.258,-1.9409,2.1988
2019,virginia-cavaliers,-4.3733,14.4321,-5.5635,13.083,-6.8459,13.3744,-0.8447,2.7065,-0.9236,2.3588
2019,virginia-tech-hokies,-4.1602,7.7776,-5.4888,6.1509,-6.4623,6.3214,-0.8919,1.6681,-1.1829,1.3134
2019,wake-forest-demon-deacons,-5.2829,12.6399,-6.894,11.7507,-8.4584,11.7934,-1.023,2.427,-1.2468,2.1608
2019,washington-huskies,-2.5882,18.5737,-11.493,18.6074,-11.8487,18.4905,-0.3969,2.7775,-1.4833,2.4943
2019,washington-state-cougars,-5.1137,16.12,-8.9477,16.4703,-10.7513,16.9358,-0.7636,2.5136,-1.436,2.4536
2019,west-virginia-mountaineers,-13.0435,,-8.6957,,-8.6957,,-3.0,,-2.0,
2019,wisconsin-badgers,0.8341,20.7732,-20.0567,22.8125,-17.7542,22.9579,0.2584,2.3247,-1.9471,2.2924
2020,air-force-falcons,-19.0798,11.0897,-4.3506,9.5485,-4.3506,9.5485,-4.0,2.0817,-0.8571,2.0354
2020,alabama-crimson-tide,-1.8078,30.7647,-152.4175,67.5259,-151.7967,70.3197,0.0247,0.4224,-1.9999,0.3915
2020,appalachian-state-mountaineers,-13.9832,12.8805,-6.5089,11.8415,-8.4429,12.3204,-2.7901,2.1489,-1.2006,2.1196
2020,arizona-state-sun-devils,-23.3249,19.7278,-3.6356,12.4951,-4.7053,12.3554,-4.4444,3.105,-0.5185,2.3611
2020,arkansas-razorbacks,-14.4321,16.3375,0.4973,13.5064,0.9437,13.2999,-2.9286,2.6736,0.1191,2.5607
2020,arkansas-state-red-wolves,-11.4821,10.6581,-1.2166,9.6458,-5.2274,9.7851,-2.5,1.9442,-0.1397,1.9099
2020,army-west-point-black-knights,-11.5872,15.2656,-6.2159,14.5008,-8.3797,15.1716,-2.2081,2.5659,-1.0253,2.4309
2020,auburn-tigers,-0.596,32.1895,-18.8245,33.7681,-16.9917,32.2149,-0.246,3.2866,-1.5625,2.8998
2020,ball-state-cardinals,-1.3832,5.7294,-6.5231,5.8841,-5.8749,5.8557,-0.2679,1.243,-1.4139,1.243
2020,baylor-bears,-18.6259,16.7992,-4.8503,14.5369,-8.2075,15.1353,-3.726,2.5834,-0.7636,2.5228
2020,boise-state-broncos,-11.4297,15.4156,-4.81,14.5894,-8.2293,15.2738,-2.1969,2.7575,-0.7366,2.6188
2020,boston-college-eagles,-14.0248,7.9709,-4.5906,7.2113,-6.1662,7.2009,-3.0952,1.5461,-0.9524,1.5117
2020,buffalo-bulls,-6.4959,10.0555,-2.7766,9.4074,-4.8406,9.7298,-1.3529,1.9917,-0.4924,1.8886
2020,byu-cougars,-1.8555,31.5254,-22.2385,34.9387,-22.5293,35.4266,0.1027,2.8921,-1.8321,2.7687
2020,california-golden-bears,-16.3591,11.0327,-6.4732,10.0129,-6.4732,10.0129,-3.5,1.9748,-1.3333,2.0656
2020,cincinnati-bearcats,0.0916,28.3184,-28.9647,30.0503,-27.9056,31.1638,0.311,2.3066,-1.9255,2.196
2020,clemson-tigers,9.713,40.1874,-129.7923,81.0359,-121.2512,73.4216,0.0885,0.5862,-2.0,0.5189
2020,coastal-carolina-chanticleers,3.7288,23.0261,-16.052,23.3442,-12.7824,22.55,0.5783,2.8992,-1.7598,2.566
2020,colorado-buffaloes,-2.4019,12.0473,-7.4346,12.4342,-9.9194,12.5972,-0.3934,2.2897,-1.3314,2.2348
2020,florida-atlantic-owls,-23.8095,,-9.5238,,-9.5238,,-5.0,,-2.0,
2020,florida-gators,7.5785,28.8916,-33.2582,30.4481,-30.5785,30.3563,0.5167,1.8285,-1.9999,1.7588
2020,florida-state-seminoles,-13.9048,14.0074,-0.4141,12.8831,-0.4141,12.8831,-3.0,2.8284,0.0,2.8284
2020,georgia-bulldogs,5.5387,31.6846,-39.5189,39.0886,-36.0406,38.1679,0.2464,1.6662,-1.9999,1.5721
2020,georgia-tech-yellow-jackets,-19.7706,24.885,0.5618,21.4057,-5.666,22.2006,-3.6316,3.4191,0.5904,3.4191
2020,houston-cougars,-23.8095,,-9.5238,,-9.5238,,-5.0,,-2.0,
2020,indiana-hoosiers,5.8298,19.6288,-21.2128,19.7185,-18.5249,19.6323,0.5816,2.0124,-1.9248,1.9359
2020,iowa-hawkeyes,-4.0631,14.7839,-10.5138,14.3838,-10.8944,14.5048,-0.7171,2.5249,-1.6489,2.1793
2020,iowa-state-cyclones,0.7323,18.9081,-15.0602,19.4786,-14.5615,19.5111,0.1341,2.5721,-1.7138,2.416
2020,kansas-state-wildcats,-14.8416,42.0099,-13.4905,37.8722,-17.0998,39.0271,-1.7678,4.3924,-1.3425,3.7751
2020,kentucky-wildcats,-12.336,17.3591,-6.1619,16.6028,-7.8131,17.2083,-2.1538,2.8276,-0.9104,2.8078
2020,liberty-flames,-6.0408,16.6976,-6.8221,16.1759,-7.9554,16.4666,-1.0023,2.8445,-1.0419,2.6084
2020,louisiana-lafayette-ragin-cajuns,-7.0286,20.1224,-9.3969,20.0845,-11.0615,20.4791,-1.0767,3.0742,-1.2644,2.8216
2020,louisville-cardinals,-6.1096,19.8414,-8.288,18.6378,-9.1818,18.8446,-0.9767,3.3183,-1.1576,2.9802
2020,lsu-tigers,-13.7605,74.1773,-47.0397,96.5238,-44.8471,94.4568,-0.1684,3.3522,-1.8028,3.2507
2020,marshall-thundering-herd,-0.6073,19.9299,-8.8131,17.7191,-7.0382,17.5589,-0.1651,3.2852,-1.2234,2.8472
2020,maryland-terrapins,-13.0435,,-8.6957,,-8.6957,,-3.0,,-2.0,
2020,memphis-tigers,-6.0613,21.1846,-8.0206,15.3504,-7.3914,15.1204,-1.2618,3.6501,-1.2096,2.6232
2020,miami-fl-hurricanes,1.6717,26.4887,-21.1155,28.2327,-21.0604,27.8329,0.2931,2.4544,-1.9419,2.2958
2020,michigan-wolverines,-10.743,24.5196,-15.1507,24.8142,-16.7277,25.3919,-1.3195,3.0219,-1.8506,2.8737
2020,minnesota-golden-gophers,-18.8188,32.2169,-10.5881,28.3741,-16.6059,30.1099,-2.7207,4.1095,-1.1671,3.6622
2020,mississippi-state-bulldogs,-23.0355,46.0883,-17.5046,46.7417,-17.8372,46.4715,-2.4699,4.538,-1.2747,4.2917
2020,missouri-tigers,-12.0672,5.8984,-6.1351,5.7991,-6.1351,5.7991,-2.75,1.2583,-1.375,1.315
2020,navy-midshipmen,-30.0,,-10.0,,-10.0,,-6.0,,-2.0,
2020,north-carolina-state-wolfpack,-11.7051,12.3606,-5.2478,10.9397,-6.9786,11.6907,-2.3894,2.1304,-0.9933,2.0234
2020,north-carolina-tar-heels,1.3271,24.7911,-15.9143,21.6478,-15.264,20.9351,-0.1422,2.8367,-1.734,2.3629
2020,north-dakota-state-bison,-18.1818,,-9.0909,,-9.0909,,-4.0,,-2.0,
2020,northwestern-wildcats,-0.7202,21.8329,-13.5991,21.236,-13.0031,21.0921,-0.0735,2.9212,-1.5514,2.7143
2020,notre-dame-fighting-irish,9.8936,28.1703,-62.0328,41.607,-56.5003,38.6334,0.3454,1.1108,-2.0,0.9979
2020,ohio-state-buckeyes,-23.8702,65.8009,-82.4494,61.2016,-82.3924,64.7128,-0.4949,1.3969,-1.9999,0.9893
2020,oklahoma-sooners,-0.0957,26.8967,-25.9382,32.3964,-23.3071,28.9009,-0.2066,2.4648,-1.7815,2.2484
2020,oklahoma-state-cowboys,0.7315,29.4834,-19.8094,29.586,-18.8643,28.4568,-0.0592,2.9099,-1.8307,2.6839
2020,ole-miss-rebels,-58.9602,93.1717,-8.8886,11.9335,-8.8886,11.9335,-6.6,6.5803,-1.2,1.7889
2020,oregon-ducks,-19.0399,42.4968,-26.7652,40.8684,-25.0015,40.9846,-1.2935,3.2356,-1.8808,2.9719
2020,penn-state-nittany-lions,-8.0133,32.678,-29.9031,34.4802,-26.1479,34.0337,-0.4762,2.611,-1.9816,2.2337
2020,pittsburgh-panthers,-11.8223,19.0338,-6.1291,16.3055,-6.2322,16.2707,-2.0694,3.2011,-0.93,2.8106
2020,purdue-boilermakers,-16.1477,10.7708,-2.163,9.8745,-1.4686,9.6162,-3.4444,2.0683,-0.3702,2.0979
2020,san-diego-state-aztecs,-6.6754,4.0241,-2.5725,3.8694,-2.5725,3.8694,-1.6,0.8944,-0.6,0.8944
2020,san-jose-state-spartans,-2.9461,14.5702,-4.3438,14.7247,-5.4812,14.6179,-0.5119,2.5827,-0.6131,2.4323
2020,south-carolina-gamecocks,-20.4211,23.2229,4.2607,20.9119,4.2607,20.9119,-4.0,4.2426,1.0,4.2426
2020,south-florida-bulls,-30.0,,-10.0,,-10.0,,-6.0,,-2.0,
2020,southern-methodist-mustangs,-5.9705,26.1551,-10.7539,26.8434,-13.7877,27.8652,-0.6429,3.5212,-1.2383,3.3365
2020,tcu-horned-frogs,-19.6473,13.4346,-4.9631,10.8751,-4.4322,11.1549,-4.02,2.2812,-0.888,2.1072
2020,tennessee-volunteers,-3.282,31.406,-15.5116,31.6094,-15.6369,31.8339,-0.1038,3.7667,-1.7253,3.4869
2020,texas-am-aggies,6.6796,29.972,-32.9358,32.6133,-29.2721,32.2933,0.4742,2.231,-1.9629,2.0649
2020,texas-longhorns,-0.2998,21.2735,-13.2919,21.6972,-12.9136,21.0393,-0.025,2.6947,-1.5814,2.503
2020,texas-tech-red-raiders,-23.8095,0.0,-9.5238,0.0,-9.5238,0.0,-5.0,0.0,-2.0,0.0
2020,tulsa-golden-hurricane,-7.9547,18.3811,-6.0855,15.8061,-7.2504,15.8211,-1.4161,3.016,-0.9456,2.6015
2020,uab-blazers,-30.5922,45.7476,-6.1899,37.3189,-11.1631,43.0515,-4.6667,4.4197,-0.4762,4.4101
2020,ucf-knights,3.6853,25.6567,-12.1986,20.6765,-8.4403,19.8871,0.1364,3.4609,-1.4454,2.7459
2020,usc-trojans,-7.2219,24.4015,-11.8565,22.6859,-12.8162,22.8254,-0.9023,3.4281,-1.5254,3.0992
2020,utah-utes,-17.7255,25.3408,-5.0656,17.2834,-4.8468,17.3222,-3.0488,4.1955,-0.6905,3.0852
2020,virginia-cavaliers,-22.3562,20.6269,-4.2334,15.4396,-7.0814,15.8823,-4.25,3.1242,-0.6223,2.7721
2020,virginia-tech-hokies,-9.7162,24.6366,-9.4735,23.3368,-11.7465,23.7696,-1.3994,3.6435,-1.192,3.3069
2020,wake-forest-demon-deacons,-9.3507,3.807,-5.1449,3.6606,-5.1449,3.6606,-2.2,0.8367,-1.2,0.8367
2020,washington-huskies,-15.5497,16.894,-5.3084,13.0162,-6.2516,13.2002,-2.9655,2.9431,-0.9469,2.4314
2020,west-virginia-mountaineers,-21.7596,18.2194,-3.429,15.7104,-4.3878,15.9682,-4.2273,2.8652,-0.4369,2.8809
2020,wisconsin-badgers,-7.973,33.3754,-20.7715,32.8683,-22.0767,33.2702,-0.7031,3.2928,-1.9223,2.9598
2021,air-force-falcons,-8.988,4.3714,-2.6912,4.1309,-2.6912,4.1309,-2.1111,0.928,-0.6111,0.928
2021,alabama-crimson-tide,8.0511,44.2386,-128.3406,80.5544,-124.0234,74.8773,0.1733,0.9379,-2.0,0.9021
2021,appalachian-state-mountaineers,-12.2178,9.5515,-0.6007,8.7439,-0.6541,8.9054,-2.678,1.833,-0.0556,1.8621
2021,arizona-state-sun-devils,-5.6717,20.4378,-8.5718,19.0262,-10.5032,19.5254,-0.883,3.2212,-1.2686,2.8536
2021,arkansas-razorbacks,-4.3469,24.4437,-11.5717,25.9197,-13.0776,27.3912,-0.6281,3.4124,-1.2113,2.9939
2021,army-west-point-black-knights,-9.9034,2.7194,-5.6763,2.6148,-5.6763,2.6148,-2.3333,0.5774,-1.3333,0.5774
2021,auburn-tigers,-2.8078,21.0124,-10.3782,19.4059,-12.6749,19.4937,-0.3988,3.3194,-1.3865,2.8653
2021,ball-state-cardinals,-9.4495,6.9691,-0.947,6.5114,-0.947,6.5114,-2.1667,1.472,-0.1667,1.472
2021,baylor-bears,0.3582,17.8949,-19.9342,21.4175,-19.9517,20.1564,0.0762,2.2337,-1.7912,2.0309
2021,boise-state-broncos,-7.3442,4.3138,-3.2156,4.1479,-3.2156,4.1479,-1.75,0.9574,-0.75,0.9574
2021,boston-college-eagles,-15.9267,10.9109,-5.0307,9.936,-7.9286,10.4904,-3.4,1.9149,-0.98,1.9337
2021,byu-cougars,2.4127,20.3185,-14.8373,20.0565,-12.7141,20.0353,0.419,2.7811,-1.7621,2.5847
2021,cincinnati-bearcats,5.5136,48.8175,-64.3988,55.3484,-60.4373,56.2104,0.2665,1.6227,-2.0,1.4627
2021,clemson-tigers,-3.665,35.9985,-28.7373,55.575,-27.8997,54.7023,-0.3078,2.8144,-1.4749,2.319
2021,coastal-carolina-chanticleers,-2.9662,24.6962,-11.4568,24.5478,-10.9558,24.6666,-0.136,3.3243,-1.3255,3.2024
2021,florida-gators,-4.7332,31.3789,-19.8525,34.2425,-19.5237,34.54,-0.1142,3.1076,-1.7076,3.089
2021,florida-state-seminoles,-8.5217,6.3947,-4.3478,6.1488,-4.3478,6.1488,-2.0,1.4142,-1.0,1.4142
2021,fresno-state-bulldogs,-3.5745,15.136,-8.5645,12.8633,-8.6223,13.3099,-0.6906,2.7945,-1.4676,2.2632
2021,georgia-bulldogs,-3.7776,30.5138,-156.1445,66.4629,-155.6814,67.0853,-0.0361,0.4873,-1.9999,0.4523
2021,houston-cougars,-1.834,22.6558,-11.6104,22.741,-11.931,22.8688,0.0,3.3177,-1.5014,3.1931
2021,indiana-hoosiers,-6.5043,24.4949,-12.0675,25.0734,-14.2575,25.4705,-0.8659,3.579,-1.4845,3.2658
2021,iowa-hawkeyes,1.8699,29.803,-30.842,38.7449,-30.3112,38.165,0.1462,2.5457,-1.8221,2.4491
2021,iowa-state-cyclones,3.472,26.3883,-18.8542,27.381,-14.379,26.2235,0.4061,3.1039,-1.6928,2.8046
2021,kansas-state-wildcats,-14.1416,16.3696,-3.7122,14.6123,-7.2583,15.2684,-2.7857,2.5847,-0.5423,2.5751
2021,kentucky-wildcats,-4.2164,21.5803,-14.2361,22.5996,-12.6081,22.3103,-0.5339,2.8446,-1.6516,2.5776
2021,liberty-flames,-20.612,18.2072,-1.6291,16.6329,-5.5531,17.1472,-4.02,2.889,-0.0562,3.0442
2021,louisiana-lafayette-ragin-cajuns,-4.588,20.4268,-7.8473,18.381,-7.0655,18.4442,-0.7995,3.2938,-1.1329,2.8956
2021,louisville-cardinals,-13.0435,,-8.6957,,-8.6957,,-3.0,,-2.0,
2021,lsu-tigers,-8.63,24.8705,-11.7405,25.9673,-13.4616,26.1234,-1.2959,3.5673,-1.3057,3.2173
2021,maryland-terrapins,-17.2304,12.5002,-2.7222,11.3476,-2.2449,11.5259,-3.5897,2.2445,-0.4297,2.2658
2021,miami-fl-hurricanes,-4.7663,25.8936,-11.5545,24.7212,-13.1124,24.8841,-0.763,3.6777,-1.3972,3.1384
2021,michigan-state-spartans,-0.5583,27.7687,-25.6486,32.1814,-23.6288,33.0832,0.1727,2.3059,-1.944,2.1369
2021,michigan-wolverines,1.6725,30.3425,-40.3565,46.3708,-37.3474,43.8328,-0.0816,1.9737,-1.9162,1.7148
2021,minnesota-golden-gophers,-14.0319,11.7695,-1.6688,10.3418,-0.6221,10.4697,-2.9828,2.148,-0.244,2.1046
2021,mississippi-state-bulldogs,-16.4798,14.0069,-1.7747,12.469,-4.6662,12.4854,-3.4032,2.3502,-0.2178,2.3937
2021,nevada-wolf-pack,-17.0165,9.932,-4.745,7.9756,-4.4305,8.1108,-3.625,1.9621,-0.95,1.7259
2021,north-carolina-state-wolfpack,-6.7466,16.3295,-7.6364,14.5341,-8.9469,14.7615,-1.2135,2.8649,-1.2488,2.4893
2021,north-carolina-tar-heels,-5.6048,20.455,-12.5027,22.0995,-13.3947,21.7107,-0.8173,2.7898,-1.3876,2.6723
2021,northwestern-wildcats,-8.5217,5.2213,-4.3478,5.0204,-4.3478,5.0204,-2.0,1.1547,-1.0,1.1547
2021,notre-dame-fighting-irish,4.6001,24.9689,-27.0668,26.2011,-23.5558,26.033,0.477,2.1228,-2.0,2.0451
2021,ohio-state-buckeyes,0.2752,39.7751,-45.1999,47.956,-44.8214,50.1178,0.1683,1.5841,-2.0,1.3917
2021,oklahoma-sooners,2.1618,41.7047,-52.1973,57.0034,-47.645,56.2149,0.1263,1.6118,-2.0001,1.5346
2021,oklahoma-state-cowboys,-2.9368,30.7395,-25.3539,34.9348,-26.5103,36.7921,-0.0605,2.4921,-1.8854,2.1425
2021,ole-miss-rebels,0.5223,18.6807,-18.5703,19.7103,-18.9354,19.7612,0.0988,2.162,-1.8869,2.0174
2021,oregon-ducks,1.2665,32.5468,-35.9265,38.0815,-30.4129,36.7564,0.1844,2.3498,-1.9464,2.2195
2021,oregon-state-beavers,-12.0965,13.7483,8.4994,14.2645,8.4994,14.2645,-2.5333,2.3865,1.7333,2.8402
2021,penn-state-nittany-lions,1.962,33.0116,-29.3678,37.2202,-28.0682,36.4932,-0.0886,2.7795,-1.8456,2.4563
2021,pittsburgh-panthers,-4.357,17.1774,-11.896,16.3194,-12.2527,16.5544,-0.697,2.7027,-1.6817,2.3224
2021,purdue-boilermakers,-19.5062,18.4283,-3.5576,15.8473,-5.4611,16.224,-3.7907,2.8661,-0.4663,2.8267
2021,rutgers-scarlet-knights,-30.0,,-10.0,,-10.0,,-6.0,,-2.0,
2021,san-diego-state-aztecs,-8.1522,15.4074,-5.1117,15.0825,-7.2937,15.2874,-1.5057,2.6593,-0.7631,2.5528
2021,southern-methodist-mustangs,-7.2281,12.3352,-6.9471,12.5106,-7.7378,12.3791,-1.2797,2.2444,-1.1859,2.2561
2021,stanford-cardinal,-15.8854,10.1491,-7.8595,7.5307,-8.6823,7.3974,-3.4286,1.8127,-1.6669,1.4907
2021,tcu-horned-frogs,-19.0793,17.0826,-1.4793,14.4994,-2.8608,14.5932,-3.7831,2.7321,-0.0589,2.6495
2021,texas-am-aggies,-1.3399,26.6372,-22.248,30.7146,-18.6789,28.3535,-0.0976,2.6679,-1.8318,2.382
2021,texas-longhorns,-8.6502,18.7555,-9.7957,18.2379,-10.4158,18.0799,-1.4519,3.0315,-1.3787,2.6982
2021,texas-tech-red-raiders,-13.1862,4.9258,-7.3177,2.7361,-7.3177,2.7361,-3.0,1.0,-1.6667,0.5774
2021,uab-blazers,-23.8095,,-9.5238,,-9.5238,,-5.0,,-2.0,
2021,ucf-knights,-20.0365,19.7922,-5.3431,17.5299,-7.7566,17.9411,-3.9091,2.7349,-0.7653,2.736
2021,ucla-bruins,-5.1418,30.7167,-14.825,32.976,-14.057,32.34,-0.3094,3.2143,-1.5376,3.1941
2021,usc-trojans,-5.8642,27.7758,-17.494,29.2511,-18.388,30.109,-0.4752,3.2548,-1.8136,3.0613
2021,utah-state-aggies,-11.6808,13.6566,-2.7755,12.8789,-6.9324,13.6522,-2.3529,2.3488,-0.3769,2.3356
2021,utah-utes,-1.9489,24.5266,-13.3077,24.0527,-13.0698,23.8482,-0.2934,3.2179,-1.4383,2.899
2021,utsa-roadrunners,1.5542,19.7176,-10.2552,18.4966,-8.6239,17.8341,0.0991,3.0427,-1.4821,2.545
2021,virginia-tech-hokies,-0.8642,19.8933,-10.896,18.1614,-10.6175,17.9821,-0.2074,3.1696,-1.529,2.7035
2021,wake-forest-demon-deacons,0.1373,18.1316,-14.3894,17.606,-12.5083,17.2359,0.1499,2.6129,-1.8571,2.4085
2021,washington-huskies,-15.6584,48.9473,-16.1113,49.106,-21.7741,51.1742,-1.2419,4.1555,-1.3149,4.1555
2021,west-virginia-mountaineers,-15.5412,8.4025,-6.2727,7.7717,-3.8095,8.0634,-3.4,1.6733,-1.3336,1.6996
2021,wisconsin-badgers,-5.5402,24.5126,-11.0529,22.7823,-10.896,22.949,-0.7957,3.59,-1.375,3.1144
2022,air-force-falcons,-12.8325,10.6707,-2.7966,9.1206,-4.1184,9.8801,-2.7917,1.8411,-0.514,1.7638
2022,alabama-crimson-tide,8.0303,48.4187,-79.9188,82.7875,-74.6142,77.3894,0.1984,1.0184,-2.0,0.9651
2022,appalachian-state-mountaineers,-21.4132,19.7719,-3.15,16.9929,-5.4725,17.3424,-4.1282,2.9485,-0.3309,2.8986
2022,arkansas-razorbacks,-3.0688,32.9959,-17.397,31.9637,-15.416,31.7641,-0.3633,3.821,-1.6261,3.4819
2022,auburn-tigers,-96.9697,68.2323,-15.1515,5.2486,-15.1515,5.2486,-11.3333,6.3509,-2.0,0.0
2022,baylor-bears,0.6506,30.9348,-17.2297,29.8945,-17.2491,29.4457,0.1408,3.5808,-1.6787,3.2392
2022,boise-state-broncos,-12.0843,8.3007,-4.1295,7.8094,-5.3259,8.3887,-2.6905,1.5693,-0.8601,1.607
2022,byu-cougars,-6.6335,25.1359,-12.2942,24.9493,-13.8272,25.1165,-0.8177,3.5401,-1.4067,3.129
2022,cincinnati-bearcats,-9.7199,19.506,-7.1016,17.1467,-8.7159,17.3701,-1.6383,3.0506,-1.0797,2.7827
2022,clemson-tigers,4.2755,36.4118,-39.113,39.934,-36.0374,40.3838,0.3373,2.0235,-1.9999,1.9275
2022,coastal-carolina-chanticleers,-7.0032,10.3823,-5.2182,9.5626,-7.6184,9.8863,-1.45,2.0297,-1.0234,1.8329
2022,duke-blue-devils,-10.0951,5.8771,-4.1929,5.1291,-5.8607,5.651,-2.3214,1.2188,-0.9357,1.1183
2022,florida-gators,-6.5502,35.7173,-14.3019,35.3667,-14.8497,34.9799,-0.8159,4.4453,-1.3259,3.8609
2022,florida-state-seminoles,-0.7814,26.6075,-12.5364,22.3364,-12.93,22.5163,-0.2905,3.458,-1.5337,2.7197
2022,fresno-state-bulldogs,-10.1595,9.4591,-3.4961,8.763,-3.4123,8.7409,-2.1467,1.9009,-0.6578,1.8175
2022,georgia-bulldogs,18.0886,61.3501,-176.0861,80.2416,-173.9831,81.284,0.2004,0.6424,-2.0,0.5669
2022,houston-cougars,-21.4643,24.0235,-5.7649,21.5436,-8.1945,21.6274,-3.641,3.4715,-0.5974,3.4774
2022,illinois-fighting-illini,0.0875,13.8748,-10.4906,13.1725,-10.4526,13.0834,-0.0137,2.4126,-1.6376,2.0895
2022,iowa-hawkeyes,-26.9962,19.6736,-6.0838,16.4864,-7.7126,16.6587,-5.0909,2.9407,-0.8993,2.8656
2022,iowa-state-cyclones,-18.1818,,-9.0909,,-9.0909,,-4.0,,-2.0,
2022,james-madison-dukes,-11.7324,9.1771,-1.9133,7.9999,-3.719,8.2418,-2.5862,1.7872,-0.3382,1.6896
2022,kansas-jayhawks,-5.722,14.8183,-7.3852,14.3939,-8.3922,14.3576,-1.0281,2.622,-1.1759,2.3557
2022,kansas-state-wildcats,-5.9713,21.518,-13.4892,22.0204,-14.2834,22.3671,-0.6877,2.6948,-1.6362,2.6252
2022,kentucky-wildcats,0.0324,22.9815,-16.6626,23.0715,-17.8563,23.1181,-0.2022,2.7318,-1.7008,2.4386
2022,liberty-flames,-1.3511,12.0615,-6.1943,11.4074,-6.6782,11.1988,-0.2333,2.3181,-1.0755,2.1131
2022,lsu-tigers,-0.6493,23.7845,-20.566,22.7997,-19.4722,22.2572,-0.3182,2.7005,-1.8563,2.2557
2022,marshall-thundering-herd,-18.602,22.1682,-2.2733,19.408,-9.4441,20.4869,-3.5417,3.05,-0.0417,3.05
2022,maryland-terrapins,-12.368,6.6023,-3.0738,6.4136,-3.5115,6.3555,-2.7857,1.3432,-0.65,1.4211
2022,miami-fl-hurricanes,-5.709,44.2058,-18.9827,48.0103,-18.942,47.6059,-0.0909,4.2206,-1.49,4.0815
2022,michigan-state-spartans,-2.2426,37.4803,-19.1061,39.1377,-11.9367,37.6936,0.0574,4.1967,-1.5304,4.0057
2022,michigan-wolverines,2.657,28.1357,-61.582,37.3012,-57.1427,39.5766,0.1528,1.1206,-2.0001,1.0109
2022,minnesota-golden-gophers,-15.6269,29.7028,-5.5108,29.3242,-9.6607,33.5278,-2.4019,3.7539,-0.3952,3.7738
2022,mississippi-state-bulldogs,-4.1016,12.863,-7.577,10.3703,-8.8183,10.7735,-0.851,2.35,-1.3552,1.8395
2022,north-carolina-state-wolfpack,-1.0892,25.1441,-13.7847,25.0787,-11.5835,24.4847,-0.1537,3.0768,-1.5959,2.8543
2022,north-carolina-tar-heels,-4.7392,19.2403,-10.82,17.0977,-10.6115,16.5621,-0.7233,3.0014,-1.5186,2.4569
2022,notre-dame-fighting-irish,4.0452,27.042,-17.9733,28.7254,-15.9461,27.1304,0.3366,2.6888,-1.7969,2.4163
2022,ohio-state-buckeyes,-15.1653,50.4363,-99.9759,78.8412,-103.9038,80.5202,-0.1637,0.7417,-1.9999,0.6752
2022,oklahoma-sooners,6.9008,38.1897,-31.4623,38.6546,-22.3892,37.5546,0.623,3.0934,-1.8985,2.9797
2022,oklahoma-state-cowboys,2.9685,28.3168,-23.518,27.6233,-18.4385,27.0221,0.359,2.6247,-1.9342,2.4421
2022,ole-miss-rebels,-3.4404,22.4807,-18.1319,23.3992,-16.7263,23.5042,-0.3367,2.7952,-1.774,2.7012
2022,oregon-ducks,0.0796,20.8117,-19.8338,21.1506,-18.9541,21.1084,0.0397,2.4291,-1.894,2.1325
2022,oregon-state-beavers,-10.4228,16.5288,-10.6375,15.7497,-13.1685,16.7531,-1.6016,2.2339,-1.525,2.0685
2022,penn-state-nittany-lions,-2.0325,29.1394,-20.3163,28.4207,-21.0237,28.852,-0.1235,3.0092,-1.8256,2.6062
2022,pittsburgh-panthers,-5.4886,23.7393,-8.7283,22.6949,-8.7199,22.6456,-0.7552,3.5604,-1.1287,3.2062
2022,purdue-boilermakers,-13.8222,9.4171,-3.9597,8.4302,-5.799,8.6193,-3.0159,1.7459,-0.8029,1.7435
2022,south-alabama-jaguars,-13.1697,8.8261,-3.1567,8.587,-3.3945,9.5901,-2.9,1.792,-0.633,1.8886
2022,south-carolina-gamecocks,-5.0798,12.5315,-7.0319,12.7601,-7.5659,12.9126,-0.9389,2.3048,-1.2182,2.2385
2022,syracuse-orange,0.2409,16.5636,-10.832,17.213,-10.5143,17.2383,0.1821,2.547,-1.5192,2.4683
2022,tcu-horned-frogs,1.9284,22.4103,-46.0726,32.1201,-43.7048,28.3255,0.0435,1.1918,-1.9999,1.1482
2022,tennessee-volunteers,-8.9518,46.2,-50.6828,74.4176,-51.458,79.0592,-0.2254,2.2829,-1.8931,1.954
2022,texas-am-aggies,-2.9664,32.6192,-24.6364,36.53,-25.6203,36.0783,-0.6519,3.0383,-1.6126,2.7061
2022,texas-longhorns,-8.775,23.376,-7.7811,18.9557,-9.5365,19.2382,-1.3628,3.5133,-1.1322,2.9447
2022,texas-tech-red-raiders,-9.7697,6.5503,0.3042,5.9324,0.3042,5.9324,-2.2381,1.3381,0.119,1.3125
2022,troy-trojans,-1.6589,11.3701,-5.4091,8.4024,-5.8756,8.2956,-0.4529,2.3206,-1.0589,1.6796
2022,tulane-green-wave,-0.8565,16.3478,-11.5549,16.9467,-10.6695,16.5828,-0.1856,2.4131,-1.5674,2.2733
2022,ucf-knights,-4.2565,12.3676,-5.9977,11.4571,-8.331,11.7429,-0.8427,2.3262,-1.0176,2.0821
2022,ucla-bruins,0.5962,18.0247,-16.5546,18.6157,-15.0015,18.744,0.1197,2.2795,-1.875,2.1992
2022,usc-trojans,5.127,34.3962,-31.7058,36.6213,-27.1697,36.3772,0.6337,2.5112,-1.9652,2.4615
2022,utah-utes,4.555,28.2886,-21.1423,29.0257,-18.8592,29.2872,0.743,2.9184,-1.9367,2.7957
2022,utsa-roadrunners,-5.6301,11.0406,-4.9546,9.9541,-7.158,10.2518,-1.1657,2.1813,-0.9591,1.8501
2022,wake-forest-demon-deacons,-5.6918,23.4413,-13.5474,22.2462,-15.4316,22.6784,-0.6966,3.1376,-1.6298,2.8734
2022,washington-huskies,-1.1686,19.0588,-16.4369,20.1633,-14.2711,20.283,-0.0764,2.4372,-1.7324,2.3729
2022,washington-state-cougars,-22.323,23.6048,-1.507,20.044,-1.9662,20.7867,-4.1481,3.2179,0.0484,3.2754
2022,wisconsin-badgers,-2.7997,27.5933,-11.1951,27.2857,-14.4382,27.6985,0.0678,3.9951,-1.2536,3.7982
2023,air-force-falcons,-0.1205,13.1773,-9.3182,12.7972,-10.2163,12.6993,-0.0226,2.3978,-1.6018,2.1458
2023,alabama-crimson-tide,-3.1043,21.1733,-32.1835,29.7021,-32.2496,29.3308,-0.0743,1.3711,-2.0,1.3138
2023,arizona-wildcats,1.4937,12.6751,-13.2059,13.4206,-14.4021,13.5255,0.2266,1.8401,-1.7954,1.7918
2023,arkansas-razorbacks,-22.3308,17.534,-6.2497,15.4965,-12.9032,16.2047,-4.3684,2.7931,-0.9895,2.813
2023,auburn-tigers,-15.0621,7.9331,-4.6239,7.7808,-4.6239,7.7808,-3.3333,1.5275,-1.0,1.7321
2023,baylor-bears,-13.0435,,-8.6957,,-8.6957,,-3.0,,-2.0,
2023,boise-state-broncos,-10.9172,9.34,-2.3137,8.6835,-6.6511,8.9808,-2.4286,1.8127,-0.4286,1.8127
2023,clemson-tigers,-8.0941,21.3357,-10.726,22.9972,-9.7171,21.1823,-1.6569,2.8062,-1.1664,2.3465
2023,coastal-carolina-chanticleers,-13.0435,,-8.6957,,-8.6957,,-3.0,,-2.0,
2023,colorado-buffaloes,-6.7187,22.4956,-10.7904,22.6855,-14.1283,23.4005,-0.8289,3.0608,-1.4473,3.008
2023,duke-blue-devils,-2.8769,18.0172,-11.5549,17.2351,-12.3766,17.6216,-0.2854,2.7115,-1.7264,2.5231
2023,florida-gators,-6.8275,12.8311,-6.8596,11.7596,-8.1205,12.0188,-1.3152,2.2723,-1.2856,2.0404
2023,florida-state-seminoles,-16.703,64.1784,-69.5363,84.9437,-70.8321,88.8391,-0.1817,1.4312,-2.0001,1.4057
2023,fresno-state-bulldogs,-7.6313,7.6354,-4.3119,6.7724,-6.854,7.0311,-1.696,1.5823,-0.9239,1.4127
2023,georgia-bulldogs,23.6412,64.4368,-173.6853,83.9356,-154.9352,74.886,0.238,0.715,-2.0,0.6724
2023,iowa-hawkeyes,-7.3484,12.8016,-6.4825,11.1631,-7.179,11.2373,-1.4943,2.4052,-1.1602,2.0466
2023,james-madison-dukes,-5.3166,14.2022,-4.966,12.8421,-6.4233,12.9974,-1.0963,2.6323,-0.8407,2.2215
2023,kansas-jayhawks,-6.9354,12.2393,-7.4893,11.9412,-8.1976,11.9105,-1.2906,2.2417,-1.3294,2.0455
2023,kansas-state-wildcats,-1.1659,18.9138,-9.2955,17.7038,-9.2761,17.648,-0.3206,3.0663,-1.3472,2.5389
2023,kentucky-wildcats,-5.4594,13.0352,-7.0766,12.2158,-9.3351,12.4294,-1.0833,2.4652,-1.2771,2.0999
2023,liberty-flames,-3.4691,15.5264,-5.2129,14.2728,-6.1533,14.0242,-0.6519,2.8102,-0.7979,2.4972
2023,louisville-cardinals,1.3782,16.1731,-14.2788,16.3403,-11.7371,15.6598,0.1543,2.3831,-1.7281,2.2428
2023,lsu-tigers,-0.5889,22.4598,-17.744,25.6438,-16.9387,26.3791,-0.0218,2.5092,-1.8578,2.4264
2023,maryland-terrapins,-7.7526,6.387,-3.7094,6.2228,-5.6245,6.8052,-1.75,1.3128,-0.7983,1.3136
2023,memphis-tigers,-10.1961,8.4725,-0.7498,7.8516,-1.6361,7.8866,-2.2857,1.6838,-0.0857,1.6838
2023,miami-fl-hurricanes,-3.8492,14.4501,-10.2172,15.5229,-12.6849,15.8926,-0.539,2.3283,-1.5928,2.3775
2023,miami-oh-redhawks,-7.1924,3.3725,-3.0696,3.2427,-3.0696,3.2427,-1.7222,0.7519,-0.7222,0.7519
2023,michigan-wolverines,12.2155,61.8507,-125.419,91.8778,-108.4923,87.2843,0.3404,1.0693,-2.0,1.022
2023,minnesota-golden-gophers,-8.4589,4.523,-4.2874,4.3491,-4.2874,4.3491,-2.0,1.0,-1.0,1.0
2023,mississippi-state-bulldogs,-18.1818,,-9.0909,,-9.0909,,-4.0,,-2.0,
2023,missouri-tigers,0.6283,15.1319,-15.6761,16.3961,-13.7701,15.6184,-0.0207,1.9419,-1.7712,1.8163
2023,north-carolina-state-wolfpack,-1.6807,12.2514,-7.4079,11.6309,-7.899,11.7892,-0.2959,2.3652,-1.334,2.1334
2023,north-carolina-tar-heels,-2.0514,16.7693,-12.9935,17.318,-11.1847,17.3876,-0.2234,2.5601,-1.6783,2.429
2023,notre-dame-fighting-irish,0.4773,18.7315,-16.7019,20.8238,-15.486,20.9978,0.1509,2.055,-1.8798,1.9637
2023,ohio-state-buckeyes,-0.9623,48.5835,-65.759,69.0931,-67.6935,69.7885,0.1054,1.2838,-2.0001,1.2095
2023,oklahoma-sooners,-0.1533,23.3849,-21.3963,30.182,-21.8713,31.5874,0.1965,2.1296,-1.9105,2.1
2023,oklahoma-state-cowboys,-1.9266,15.2011,-10.7548,13.5855,-11.1067,13.4207,-0.3634,2.5938,-1.7341,2.1764
2023,ole-miss-rebels,-1.0944,13.8818,-16.425,14.7332,-16.55,14.8288,-0.0297,1.872,-1.9138,1.7964
2023,oregon-ducks,2.1292,17.1614,-27.392,19.3385,-26.0841,18.8003,0.1747,1.3781,-2.0,1.3153
2023,oregon-state-beavers,2.3327,16.1809,-14.1091,15.491,-13.685,15.4985,0.3508,2.3024,-1.8579,2.0658
2023,penn-state-nittany-lions,-2.635,25.408,-29.8607,29.7646,-29.6864,31.175,0.0482,1.5958,-2.0,1.5475
2023,pittsburgh-panthers,-20.0029,16.2199,2.6284,14.5723,2.6284,14.5723,-4.0,2.9665,0.6667,2.9777
2023,south-carolina-gamecocks,-15.6353,11.4077,-2.8753,10.3261,-2.0935,10.29,-3.3182,2.1018,-0.4852,2.1018
2023,southern-methodist-mustangs,-0.8486,17.3039,-7.3532,14.0745,-7.444,14.1057,-0.2781,3.0815,-1.2169,2.3936
2023,syracuse-orange,-8.6288,6.6883,-0.1894,6.251,-0.1894,6.251,-2.0,1.4142,0.0,1.4142
2023,tcu-horned-frogs,0.4271,23.4112,-8.7387,21.0533,-10.3603,21.4279,0.0513,3.881,-1.1448,3.0998
2023,tennessee-volunteers,-1.32,18.2392,-12.6294,18.2599,-11.8364,17.742,-0.2333,2.6134,-1.629,2.3978
2023,texas-am-aggies,-16.9545,19.025,-5.8891,17.54,-6.8456,17.5067,-2.9184,3.0109,-0.7853,2.9708
2023,texas-longhorns,5.6666,43.8896,-47.2314,65.9563,-43.4407,63.1359,0.3996,1.5365,-2.0,1.4761
2023,texas-tech-red-raiders,-19.0395,24.8393,-5.1228,22.0828,-9.8469,22.9511,-3.6071,2.8589,-0.6071,2.8589
2023,toledo-rockets,-5.1402,9.9535,-2.2709,9.2355,-4.7379,9.7619,-1.0638,2.0256,-0.4229,1.8954
2023,troy-trojans,-10.2245,7.9737,-1.2947,7.436,-1.9371,7.4093,-2.3,1.5884,-0.2175,1.599
2023,tulane-green-wave,-4.5151,16.6794,-8.2846,15.8443,-10.647,16.3245,-0.7675,2.8081,-1.3091,2.4831
2023,ucla-bruins,-3.1747,15.0219,-6.5523,13.7973,-9.2012,13.9412,-0.5407,2.7231,-1.0878,2.4032
2023,unlv-rebels,-9.6262,5.8506,-3.8392,5.5413,-5.4098,5.6256,-2.2222,1.1875,-0.8519,1.1866
2023,usc-trojans,-3.5703,28.717,-28.8145,35.8066,-25.9782,33.9646,-0.3934,2.1155,-1.7515,1.9516
2023,utah-utes,0.0093,18.7538,-16.1828,18.3842,-14.302,17.9748,0.1032,2.3627,-1.9223,2.0724
2023,utsa-roadrunners,-10.511,6.7146,-2.8712,6.3705,-2.1059,6.3728,-2.3929,1.37,-0.6041,1.392
2023,washington-huskies,-10.1315,46.3995,-55.5163,61.9017,-58.2027,65.4236,-0.1596,1.505,-2.0001,1.4527
2023,washington-state-cougars,-1.3691,15.9293,-11.2274,16.9341,-14.2787,17.3352,-0.0944,2.3771,-1.559,2.3664
2023,west-virginia-mountaineers,-13.5327,8.6889,-3.9918,7.6955,-5.4245,7.8169,-2.9744,1.6778,-0.8069,1.6084
2023,wisconsin-badgers,-1.7102,16.7516,-8.5307,16.7278,-7.7651,16.8212,-0.2028,2.9445,-1.3138,2.7556
2023,wyoming-cowboys,-12.3051,9.019,-1.3671,8.3631,-0.5997,8.4231,-2.7222,1.6735,-0.2222,1.7407
2024,alabama-crimson-tide,15.4502,31.7296,-49.2118,36.7825,-44.8216,36.3283,0.6913,1.2292,-1.9999,1.2169
2024,arizona-wildcats,-3.3751,20.4827,-9.6226,21.3217,-11.7448,21.7205,-0.2934,2.8056,-1.4428,2.7551
2024,arkansas-razorbacks,-13.0435,,-8.6957,,-8.6957,,-3.0,,-2.0,
2024,auburn-tigers,-11.6162,5.686,-3.0303,5.2486,-3.0303,5.2486,-2.6667,1.1547,-0.6667,1.1547
2024,boise-state-broncos,-15.8088,16.6381,-2.6653,14.5749,-6.1013,15.6592,-3.1798,2.4843,-0.32,2.5058
2024,boston-college-eagles,-15.6477,16.7155,-2.8047,15.1187,-3.7569,16.8418,-3.0429,2.7894,-0.2997,2.7353
2024,byu-cougars,-13.6126,19.6696,-12.199,19.4545,-13.6126,19.6696,-2.1698,2.8604,-1.9008,2.8604
2024,california-golden-bears,-22.6891,12.5232,-9.7965,8.1302,-9.7965,8.1302,-4.6667,2.0817,-2.0,1.5
2024,clemson-tigers,-4.1867,19.799,-11.2786,20.1583,-11.591,20.0833,-0.626,3.0219,-1.5155,2.8384
2024,florida-state-seminoles,-0.4186,33.0428,-27.5589,36.1632,-23.8322,35.4648,0.3387,2.7338,-2.0003,2.7338
2024,georgia-bulldogs,4.5016,53.5422,-171.2412,84.2453,-162.1651,81.7747,0.1029,0.6689,-2.0,0.6573
2024,georgia-tech-yellow-jackets,-9.7448,14.4473,-5.3535,14.1127,-4.7441,14.0778,-1.7353,2.6205,-0.8553,2.6205
2024,illinois-fighting-illini,-8.6153,17.614,-8.5902,17.5193,-11.3473,18.4078,-1.5,2.8811,-1.3163,2.6042
2024,indiana-hoosiers,-11.6422,12.078,0.9823,11.0986,-1.453,11.0857,-2.5,2.0469,0.3542,2.1244
2024,iowa-hawkeyes,-10.1763,20.5776,-6.5716,18.7716,-10.5714,19.4328,-1.7453,3.2923,-0.938,2.942
2024,iowa-state-cyclones,-7.2284,18.7807,-11.5391,18.6153,-14.7123,18.8897,-1.0056,2.9794,-1.712,2.7686
2024,james-madison-dukes,-5.7727,5.014,2.5095,4.6873,2.5095,4.6873,-1.375,1.0607,0.625,1.0607
2024,kansas-jayhawks,-1.5602,16.3653,-9.0357,15.8984,-10.8479,16.4703,-0.1364,2.8137,-1.4875,2.5761
2024,kansas-state-wildcats,-2.545,15.5384,-13.5936,15.8912,-12.4024,15.5179,-0.2833,2.1672,-1.8338,2.1013
2024,liberty-flames,-12.1662,10.3123,-1.3123,9.9366,-3.3602,10.1817,-2.6522,1.9214,-0.197,2.0527
2024,louisville-cardinals,-2.1301,16.8633,-10.0002,16.5744,-10.0853,16.4725,-0.3052,2.8418,-1.532,2.5459
2024,lsu-tigers,6.435,17.968,-13.9209,17.8353,-11.789,17.5372,1.1049,2.5318,-1.8856,2.4654
2024,memphis-tigers,-13.4804,13.2841,-0.9678,12.6162,-4.4907,13.5314,-2.7755,2.3118,-0.0373,2.4398
2024,miami-fl-hurricanes,-7.7655,40.3297,-28.774,41.6906,-25.5287,41.0971,-0.3627,2.9911,-1.955,2.8634
2024,michigan-wolverines,4.861,26.6541,-19.7612,29.6644,-17.9517,30.2372,0.7318,2.6194,-1.9282,2.606
2024,missouri-tigers,9.2273,35.3933,-27.3436,30.2184,-26.3171,30.1164,0.6881,2.5239,-2.0,2.2258
2024,nebraska-cornhuskers,-9.8327,20.7596,-6.3111,18.4103,-9.5985,18.8136,-1.598,3.1662,-0.9051,2.9654
2024,north-carolina-state-wolfpack,-9.7814,19.5747,-3.9429,18.8395,-7.4792,19.4766,-1.6053,2.9937,-0.4162,2.9872
2024,north-carolina-tar-heels,-22.6891,12.5232,-9.4376,0.9633,-9.4376,0.9633,-4.6667,2.0817,-2.0,0.0
2024,northern-illinois-huskies,-8.9325,15.0894,-4.0305,13.52,-6.0801,13.8171,-1.6522,2.8119,-0.6168,2.5604
2024,notre-dame-fighting-irish,9.0027,26.6997,-23.0636,32.3942,-20.9986,33.2637,0.9392,2.5795,-1.8249,2.5816
2024,ohio-state-buckeyes,-15.2733,57.2192,-106.8974,89.2771,-111.7363,91.5482,-0.119,0.8242,-1.9998,0.8009
2024,oklahoma-sooners,-2.5739,24.1607,-15.0208,25.242,-15.3183,25.5798,-0.1225,2.8158,-1.8642,2.7181
2024,oklahoma-state-cowboys,1.0915,17.2304,-14.269,17.1919,-15.1887,17.7766,0.268,2.3637,-1.9456,2.2742
2024,ole-miss-rebels,-0.5788,37.4693,-45.0493,41.0465,-41.94,41.8773,0.1865,1.7971,-2.0001,1.7439
2024,oregon-ducks,-3.0688,37.8873,-41.4848,47.742,-42.1581,46.2144,0.0547,2.0097,-2.0003,1.9666
2024,penn-state-nittany-lions,-1.0283,27.4805,-28.5247,29.4322,-31.0208,30.3237,0.1125,1.9152,-1.9997,1.8155
2024,pittsburgh-panthers,-10.991,8.3137,-3.1355,7.7553,-6.7221,7.994,-2.4667,1.5523,-0.6337,1.5523
2024,south-carolina-gamecocks,-15.8373,10.821,-3.6934,9.9136,-3.6934,9.9136,-3.4,2.0736,-0.7,2.0797
2024,southern-methodist-mustangs,-13.4491,9.4877,-4.5547,8.7849,-6.5214,8.9791,-2.9474,1.7151,-0.923,1.7414
2024,syracuse-orange,-12.9207,10.3234,-2.8541,9.655,-5.8079,10.6673,-2.8095,1.8641,-0.5088,1.9015
2024,tennessee-volunteers,5.8686,35.5828,-31.8681,42.0023,-27.9414,40.7489,0.5469,2.4997,-1.9722,2.3938
2024,texas-am-aggies,-11.6062,18.4648,-4.5918,17.4226,-7.0464,17.5377,-2.1511,2.995,-0.5666,2.7487
2024,texas-longhorns,18.4887,55.2996,-118.3075,86.2288,-101.7685,71.4737,0.2058,0.7638,-2.0,0.6968
2024,toledo-rockets,-13.1862,4.9258,-6.6562,4.6416,-6.6562,4.6416,-3.0,1.0,-1.5,1.0
2024,tulane-green-wave,-20.9957,3.9794,-9.3074,0.3061,-9.3074,0.3061,-4.5,0.7071,-2.0,0.0
2024,ucf-knights,-13.0435,,-8.6957,,-8.6957,,-3.0,,-2.0,
2024,unlv-rebels,-15.3334,14.283,-1.6924,12.7823,-1.5537,12.6374,-3.1667,2.4319,-0.1863,2.4491
2024,usc-trojans,-8.4437,44.9483,-21.9505,48.6152,-22.8678,48.917,-0.4152,2.6102,-1.8754,2.2475
2024,utah-utes,-12.0805,37.6086,-26.6545,39.4522,-30.8532,41.0096,-0.5916,2.7186,-2.0,2.5864
2024,utsa-roadrunners,-13.6177,9.9172,-3.1746,10.2883,-3.1746,10.2883,-3.0,2.0,-0.6667,2.3094
2024,vanderbilt-commodores,-12.2985,12.8112,5.637,11.35,5.637,11.35,-2.6,2.4129,1.3,2.3711
2024,virginia-tech-hokies,-16.7379,12.8698,-4.5792,11.6029,-7.743,11.8956,-3.5,2.1767,-0.808,2.1767
2024,washington-huskies,-18.3904,16.4813,0.1959,14.9969,-1.1621,15.2308,-3.6842,2.7091,0.1632,2.8715
2024,washington-state-cougars,-12.1662,8.6132,-2.4578,8.1689,-2.6767,8.227,-2.6944,1.6873,-0.4647,1.7352
2024,west-virginia-mountaineers,-12.4827,6.0096,-5.2709,5.6243,-8.1565,5.7785,-2.8333,1.169,-1.1663,1.169
2024,wisconsin-badgers,-23.4663,18.26,-4.2059,12.5319,-4.2059,12.5319,-4.5714,2.9358,-0.7143,2.4976
