season,team,n,bias1-a,bias1-b,bias1-c,bias2-a,bias2-b,bias2-c,bias3-a,bias3-b,bias3-c,bias0-ap,bias0-mean
2014,air-force-falcons,9,-0.8626,0.0,-0.8626,0.15659999999999996,0.0,0.15659999999999996,-0.1461,0.0,-0.1461,-35.0,-2.0
2014,alabama-crimson-tide,61,13.3604,11.9521,14.8505,-55.7843,-50.518100000000004,-58.4178,-52.3934,-44.146499999999996,-57.8446,707.0,-2022.031
2014,arizona-state-sun-devils,61,0.21629999999999996,-0.8642,1.3721999999999999,-9.7638,-7.2506,-11.4499,-9.0422,-6.2956,-10.8308,204.0,-1728.73
2014,arizona-wildcats,60,-1.1333,-4.002400000000001,-0.1763,-10.9777,-14.2621,-10.0739,-11.061,-14.6803,-10.0675,-22.0,-1224.403
2014,arkansas-razorbacks,17,-2.2542,-0.8825000000000001,-1.9052,-0.13460000000000003,-0.12899999999999998,-0.2184,-0.4553999999999999,-0.12899999999999998,-0.5948,-101.0,-10.718000000000002
2014,auburn-tigers,61,-0.17409999999999992,-4.0396,3.7272,-28.9936,-40.1428,-18.1115,-27.1958,-40.4128,-14.2712,251.0,-1945.7459999999999
2014,baylor-bears,61,-1.1198000000000001,-3.1069999999999998,0.5634999999999999,-22.1625,-24.2995,-20.089,-20.9261,-23.6308,-18.3352,64.0,-2022.0400000000002
2014,boise-state-broncos,59,-4.0894,-0.4414,-4.046,-4.8932,0.20929999999999999,-5.0169,-6.1935,0.20929999999999999,-6.3421,-265.0,-266.456
2014,boston-college-eagles,5,-1.1118999999999999,-1.1118999999999999,0.0,-0.05559999999999998,-0.05559999999999998,0.0,-0.1362,-0.1362,0.0,-41.0,-6.332000000000001
2014,byu-cougars,60,-3.6862999999999997,-3.6862999999999997,0.0,-3.5758,-3.5758,0.0,-5.5025,-5.5025,0.0,-251.0,-184.548
2014,cincinnati-bearcats,5,-0.7795000000000001,-0.7795000000000001,0.0,-0.1796,-0.1796,0.0,-0.1527,-0.1527,0.0,-50.0,-9.332
2014,clemson-tigers,61,-2.6649000000000003,-2.9529,-1.3804,-6.1408,-4.2242,-6.5065,-7.7218,-6.1646,-7.8017,-548.0,-1103.735
2014,colorado-state-rams,58,-2.2258,0.0,-2.2258,-1.3472,0.0,-1.3472,-1.3126,0.0,-1.3126,-259.0,-119.581
2014,duke-blue-devils,60,-4.4403,-4.9268,-3.8313,-2.0564999999999998,-0.48489999999999994,-2.7915,-3.1419,-0.9374,-4.0653,-772.0,-306.722
2014,east-carolina-pirates,60,-0.9773000000000001,-0.18460000000000007,-1.7773999999999999,-4.851999999999999,-3.9494,-6.1895,-4.9732,-3.6691,-7.0229,-117.0,-475.445
2014,florida-gators,25,-4.8959,-4.8959,0.0,-0.6545,-0.6545,0.0,-1.4428,-1.4428,0.0,-237.0,-34.609
2014,florida-state-seminoles,61,16.1113,35.5446,-1.7624999999999997,-97.032,-108.5088,-85.2051,-85.5003,-89.4473,-80.6583,312.0,-2022.167
2014,georgia-bulldogs,61,-1.0295999999999998,-3.3384,0.9587,-16.529,-19.8208,-13.5217,-15.7831,-19.1658,-12.7486,288.0,-2001.853
2014,georgia-tech-yellow-jackets,60,-0.009000000000000015,-3.1491,0.8294,-8.7651,-2.0246,-9.8569,-8.8505,-4.7546,-9.327,-57.0,-684.1129999999999
2014,iowa-hawkeyes,17,-3.3293999999999997,-3.3293999999999997,0.0,-0.5271,-0.5271,0.0,-0.6979000000000002,-0.6979000000000002,0.0,-96.0,-5.75
2014,kansas-state-wildcats,61,-1.3534,0.3637999999999998,-2.1057,-9.8192,-4.4333,-13.165799999999999,-9.826,-4.5558,-12.981,-141.0,-1530.019
2014,kentucky-wildcats,10,-1.7971,-1.7971,0.0,-0.22949999999999998,-0.22949999999999998,0.0,-0.4217,-0.4217,0.0,-36.0,-2.0
2014,louisville-cardinals,59,-3.8382,-3.0758,-2.9764999999999997,-4.013,-1.7806000000000002,-4.0978,-5.4232000000000005,-3.1995,-5.2906,-458.0,-410.166
2014,lsu-tigers,61,-5.2144,-7.4269,-1.7965,-10.578,-14.4484,-5.2832,-12.2437,-15.7432,-7.3769,-514.0,-1123.653
2014,marshall-thundering-herd,60,-1.5556,-4.8484,-0.5285,-1.2581,0.9440000000000001,-1.9437,-2.7402,0.8272999999999999,-3.6864,-580.0,-312.303
2014,maryland-terrapins,1,-0.1304,0.0,-0.1304,-0.087,0.0,-0.087,-0.087,0.0,-0.087,-3.0,-2.0
2014,memphis-tigers,35,-2.5634,0.0,-2.5634,-1.1021999999999998,0.0,-1.1021999999999998,-0.9480999999999999,0.0,-0.9480999999999999,-112.0,-49.661
2014,miami-fl-hurricanes,4,-0.9581,-0.8277,-0.1304,-0.16079999999999997,-0.07379999999999999,-0.087,-0.16079999999999997,-0.07379999999999999,-0.087,-19.0,-3.0
2014,michigan-state-spartans,61,2.477,3.716,2.0909,-18.4355,-17.9228,-17.7579,-16.673,-15.5628,-16.5352,635.0,-2019.924
2014,michigan-wolverines,10,-1.698,-1.698,0.0,0.05090000000000006,0.05090000000000006,0.0,-0.5871000000000001,-0.5871000000000001,0.0,-57.0,1.3300000000000016
2014,minnesota-golden-gophers,55,-3.0555000000000003,-1.6692,-2.9539,-2.3078,-0.4495,-2.5007,-3.5324999999999998,-1.1055,-3.6127,-261.0,-137.108
2014,mississippi-state-bulldogs,60,5.8016,-0.4064000000000001,9.6911,-55.6615,-43.8056,-61.87,-49.2142,-40.3434,-53.8599,87.0,-1547.045
2014,missouri-tigers,61,-2.593,-4.4469,-0.7847000000000001,-5.8662,-3.324,-7.4781,-6.3772,-4.3926,-7.5196,-460.0,-774.616
2014,nebraska-cornhuskers,60,-0.8363,-3.9488,1.0912,-5.2265,-4.8784,-6.4732,-5.1109,-5.8008,-5.4465,-571.0,-1059.006
2014,north-carolina-tar-heels,42,-5.8044,-5.8044,0.0,-3.3092,-3.3092,0.0,-5.1528,-5.1528,0.0,-337.0,-172.293
2014,north-dakota-state-bison,1,-0.1304,-0.1304,0.0,-0.087,-0.087,0.0,-0.087,-0.087,0.0,-15.0,-10.0
2014,northern-illinois-huskies,6,-0.5176999999999999,0.0,-0.5176999999999999,-0.01129999999999999,0.0,-0.01129999999999999,-0.01129999999999999,0.0,-0.01129999999999999,-15.0,-1.0
2014,northwestern-wildcats,2,-0.3833,-0.3833,0.0,-0.00910000000000001,-0.00910000000000001,0.0,-0.00910000000000001,-0.00910000000000001,0.0,-8.0,0.0
2014,notre-dame-fighting-irish,60,3.9941,6.9233,-0.6933000000000001,-15.9279,-15.2872,-17.0797,-13.1271,-11.7566,-15.4702,448.0,-1411.331
2014,ohio-state-buckeyes,61,1.0611,4.8062,-1.4944,-22.2322,-12.7044,-29.097,-22.2939,-11.708400000000001,-29.9755,276.0,-1740.373
2014,oklahoma-sooners,61,-7.4472,-11.6424,-0.4128,-28.1329,-44.2281,-5.2143,-26.8575,-42.0155,-5.2729,-228.0,-1535.4759999999999
2014,oklahoma-state-cowboys,59,-1.1075,-0.4052999999999997,-5.2751,-3.3417000000000003,-3.7585,-0.5741,-3.5709,-3.7245000000000004,-1.9426,-401.0,-289.026
2014,ole-miss-rebels,61,0.8912,2.4802,-0.5057999999999999,-19.2394,-20.2304,-18.2656,-17.7613,-17.0768,-18.2844,458.0,-1935.3380000000002
2014,oregon-ducks,61,0.24809999999999993,5.0265,-4.319599999999999,-52.8501,-59.5021,-46.265,-48.0274,-50.6259,-45.1992,230.0,-2022.0829999999999
2014,oregon-state-beavers,3,-0.7369,-0.7369,0.0,-0.30569999999999997,-0.30569999999999997,0.0,-0.30569999999999997,-0.30569999999999997,0.0,-15.0,-6.0
2014,penn-state-nittany-lions,23,-5.0884,-5.0884,0.0,-0.8047,-0.8047,0.0,-1.6593,-1.6593,0.0,-226.0,-36.31
2014,pittsburgh-panthers,7,-1.9167,-1.9167,0.0,-0.4261,-0.4261,0.0,-0.4261,-0.4261,0.0,-43.0,-10.5
2014,rutgers-scarlet-knights,4,-0.5578,-0.5578,0.0,-0.1472,-0.1472,0.0,-0.1472,-0.1472,0.0,-17.0,-5.0
2014,south-carolina-gamecocks,61,-2.1925,-2.1925,0.0,-9.7774,-9.7774,0.0,-10.1587,-10.1587,0.0,-160.0,-411.061
2014,stanford-cardinal,61,-2.8523,-2.9223,-1.5097,-9.9861,-10.5476,-0.38419999999999993,-10.4603,-11.0181,-0.5718,-171.0,-776.7040000000001
2014,tcu-horned-frogs,60,-5.217499999999999,-5.8964,-4.6895,-25.3523,-13.9064,-29.1986,-26.0747,-13.108699999999999,-30.3542,-342.0,-1309.679
2014,tennessee-volunteers,2,-0.7872,-0.7872,0.0,-0.2501,-0.2501,0.0,-0.2501,-0.2501,0.0,-28.0,-8.0
2014,texas-am-aggies,60,-12.4698,-12.704199999999998,-4.1689,-30.8056,-32.423,-0.9648,-31.4784,-33.0147,-1.8974,-157.0,-834.294
2014,texas-longhorns,31,-6.3326,-6.3326,0.0,-1.7029,-1.7029,0.0,-1.9881,-1.9881,0.0,-212.0,-57.134
2014,texas-tech-red-raiders,7,-0.7585999999999999,-0.7585999999999999,0.0,-0.2547,-0.2547,0.0,-0.442,-0.442,0.0,-29.0,-12.75
2014,ucf-knights,17,-5.7788,-5.8004,-0.1704,-1.7496,-1.6033,-0.087,-2.3614,-2.2497000000000003,-0.087,-98.0,-16.236
2014,ucla-bruins,61,0.6369,-0.5305000000000001,1.2924,-12.1558,-15.8861,-8.8338,-10.5038,-13.2855,-8.1053,208.0,-1580.761
2014,usc-trojans,61,-1.9288,-1.6287,-1.7677,-7.1588,-9.5286,-3.0635,-7.9751,-9.781,-4.8506,-368.0,-1035.4
2014,utah-state-aggies,3,-0.5032,0.0,-0.5032,-0.1659,0.0,-0.1659,-0.1659,0.0,-0.1659,-11.0,-3.5
2014,utah-utes,60,-2.4041,-4.6466,-1.6523999999999999,-4.3963,-2.3834999999999997,-4.817,-4.2803,-2.1403,-4.7382,-418.0,-649.044
2014,virginia-cavaliers,2,-0.2651,-0.2651,0.0,-0.0909,-0.0909,0.0,-0.0909,-0.0909,0.0,-6.0,-2.0
2014,virginia-tech-hokies,54,-6.0655,-6.0655,0.0,-7.0789,-7.0789,0.0,-4.5729,-4.5729,0.0,-143.0,-112.43199999999999
2014,washington-huskies,42,-5.4092,-5.4092,0.0,-1.1738,-1.1738,0.0,-1.3123,-1.3123,0.0,-187.0,-26.336
2014,west-virginia-mountaineers,60,-3.2602,-1.7877,-3.4162,-3.0046,0.5159,-4.0238000000000005,-4.4314,0.5566,-5.527200000000001,-309.0,-183.248
2014,wisconsin-badgers,61,-1.5342,-0.8114000000000002,-1.1944000000000001,-8.4401,-7.4414,-8.0742,-8.051,-7.4829,-7.3355,-173.0,-1196.54
2015,air-force-falcons,7,-0.6737,0.0,-0.6737,0.07979999999999998,0.0,0.07979999999999998,0.07979999999999998,0.0,0.07979999999999998,-15.0,2.5
2015,alabama-crimson-tide,62,-0.39560000000000006,3.5787,-5.0455,-45.702999999999996,-26.9033,-62.0263,-44.9284,-24.4052,-62.8743,6.0,-1830.039
2015,appalachian-state-mountaineers,3,-0.2794,0.0,-0.2794,-0.1306,0.0,-0.1306,-0.1306,0.0,-0.1306,-10.0,-5.0
2015,arizona-state-sun-devils,62,2.5405,2.5405,0.0,-6.4066,-6.4066,0.0,-6.2724,-6.2724,0.0,-42.0,-131.011
2015,arizona-wildcats,62,0.25240000000000007,0.25240000000000007,0.0,-4.9236,-4.9236,0.0,-5.2576,-5.2576,0.0,-73.0,-264.407
2015,arkansas-razorbacks,55,-1.4501,-1.4261,-1.9872,-4.3511,-7.3683,1.3425,-5.1828,-8.0282,0.9065,-99.0,-69.187
2015,auburn-tigers,62,-8.1367,-8.1367,0.0,-27.7176,-27.7176,0.0,-24.901,-24.901,0.0,-95.0,-212.35899999999998
2015,baylor-bears,62,8.9089,13.9117,4.1720999999999995,-42.6031,-54.8702,-31.555500000000002,-35.082499999999996,-45.8476,-25.4408,571.0,-1818.565
2015,boise-state-broncos,61,-2.7828999999999997,-2.633,-0.4061,-3.4502,-3.4815,-0.1385,-4.8116,-4.8545,-0.1385,-187.0,-159.636
2015,bowling-green-falcons,2,-0.32739999999999997,0.0,-0.32739999999999997,-0.099,0.0,-0.099,-0.099,0.0,-0.099,-12.0,-4.0
2015,byu-cougars,60,0.5882000000000001,1.347,-2.3179,-2.8285,-3.5031,-0.2626,-4.3096,-5.2707,-0.21490000000000004,-155.0,-170.952
2015,california-golden-bears,60,-2.4355,-2.4682,-0.1704,-3.6383,-3.6865,-0.087,-4.5178,-4.5708,-0.087,-235.0,-279.334
2015,cincinnati-bearcats,1,-0.4444,-0.4444,0.0,-0.1111,-0.1111,0.0,-0.1111,-0.1111,0.0,-8.0,-2.0
2015,clemson-tigers,62,4.0266,-4.9974,12.1042,-61.3677,-23.7286,-93.72109999999999,-53.8568,-22.1522,-81.138,134.0,-1830.017
2015,duke-blue-devils,56,-2.0536,-1.0209,-3.0985,-3.1916,-2.0822,-4.6767,-4.502,-3.6423,-5.5085999999999995,-174.0,-202.13
2015,florida-gators,61,-2.6489,-7.1659,-0.14999999999999994,-14.3572,-19.153399999999998,-11.9289,-13.64,-21.1013,-9.8712,-123.0,-1233.88
2015,florida-state-seminoles,62,-0.43720000000000003,-3.6008999999999998,2.4252,-14.06,-19.031,-9.2964,-12.9537,-17.4267,-8.6531,275.0,-1762.443
2015,georgia-bulldogs,62,-1.3955,-0.5377000000000001,-4.622,-16.9508,-20.0941,-0.9148999999999999,-13.7569,-15.867799999999999,-2.267,-150.0,-671.203
2015,georgia-tech-yellow-jackets,62,-0.6767000000000001,-0.6767000000000001,0.0,-9.0454,-9.0454,0.0,-9.7604,-9.7604,0.0,28.0,-310.149
2015,houston-cougars,61,0.1038,-1.751,0.8833000000000002,-8.0904,-2.2699,-9.5284,-7.2147,-3.4354,-8.2095,-40.0,-1007.514
2015,iowa-hawkeyes,61,2.9542,0.6741999999999999,3.8138,-18.2318,-7.1213999999999995,-22.822,-17.711,-9.401,-21.2062,193.0,-1321.206
2015,kansas-state-wildcats,10,-1.2592999999999999,-1.2592999999999999,0.0,-0.1846,-0.1846,0.0,-0.3655,-0.3655,0.0,-51.0,-5.997000000000001
2015,kentucky-wildcats,2,-0.1704,-0.1704,0.0,-0.087,-0.087,0.0,-0.087,-0.087,0.0,-4.0,-2.0
2015,louisville-cardinals,4,-0.5350999999999999,-0.5350999999999999,0.0,-0.1864,-0.1864,0.0,-0.1864,-0.1864,0.0,-12.0,-4.0
2015,lsu-tigers,62,-8.393699999999999,-10.6151,-6.0435,-25.7841,-28.3657,-23.0745,-25.9613,-28.3592,-23.4774,-187.0,-1569.786
2015,memphis-tigers,61,-4.7514,-4.5432,-4.9652,-6.5765,-5.8082,-7.6231,-6.844,-6.2549,-7.7734000000000005,-394.0,-420.989
2015,miami-fl-hurricanes,7,-0.6482,-0.6482,0.0,0.0812,0.0812,0.0,0.0812,0.0812,0.0,-30.0,-1.5
2015,michigan-state-spartans,62,-2.4704,2.8827999999999996,-6.9738,-37.5074,-48.482,-27.2455,-35.1946,-41.4993,-28.9969,-37.0,-1829.8509999999999
2015,michigan-wolverines,61,-2.7693,-1.9307,-3.0221,-10.496599999999999,-10.4994,-10.4047,-11.7385,-13.2689,-10.965,-183.0,-1383.712
2015,minnesota-golden-gophers,2,-0.39339999999999997,-0.39339999999999997,0.0,-0.047400000000000005,-0.047400000000000005,0.0,-0.047400000000000005,-0.047400000000000005,0.0,-18.0,-1.0
2015,mississippi-state-bulldogs,62,-2.8085,-4.1179,-1.6034,-1.6078,-0.9278,-1.9823,-3.3071,-3.076,-3.2381,-497.0,-248.683
2015,missouri-tigers,53,-5.9905,-5.9905,0.0,-3.3852,-3.3852,0.0,-3.3727,-3.3727,0.0,-292.0,-154.959
2015,navy-midshipmen,61,-1.2579,-0.6641,-1.1651,-5.7443,-0.03499999999999999,-5.8845,-5.183,-0.08760000000000003,-5.3012,-112.0,-535.732
2015,north-carolina-state-wolfpack,5,-0.8351999999999999,-0.8351999999999999,0.0,0.048399999999999985,0.048399999999999985,0.0,0.08480000000000001,0.08480000000000001,0.0,-29.0,-2.9990000000000006
2015,north-carolina-tar-heels,61,2.5126,-0.7373,2.5686999999999998,-10.18,-0.1743,-10.3561,-8.821,-0.05849999999999998,-8.9916,243.0,-789.961
2015,northwestern-wildcats,62,0.3942000000000001,0.9581000000000001,0.23999999999999994,-7.2568,-7.4866,-6.9783,-7.9361,-8.491999999999999,-7.3145,75.0,-977.234
2015,notre-dame-fighting-irish,62,1.0996,0.3366999999999999,1.4506,-20.1628,-19.7878,-20.4522,-19.0214,-20.1222,-18.0478,285.0,-1828.03
2015,ohio-state-buckeyes,62,31.2268,53.1432,12.07,-93.7527,-123.21560000000001,-66.2107,-73.5079,-95.6257,-52.326,520.0,-1830.086
2015,oklahoma-sooners,62,-2.7775,-4.4826,-1.4071,-17.5673,-10.3888,-23.7322,-17.9574,-11.2024,-23.7291,-202.0,-1739.206
2015,oklahoma-state-cowboys,61,0.06150000000000003,-1.6541000000000001,1.2465000000000002,-12.4422,-6.0042,-16.2253,-12.5037,-6.9270000000000005,-15.7537,-98.0,-1398.539
2015,ole-miss-rebels,62,-4.227,-7.180000000000001,-0.9913,-20.1881,-31.8856,-7.9742999999999995,-20.661,-32.7651,-7.9683,-173.0,-1420.692
2015,oregon-ducks,62,-3.4632,-6.1978,-0.8039999999999999,-12.6013,-18.7601,-7.5209,-13.0713,-17.9892,-8.865499999999999,-160.0,-869.683
2015,penn-state-nittany-lions,7,-1.1291,-1.1291,0.0,-0.3625,-0.3625,0.0,-0.5005999999999999,-0.5005999999999999,0.0,-24.0,-7.0
2015,pittsburgh-panthers,50,-1.9736,-2.3341,-1.8004,-1.5769,-0.48150000000000004,-2.2006,-2.1746,-0.17710000000000004,-3.1155,-138.0,-85.41
2015,san-diego-state-aztecs,23,-1.8459999999999999,0.0,-1.8459999999999999,0.07169999999999999,0.0,0.07169999999999999,-0.2098,0.0,-0.2098,-66.0,-3.6
2015,south-florida-bulls,3,-0.3779,0.0,-0.3779,-0.1494,0.0,-0.1494,-0.1494,0.0,-0.1494,-17.0,-6.5
2015,stanford-cardinal,62,1.1218,-1.7771000000000001,3.7462,-15.1048,-8.5885,-19.13,-15.1767,-9.416500000000001,-18.5485,66.0,-1543.126
2015,tcu-horned-frogs,62,2.2939,14.1168,-7.7613,-41.3784,-59.7045,-23.8805,-34.3657,-46.589,-22.4776,321.0,-1830.043
2015,temple-owls,61,-1.2654,-3.1189,-0.32039999999999996,-2.7813,-1.5777999999999999,-3.3084,-3.1234,-2.8035,-3.3223,-332.0,-457.547
2015,tennessee-volunteers,57,-5.2485,-4.811,-3.4012000000000002,-2.1137,-0.7784000000000001,-2.5646,-3.0684,-1.6973,-3.0436,-256.0,-63.845
2015,texas-am-aggies,62,-11.642800000000001,-12.302100000000001,-4.5129,-18.2782,-20.8961,-0.8755,-21.3113,-24.1936,-1.6644,-494.0,-750.0120000000001
2015,texas-tech-red-raiders,19,-2.126,-2.126,0.0,0.3546,0.3546,0.0,0.4028999999999999,0.4028999999999999,0.0,-84.0,0.49699999999999944
2015,toledo-rockets,60,-0.0565999999999999,0.3808,-0.19390000000000013,-2.4924,-1.5903,-3.6929,-2.5939,-2.367,-3.0660000000000003,-223.0,-378.501
2015,ucla-bruins,62,-0.5192,-1.4325,0.3573,-12.1838,-17.1238,-3.9532,-12.4843,-17.0163,-4.9282,74.0,-979.7729999999999
2015,usc-trojans,62,-0.3487,1.4918,-4.2721,-11.467,-16.3549,-2.1067,-10.062100000000001,-13.7392,-3.1182,-140.0,-706.265
2015,utah-state-aggies,4,-0.29369999999999996,-0.29369999999999996,0.0,-0.12869999999999998,-0.12869999999999998,0.0,-0.12869999999999998,-0.12869999999999998,0.0,-7.0,-3.0
2015,utah-utes,62,-8.2802,-16.8065,-0.7330999999999999,-29.2232,-53.0669,-8.509500000000001,-24.984,-44.1502,-8.2531,-81.0,-1447.251
2015,virginia-tech-hokies,11,-1.8844,-1.8844,0.0,-0.39540000000000003,-0.39540000000000003,0.0,-0.4637,-0.4637,0.0,-46.0,-9.427000000000001
2015,washington-state-cougars,57,0.5403999999999999,0.0,0.5403999999999999,-3.6556,0.0,-3.6556,-3.1374,0.0,-3.1374,-46.0,-175.703
2015,west-virginia-mountaineers,37,-3.3158000000000003,-3.3158000000000003,0.0,-1.7464,-1.7464,0.0,-1.8726999999999998,-1.8726999999999998,0.0,-161.0,-68.68
2015,western-kentucky-hilltoppers,42,-4.6531,-0.3568,-4.5504,-0.7285,-0.1265,-0.6924,-0.7557,-0.1265,-0.7216,-244.0,-52.0
2015,wisconsin-badgers,62,-3.2836,-2.1127,-3.3597,-3.9615,-4.9979,-2.9073,-4.7612,-5.3025,-3.9958,-532.0,-574.015
2016,air-force-falcons,15,-1.8546,-0.7395999999999999,-1.4768000000000001,0.05409999999999993,-0.4157,0.4196,-0.2381,-0.4808,0.1228,-89.0,-9.584999999999999
2016,alabama-crimson-tide,62,7.3125,14.25,0.375,-118.40270000000001,-120.0091,-114.3014,-111.8142,-107.7084,-113.9375,117.0,-1949.9370000000001
2016,arizona-state-sun-devils,37,-6.0461,-6.0461,0.0,-1.9455,-1.9455,0.0,-1.8175000000000001,-1.8175000000000001,0.0,-173.0,-52.656
2016,arkansas-razorbacks,61,-1.5490000000000002,-1.1212,-3.4571,-5.4503,-6.1027000000000005,-0.21509999999999999,-5.6411999999999995,-6.2943,-0.28640000000000004,-217.0,-464.536
2016,auburn-tigers,61,-1.5561,-0.8922,-1.3669,-8.7781,-1.7923,-10.2795,-9.2254,-3.7588,-10.3067,-215.0,-963.215
2016,baylor-bears,62,-0.8028000000000002,-1.9413,3.8265000000000002,-9.8306,-9.136,-11.8,-9.0178,-9.1495,-8.1724,-238.0,-958.031
2016,boise-state-broncos,61,-2.1695,0.559,-2.8617,-5.5239,-6.4199,-4.7438,-5.8397,-5.86,-5.5600000000000005,-637.0,-766.852
2016,byu-cougars,5,-0.6092,-0.2137,-0.39549999999999996,-0.3283,-0.12869999999999998,-0.1996,-0.3283,-0.12869999999999998,-0.1996,-14.0,-7.5
2016,california-golden-bears,10,-2.3933,-2.3933,0.0,-0.2624,-0.2624,0.0,-0.9457,-0.9457,0.0,-44.0,-0.6699999999999993
2016,central-michigan-chippewas,7,-0.6972999999999999,-0.6972999999999999,0.0,-0.19419999999999998,-0.19419999999999998,0.0,-0.10019999999999998,-0.10019999999999998,0.0,-20.0,-6.331
2016,clemson-tigers,62,0.41390000000000005,1.3924,-1.3058999999999998,-51.3609,-48.9602,-53.1326,-50.2066,-47.1134,-52.731500000000004,122.0,-1950.061
2016,colorado-buffaloes,61,-0.7161,-3.0845,-0.1969999999999999,-8.7645,-2.5857,-10.2369,-8.3381,-4.1837,-9.3842,-197.0,-892.158
2016,florida-gators,62,-1.3565,-4.0213,1.5876000000000001,-7.1789,-5.4656,-8.1607,-6.7342,-6.1331,-6.7171,-348.0,-1232.334
2016,florida-state-seminoles,62,-0.5188999999999999,0.10619999999999988,-0.5412000000000001,-21.4402,-30.4953,-11.0522,-19.8257,-27.1408,-11.1666,253.0,-1717.527
2016,georgia-bulldogs,62,2.9956,2.9956,0.0,-10.107,-10.107,0.0,-5.9875,-5.9875,0.0,15.0,-463.431
2016,georgia-tech-yellow-jackets,28,-2.7716,-0.7826,-2.029,-0.5545,-0.3362,-0.18019999999999997,-0.9915999999999999,-0.4486,-0.5226,-64.0,-10.008000000000001
2016,houston-cougars,62,-4.5073,-3.6746,-5.5242,-18.163,-22.6644,-3.9042,-17.9602,-22.2878,-3.949,-289.0,-1065.685
2016,indiana-hoosiers,1,-0.1304,-0.1304,0.0,-0.087,-0.087,0.0,-0.087,-0.087,0.0,-3.0,-2.0
2016,iowa-hawkeyes,62,0.14919999999999983,1.7057,-2.1214,-7.3229,-8.9309,-3.2825,-7.1442,-8.5261,-3.4312,-67.0,-466.295
2016,kansas-state-wildcats,24,-3.9758,0.0,-3.9758,-0.7075,0.0,-0.7075,-0.7075,0.0,-0.7075,-83.0,-11.0
2016,louisville-cardinals,62,0.6254000000000001,-3.9241,5.6686,-24.3203,-29.0551,-18.9517,-23.061,-29.3881,-16.1076,466.0,-1778.852
2016,lsu-tigers,62,-2.2434,-6.3682,0.855,-9.5777,-13.2881,-6.898,-9.5329,-13.7434,-6.4995,-305.0,-1014.416
2016,maryland-terrapins,9,-1.0144,-1.0144,0.0,-0.3966,-0.3966,0.0,-0.6295999999999999,-0.6295999999999999,0.0,-23.0,-8.6
2016,memphis-tigers,2,-0.2651,-0.2651,0.0,-0.0909,-0.0909,0.0,-0.0909,-0.0909,0.0,-6.0,-2.0
2016,miami-fl-hurricanes,61,-1.1955,-0.8045,-1.3135,-7.1531,-7.2780000000000005,-4.9584,-8.2036,-8.1212,-6.9877,-309.0,-581.282
2016,michigan-state-spartans,62,2.3423,2.3423,0.0,-12.7368,-12.7368,0.0,-10.6097,-10.6097,0.0,214.0,-535.669
2016,michigan-wolverines,62,4.2521,3.1999,5.1788,-38.4387,-37.4064,-39.2425,-33.7173,-35.6224,-31.6279,315.0,-1950.077
2016,minnesota-golden-gophers,4,-0.6077,0.0,-0.6077,0.5889,0.0,0.5889,0.5889,0.0,0.5889,-12.0,12.0
2016,navy-midshipmen,60,-3.5042,-4.7556,-2.714,-1.8876,0.45390000000000025,-3.3559,-2.8968,-1.8597000000000001,-3.5557,-328.0,-140.694
2016,nebraska-cornhuskers,61,-0.5707,1.3865999999999998,-1.5169000000000001,-10.16,-10.8917,-9.2849,-8.726,-8.0317,-8.979,-286.0,-1178.335
2016,north-carolina-state-wolfpack,4,-0.38839999999999997,-0.38839999999999997,0.0,-0.049199999999999994,-0.049199999999999994,0.0,-0.049199999999999994,-0.049199999999999994,0.0,-9.0,-1.0
2016,north-carolina-tar-heels,62,-2.2546,-4.1025,0.36060000000000014,-5.4671,-4.8616,-5.7312,-7.3077,-6.9755,-7.2609,-303.0,-505.59499999999997
2016,north-dakota-state-bison,26,-3.5061999999999998,-3.5061999999999998,0.0,-0.06249999999999996,-0.06249999999999996,0.0,-1.1721,-1.1721,0.0,-214.0,6.17
2016,northwestern-wildcats,1,-0.2381,-0.2381,0.0,-0.0952,-0.0952,0.0,-0.0952,-0.0952,0.0,-5.0,-2.0
2016,notre-dame-fighting-irish,62,-6.5707,-6.5707,0.0,-12.6108,-12.6108,0.0,-11.363,-11.363,0.0,-148.0,-337.39
2016,ohio-state-buckeyes,62,3.0355000000000003,4.4226,2.3168,-49.4729,-55.6213,-41.9944,-45.3384,-50.628499999999995,-38.7539,215.0,-1949.96
2016,oklahoma-sooners,62,-0.581,-0.5470999999999999,-0.4045,-17.4089,-15.4685,-18.6676,-16.5296,-15.7029,-16.8768,-143.0,-1577.23
2016,oklahoma-state-cowboys,62,-1.6865999999999999,-7.5041,0.48160000000000014,-8.244,-3.1932,-10.0053,-8.704,-4.3538,-10.1922,-383.0,-872.904
2016,ole-miss-rebels,62,0.34249999999999997,0.34249999999999997,0.0,-8.258000000000001,-8.258000000000001,0.0,-7.3816,-7.3816,0.0,-76.0,-696.692
2016,oregon-ducks,59,-6.4436,-6.4436,0.0,-2.1428,-2.1428,0.0,-3.1057,-3.1057,0.0,-373.0,-135.703
2016,penn-state-nittany-lions,61,-0.4327000000000002,0.0,-0.4327000000000002,-17.5342,0.0,-17.5342,-18.4221,0.0,-18.4221,55.0,-828.519
2016,pittsburgh-panthers,51,-4.312,-1.853,-3.6243000000000003,-0.9613,-0.2691,-0.9843000000000001,-3.4551,-0.6095,-3.4464,-254.0,-62.232
2016,san-diego-state-aztecs,58,-2.1587,0.10189999999999994,-3.6696,-1.0685,-0.6849999999999999,-1.1501,-2.1887,-1.5549000000000002,-2.2062,-342.0,-134.33100000000002
2016,south-florida-bulls,57,-2.9897,-1.3623,-2.925,-2.1037,0.21060000000000004,-2.3786,-3.4445,0.0010999999999999899,-3.7888,-318.0,-141.614
2016,stanford-cardinal,62,1.1428,-0.2848,4.6848,-14.5174,-18.3051,-7.1051,-12.5999,-15.9813,-5.8582,163.0,-1071.133
2016,tcu-horned-frogs,61,-3.4236,-3.4236,0.0,-8.514,-8.514,0.0,-9.2556,-9.2556,0.0,-227.0,-225.894
2016,temple-owls,54,-3.9805,0.0,-3.9805,-1.2191999999999998,0.0,-1.2191999999999998,-3.5462000000000002,0.0,-3.5462000000000002,-96.0,-25.686000000000003
2016,tennessee-volunteers,62,-3.462,-2.7457,-5.2437000000000005,-11.5087,-13.7186,-4.7313,-11.2271,-13.0945,-5.3347999999999995,-347.0,-1072.134
2016,texas-am-aggies,62,-0.6365999999999999,-1.9669999999999999,2.304,-13.524799999999999,-14.8613,-11.2003,-12.1153,-13.748,-9.3445,-131.0,-1237.651
2016,texas-longhorns,62,2.1994,2.1994,0.0,-14.3265,-14.3265,0.0,-12.222999999999999,-12.222999999999999,0.0,131.0,-341.88
2016,toledo-rockets,3,-0.2618,-0.2618,0.0,-0.007499999999999993,-0.007499999999999993,0.0,-0.007499999999999993,-0.007499999999999993,0.0,-6.0,0.0
2016,troy-trojans,32,-2.819,0.0,-2.819,0.5437000000000001,0.0,0.5437000000000001,-1.027,0.0,-1.027,-124.0,6.622000000000002
2016,tulsa-golden-hurricane,5,-0.5659,0.0,-0.5659,-0.2662,0.0,-0.2662,-0.2662,0.0,-0.2662,-16.0,-8.0
2016,ucla-bruins,57,-0.5480999999999999,-0.5480999999999999,0.0,-3.2537,-3.2537,0.0,-3.3453999999999997,-3.3453999999999997,0.0,-197.0,-65.328
2016,usc-trojans,61,3.3669000000000002,-6.0363,5.528599999999999,-16.406299999999998,-6.5023,-17.0347,-16.0817,-8.8581,-16.22,24.0,-671.9159999999999
2016,utah-utes,62,-1.9061,-4.8732,1.5523,-7.0762,-5.7717,-7.3975,-7.0409,-6.0857,-6.9977,-498.0,-1000.312
2016,virginia-tech-hokies,61,-3.175,-0.846,-3.3245,-5.9134,-5.5725,-5.9184,-5.2964,-5.0748,-5.306,-464.0,-677.062
2016,wake-forest-demon-deacons,3,-0.4085,-0.4085,0.0,-0.1447,-0.1447,0.0,-0.1447,-0.1447,0.0,-9.0,-3.0
2016,washington-huskies,62,1.6293,4.8961,-1.7983000000000002,-26.757,-20.0376,-33.1638,-25.5378,-20.1391,-30.6618,421.0,-1945.935
2016,washington-state-cougars,62,-7.5253,-4.8004999999999995,-7.4779,-3.0219,-0.815,-3.5818,-4.249,-1.7997,-4.6424,-697.0,-250.26999999999998
2016,west-virginia-mountaineers,61,0.9986,1.7491,1.3301,-9.9667,-6.4479,-10.9604,-8.2176,-5.8007,-8.7677,130.0,-1169.269
2016,western-kentucky-hilltoppers,17,-2.3121,-0.1704,-2.2269,-0.15660000000000002,-0.087,-0.07430000000000002,-1.0364,-0.087,-0.9929,-54.0,-5.3999999999999995
2016,western-michigan-broncos,61,0.8404000000000003,-1.9777,1.7855,-8.1067,-1.1288,-10.1993,-7.3458,-3.0456,-8.6679,158.0,-977.897
2016,wisconsin-badgers,62,2.9889,8.0991,-1.7172,-17.5014,-14.8501,-19.6129,-16.7914,-12.8231,-20.1382,530.0,-1780.859
2017,alabama-crimson-tide,61,7.1664,10.5,3.8325,-107.0348,-116.8598,-97.20830000000001,-100.517,-107.6458,-93.3888,164.0,-1952.029
2017,arizona-wildcats,52,-3.7184,0.0,-3.7184,-3.0034,0.0,-3.0034,-4.8534999999999995,0.0,-4.8534999999999995,-117.0,-73.25
2017,army-west-point-black-knights,18,-1.4282,0.0,-1.4282,-0.2264,0.0,-0.2264,-0.6814,0.0,-0.6814,-33.0,-4.2
2017,auburn-tigers,61,1.2126000000000001,0.44039999999999985,1.9726,-14.3745,-11.0662,-17.671,-13.4024,-10.1494,-16.6458,490.0,-1857.977
2017,boise-state-broncos,60,-3.4545,-1.7753999999999999,-2.9452000000000003,-2.017,-0.24439999999999998,-2.0989,-2.4779,-0.5689,-2.4531,-241.0,-115.676
2017,byu-cougars,2,-0.2218,-0.2218,0.0,-0.049199999999999994,-0.049199999999999994,0.0,-0.049199999999999994,-0.049199999999999994,0.0,-5.0,-1.0
2017,california-golden-bears,6,-1.0164,-1.0164,0.0,-0.23660000000000003,-0.23660000000000003,0.0,-0.05249999999999999,-0.05249999999999999,0.0,-26.0,-7.0
2017,clemson-tigers,61,6.2537,2.2626999999999997,10.2451,-54.0582,-58.8424,-49.2738,-52.2221,-57.4336,-47.0117,437.0,-1951.943
2017,colorado-buffaloes,23,-3.9701,-3.9701,0.0,-0.6465,-0.6465,0.0,-1.2251,-1.2251,0.0,-247.0,-62.013
2017,duke-blue-devils,23,-3.6142000000000003,-3.6142000000000003,0.0,-0.2535,-0.2535,0.0,-0.42340000000000005,-0.42340000000000005,0.0,-89.0,-4.159000000000002
2017,florida-atlantic-owls,15,-1.4108,0.0,-1.4108,0.5408999999999999,0.0,0.5408999999999999,0.5408999999999999,0.0,0.5408999999999999,-32.0,13.0
2017,florida-gators,60,-3.1229,-3.1229,0.0,-4.5199,-4.5199,0.0,-4.5506,-4.5506,0.0,-272.0,-371.537
2017,florida-state-seminoles,61,-7.0274,-7.0274,0.0,-27.512,-27.512,0.0,-27.818,-27.818,0.0,-140.0,-492.825
2017,fresno-state-bulldogs,35,-2.6326,0.0,-2.6326,-1.1863,0.0,-1.1863,-1.1863,0.0,-1.1863,-76.0,-34.0
2017,georgia-bulldogs,61,-2.5188,-3.2447,-1.7997999999999998,-33.5243,-24.0771,-42.959,-34.1375,-24.610500000000002,-43.6526,-113.0,-1940.502
2017,georgia-tech-yellow-jackets,14,-1.7988,-1.714,-0.3,-0.8573999999999999,-0.8412999999999999,-0.1,-1.1169,-1.1104,-0.1,-45.0,-20.784
2017,houston-cougars,4,-0.9773000000000001,-0.9773000000000001,0.0,-0.02890000000000001,-0.02890000000000001,0.0,-0.4135,-0.4135,0.0,-43.0,-3.0
2017,iowa-hawkeyes,37,-2.8125999999999998,-0.8716,-2.3608000000000002,-0.5590999999999999,1.3194,-1.3649,-1.5026,1.3194,-2.3608000000000002,-55.0,5.34
2017,iowa-state-cyclones,61,0.08950000000000001,-0.6327,-0.009900000000000034,-3.319,0.1136,-3.6531000000000002,-4.425,0.1136,-4.8236,-207.0,-176.077
2017,kansas-state-wildcats,58,-1.134,-1.134,0.0,-5.8922,-5.8922,0.0,-6.0385,-6.0385,0.0,-46.0,-280.93
2017,kentucky-wildcats,7,-0.6511,-0.6511,0.0,0.44989999999999997,0.44989999999999997,0.0,0.44989999999999997,0.44989999999999997,0.0,-32.0,3.0
2017,louisville-cardinals,61,1.2236,1.384,-0.6995,-7.5441,-7.7029000000000005,-0.36519999999999997,-6.8466000000000005,-6.984100000000001,-0.36519999999999997,146.0,-687.016
2017,lsu-tigers,61,-3.2654,-7.2625,-0.4749,-7.7674,-11.1461,-5.6252,-8.6533,-12.7673,-6.0459,-476.0,-1111.4759999999999
2017,maryland-terrapins,23,-3.3014,-3.3014,0.0,-0.6759,-0.6759,0.0,-1.1987,-1.1987,0.0,-171.0,-37.275
2017,memphis-tigers,61,-1.0634,-3.2784999999999997,-0.8058,-4.7247,-0.9172,-5.2357,-4.5279,-1.4305999999999999,-4.9488,-249.0,-639.211
2017,miami-fl-hurricanes,61,0.48639999999999994,0.9509,0.21820000000000012,-20.1449,-10.6003,-29.3331,-16.9601,-9.1531,-24.436700000000002,154.0,-1927.643
2017,michigan-state-spartans,61,-3.0667999999999997,-6.8061,-1.9063999999999999,-7.5953,-8.1186,-7.3281,-8.0563,-8.7956,-7.7217,-390.0,-998.4780000000001
2017,michigan-wolverines,61,0.18660000000000004,0.922,0.0666,-12.9572,-16.4049,-1.8025999999999998,-10.5309,-12.9428,-2.2331000000000003,-49.0,-1127.336
2017,minnesota-golden-gophers,1,-0.1304,-0.1304,0.0,-0.087,-0.087,0.0,-0.087,-0.087,0.0,-3.0,-2.0
2017,mississippi-state-bulldogs,61,-0.4624,-3.8595,0.5459999999999999,-5.824,-7.3694,-5.388199999999999,-5.8027,-8.215,-5.1493,-42.0,-700.825
2017,missouri-tigers,1,-0.1304,0.0,-0.1304,-0.087,0.0,-0.087,-0.087,0.0,-0.087,-6.0,-4.0
2017,navy-midshipmen,38,-1.5562,-1.5562,0.0,-1.2669,-1.2669,0.0,-1.5562,-1.5562,0.0,-36.0,-29.084
2017,nebraska-cornhuskers,2,-0.1704,-0.1704,0.0,-0.087,-0.087,0.0,-0.087,-0.087,0.0,-4.0,-2.0
2017,north-carolina-state-wolfpack,61,-2.3589,-1.6683,-2.3266,-4.9954,-4.9116,-5.0264,-5.8722,-5.8002,-5.8795,-493.0,-698.994
2017,northwestern-wildcats,61,-2.3697,-1.2349999999999999,-2.0264,-5.4447,0.060199999999999976,-5.5979,-6.5756,-0.04970000000000001,-6.7513000000000005,-231.0,-424.541
2017,notre-dame-fighting-irish,61,0.38080000000000014,-4.9607,3.8632,-15.0172,-7.6399,-19.1319,-13.815,-8.8341,-16.5362,-56.0,-1405.818
2017,ohio-state-buckeyes,61,3.8175,2.1426000000000003,5.4925,-25.2448,-28.3135,-22.176,-24.5469,-27.5407,-21.552,324.0,-1951.91
2017,oklahoma-sooners,61,-2.3117,-2.3201,-2.3030999999999997,-42.3033,-37.0806,-47.5267,-39.2209,-34.8752,-43.5661,-3.0,-1952.011
2017,oklahoma-state-cowboys,61,1.4145,1.9864000000000002,0.8385000000000001,-12.953199999999999,-15.1907,-10.7158,-12.072799999999999,-13.4014,-10.7478,416.0,-1926.3300000000002
2017,oregon-ducks,34,-4.0867,-4.0867,0.0,-0.6972,-0.6972,0.0,-1.1113,-1.1113,0.0,-244.0,-61.669
2017,penn-state-nittany-lions,61,2.6912,6.2982,-0.9155,-27.6925,-35.2183,-20.1669,-22.8623,-28.397199999999998,-17.3278,109.0,-1951.9460000000001
2017,pittsburgh-panthers,8,-1.0388,-1.0388,0.0,-0.3386,-0.3386,0.0,-0.3386,-0.3386,0.0,-23.0,-7.0
2017,san-diego-state-aztecs,61,-0.7006,-0.08709999999999997,-2.3527,-4.3915999999999995,-4.6698,-0.8925,-5.7881,-6.2535,-0.9227,-156.0,-417.861
2017,south-carolina-gamecocks,33,-4.5366,-3.0996,-2.4958,-0.8257,-0.18259999999999998,-0.7349,-0.8259,0.1069,-0.985,-203.0,-39.6
2017,south-florida-bulls,61,-0.9597000000000001,0.45900000000000013,-2.1434,-4.9641,-5.891,-3.3468,-5.9082,-6.7404,-4.3375,-297.0,-1063.197
2017,stanford-cardinal,61,-0.2011,-0.9607,0.4903,-6.7139,-6.9036,-6.5334,-6.1341,-7.2331,-5.3303,34.0,-1132.86
2017,tcu-horned-frogs,61,1.5491,0.4782000000000001,2.7487,-15.832799999999999,-15.9929,-15.6324,-13.535,-13.8564,-13.1637,195.0,-1692.425
2017,tennessee-volunteers,43,-3.4721,-3.4721,0.0,-1.4215,-1.4215,0.0,-2.2731,-2.2731,0.0,-191.0,-78.64399999999999
2017,texas-am-aggies,29,-2.9778,-2.0869,-3.2729,-1.1042,-0.7115,-1.3418,-1.4236,-1.0461,-1.5833,-123.0,-45.444
2017,texas-longhorns,35,-4.6254,-4.6254,0.0,-2.5378,-2.5378,0.0,-2.8203,-2.8203,0.0,-68.0,-27.610000000000003
2017,texas-tech-red-raiders,42,-1.948,-1.948,0.0,-1.5561,-1.5561,0.0,-2.4874,-2.4874,0.0,-85.0,-54.852000000000004
2017,toledo-rockets,18,-1.6361999999999999,0.0,-1.6361999999999999,-0.5488,0.0,-0.5488,-0.7316,0.0,-0.7316,-88.0,-30.162
2017,troy-trojans,6,-0.6059,0.0,-0.6059,-0.267,0.0,-0.267,-0.35209999999999997,0.0,-0.35209999999999997,-14.0,-6.002
2017,tulsa-golden-hurricane,1,-0.1818,-0.1818,0.0,-0.0909,-0.0909,0.0,-0.0909,-0.0909,0.0,-4.0,-2.0
2017,ucf-knights,61,-5.9795,-2.0802,-7.2529,-14.3544,-4.6635,-17.6332,-15.0306,-4.9631,-18.4364,-328.0,-1226.078
2017,ucla-bruins,31,-4.5866,-4.5866,0.0,-0.9053,-0.9053,0.0,-1.2315,-1.2315,0.0,-180.0,-41.029
2017,usc-trojans,61,-1.083,-0.19210000000000013,-1.9431,-19.4734,-26.987000000000002,-11.8821,-17.7652,-23.5393,-11.9235,70.0,-1881.039
2017,utah-utes,61,-2.7843,-2.7843,0.0,-2.6888,-2.6888,0.0,-4.0944,-4.0944,0.0,-402.0,-264.033
2017,vanderbilt-commodores,30,-3.751,-3.751,0.0,-1.0556,-1.0556,0.0,-1.1383999999999999,-1.1383999999999999,0.0,-83.0,-21.139999999999997
2017,virginia-cavaliers,6,-0.614,-0.4322,-0.1818,-0.2085,-0.1176,-0.0909,-0.2085,-0.1176,-0.0909,-14.0,-4.5
2017,virginia-tech-hokies,61,-0.7767999999999999,1.7467,-3.2971,-7.8481,-8.6904,-6.5762,-7.7438,-7.8404,-7.3453,-188.0,-1570.135
2017,wake-forest-demon-deacons,4,-0.29369999999999996,0.0,-0.29369999999999996,-0.12869999999999998,0.0,-0.12869999999999998,-0.12869999999999998,0.0,-0.12869999999999998,-7.0,-3.0
2017,washington-huskies,61,0.6565000000000001,1.6195000000000002,-0.29140000000000005,-17.0161,-23.118299999999998,-10.8856,-15.334999999999999,-20.5339,-10.1087,274.0,-1926.1889999999999
2017,washington-state-cougars,61,-0.6716,-0.36039999999999994,-0.4111,-7.9084,-8.9132,-6.5167,-7.7771,-8.479,-6.6690000000000005,-148.0,-1457.317
2017,west-virginia-mountaineers,60,-4.1899,-3.5899,-3.9405,-3.1077,-2.4494,-3.6012,-4.6202,-4.1549,-4.6254,-649.0,-443.251
2017,wisconsin-badgers,61,-1.7163,1.236,-4.668699999999999,-27.4594,-19.0383,-35.8801,-28.2535,-17.6804,-38.8269,215.0,-1952.1470000000002
2018,alabama-crimson-tide,65,4.4374,7.75,0.125,-123.5143,-121.96650000000001,-114.2201,-119.7201,-115.25,-114.0917,57.0,-1932.034
2018,appalachian-state-mountaineers,42,-4.8837,-2.1865,-4.826,-1.4181,-0.7222999999999999,-1.6423999999999999,-1.9979,-0.9390999999999999,-2.1945,-227.0,-70.8
2018,arizona-state-sun-devils,39,-2.186,-1.919,-0.2651,-0.954,-0.8063,-0.0909,-1.0427,-0.8963,-0.0909,-44.0,-12.100000000000003
2018,arizona-wildcats,8,-1.4341,-1.4341,0.0,0.3568,0.3568,0.0,0.9624,0.9624,0.0,-28.0,9.335999999999999
2018,army-west-point-black-knights,58,-1.8875000000000002,0.0,-1.8875000000000002,-2.5125,0.0,-2.5125,-3.7894,0.0,-3.7894,-221.0,-208.428
2018,auburn-tigers,64,-3.7398,-3.0893,-4.5964,-17.3866,-18.3246,-1.1408,-17.4505,-18.2436,-2.0607,-88.0,-831.462
2018,boise-state-broncos,64,-2.4042,-2.4592,-0.7283,-4.4979,-5.0062,-2.8599,-5.7689,-6.6451,-3.7034000000000002,-457.0,-617.791
2018,boston-college-eagles,61,-2.4626,-1.7863,-1.0458000000000003,-4.5511,-1.2227000000000001,-4.6361,-6.2805,-2.0852999999999997,-6.3897,-238.0,-265.94100000000003
2018,buffalo-bulls,14,-1.4983,-0.2537,-1.3279,0.8606,-0.12869999999999998,1.0266,0.8606,-0.12869999999999998,1.0266,-46.0,20.0
2018,byu-cougars,48,-0.3982,-0.3982,0.0,-3.017,-3.017,0.0,-3.8822,-3.8822,0.0,-41.0,-80.264
2018,california-golden-bears,22,-3.909,-3.909,0.0,-0.5029,-0.5029,0.0,-0.9994,-0.9994,0.0,-126.0,-22.503
2018,cincinnati-bearcats,58,-4.141,-3.839,-2.5832,-2.3199,-1.9036000000000002,-1.6248,-4.4108,-4.6861,-3.0793,-549.0,-236.206
2018,clemson-tigers,65,-0.00750000000000009,-2.5439000000000003,2.8958,-67.6282,-60.3186,-67.6637,-65.2235,-58.138999999999996,-64.8808,119.0,-1931.9489999999998
2018,colorado-buffaloes,60,-1.0292999999999999,-1.0292999999999999,0.0,-3.6628,-3.6628,0.0,-4.3531,-4.3531,0.0,-179.0,-210.713
2018,duke-blue-devils,50,-4.3082,-3.9155,-0.9144,-2.5739,-2.4554,-0.1003,-3.0084,-2.9424,-0.026100000000000012,-168.0,-81.687
2018,florida-atlantic-owls,13,-1.8334,-1.8334,0.0,-0.0781,-0.0781,0.0,-0.3839,-0.3839,0.0,-38.0,1.0
2018,florida-gators,63,-0.3320999999999999,-4.3059,1.3145,-11.0961,-8.2641,-12.4325,-11.3098,-8.5664,-12.6142,-18.0,-1198.66
2018,florida-state-seminoles,54,-1.3624999999999998,-1.3624999999999998,0.0,-5.4551,-5.4551,0.0,-4.5611,-4.5611,0.0,-6.0,-75.44399999999999
2018,fresno-state-bulldogs,61,0.6111000000000001,-0.2937,0.5806,-3.6273,-0.12869999999999998,-3.6993,-3.7869,-0.12869999999999998,-3.8603,-168.0,-397.051
2018,georgia-bulldogs,65,9.045,15.8121,-0.2922000000000001,-36.856,-46.9778,-24.2576,-33.5874,-40.4103,-24.8599,313.0,-1931.897
2018,georgia-southern-eagles,20,-2.9347,0.0,-2.9347,-0.5547000000000001,0.0,-0.5547000000000001,-0.7302,0.0,-0.7302,-68.0,-10.0
2018,houston-cougars,57,4.0942,-1.5286,5.4303,-4.8301,-0.03330000000000001,-5.269,-3.387,-0.3045,-3.5286,34.0,-115.53
2018,iowa-hawkeyes,61,-0.7262,-0.22200000000000003,-0.6972,-3.1913,-1.7227999999999999,-4.2644,-3.9868,-2.6184000000000003,-4.8811,-241.0,-315.639
2018,iowa-state-cyclones,59,-4.3742,-0.4085,-4.4306,-2.9227,-0.20809999999999998,-2.9739,-4.0911,-0.20809999999999998,-4.1532,-461.0,-229.303
2018,kansas-state-wildcats,3,-0.4917,-0.4917,0.0,0.2281,0.2281,0.0,0.2281,0.2281,0.0,-10.0,5.0
2018,kentucky-wildcats,63,1.1255,0.8103,1.5098,-9.591,-8.1622,-9.6938,-8.5833,-7.3867,-8.5538,228.0,-1375.0539999999999
2018,lsu-tigers,64,1.0005,1.0712999999999997,0.8112,-20.9095,-20.9583,-20.0917,-21.2479,-21.7323,-19.9775,231.0,-1810.342
2018,maryland-terrapins,8,-1.7166,-1.7166,0.0,-0.2152,-0.2152,0.0,-0.6703,-0.6703,0.0,-58.0,-7.75
2018,memphis-tigers,2,-0.2243,-0.2243,0.0,-0.004100000000000006,-0.004100000000000006,0.0,-0.004100000000000006,-0.004100000000000006,0.0,-9.0,-2.0
2018,miami-fl-hurricanes,63,0.7282000000000001,0.7941,-1.6162999999999998,-7.955,-8.1248,-0.45120000000000005,-7.5561,-7.6797,-0.7981,-120.0,-688.986
2018,michigan-state-spartans,64,-3.0918,-1.5855,-6.8831999999999995,-6.4309,-7.0727,-1.5053,-6.8955,-7.0901,-3.4157,-439.0,-448.312
2018,michigan-wolverines,65,-0.7611999999999998,-2.7554999999999996,3.4724,-19.9806,-13.1998,-22.9108,-17.8596,-12.572,-19.4233,95.0,-1821.1580000000001
2018,mississippi-state-bulldogs,64,-2.7624999999999997,-3.9577,0.10639999999999993,-6.2051,-7.1639,-3.5082999999999998,-6.3148,-7.2045,-3.6008,-467.0,-975.001
2018,missouri-tigers,38,-3.4323,-0.6371,-3.3217,-0.5047,-0.1887,-0.5572000000000001,-1.9623,-0.1887,-2.0359,-214.0,-57.226
2018,north-carolina-state-wolfpack,63,-3.2623,-1.349,-4.9373000000000005,-4.9203,-6.016,-3.575,-5.1256,-5.6163,-4.6181,-382.0,-393.246
2018,northwestern-wildcats,59,-2.8916,-1.4059,-2.6151,-3.1308,-0.19130000000000003,-3.1869,-4.7264,-0.5767,-4.7725,-348.0,-312.37600000000003
2018,notre-dame-fighting-irish,65,-0.2949999999999999,0.7348,-1.9126,-32.7972,-21.8157,-41.7624,-33.1405,-21.9062,-42.5028,157.0,-1931.974
2018,ohio-state-buckeyes,65,-0.2018999999999998,-1.182,1.4258000000000002,-34.7108,-44.7743,-20.2227,-35.4176,-46.6244,-19.9436,143.0,-1911.915
2018,oklahoma-sooners,65,-0.002700000000000008,-2.6975,2.3232,-24.4528,-23.7695,-23.393,-22.9165,-23.372799999999998,-20.7371,144.0,-1932.0
2018,oklahoma-state-cowboys,60,-0.6692,-0.2957999999999999,-1.1253,-5.4135,-5.5187,-0.2966,-6.3425,-6.4634,-0.3719,-208.0,-234.641
2018,ole-miss-rebels,4,-0.7029000000000001,-0.7029000000000001,0.0,0.061499999999999985,0.061499999999999985,0.0,0.061499999999999985,0.061499999999999985,0.0,-23.0,1.0
2018,oregon-ducks,63,-3.7554,-3.4024,-4.039,-7.7042,-7.7001,-6.5923,-9.3917,-9.6386,-6.4243999999999994,-298.0,-796.097
2018,penn-state-nittany-lions,65,-0.2523000000000001,-1.2753,0.7616999999999999,-12.0043,-14.2745,-8.6379,-10.6793,-12.4049,-8.0456,139.0,-1798.789
2018,pittsburgh-panthers,33,-2.8072,0.0,-2.8072,-0.9374,0.0,-0.9374,-2.3337,0.0,-2.3337,-91.0,-31.831
2018,purdue-boilermakers,8,-0.7422,0.0,-0.7422,-0.17900000000000002,0.0,-0.17900000000000002,-0.4062,0.0,-0.4062,-17.0,-3.6639999999999997
2018,san-diego-state-aztecs,29,-2.7862,-2.2018999999999997,-2.3315,-0.4832,-0.708,-0.12990000000000002,-0.8108,-1.1949,-0.12990000000000002,-136.0,-29.181
2018,south-carolina-gamecocks,42,-5.0496,-5.0496,0.0,-1.1638,-1.1638,0.0,-3.6475999999999997,-3.6475999999999997,0.0,-183.0,-28.645
2018,south-florida-bulls,52,-2.2157,-2.1321,-2.6274,-2.2408,-2.3956,-2.8675,-3.5379,-3.2694,-4.6044,-256.0,-207.97899999999998
2018,stanford-cardinal,64,2.0678,3.8245,-4.494,-13.3846,-14.779,-1.3733,-11.5561,-12.4374,-2.4644,4.0,-785.267
2018,syracuse-orange,63,1.2428000000000001,-3.4848,2.1439,-7.6532,-1.0113,-8.0051,-6.5648,-1.1160999999999999,-6.7877,111.0,-747.9490000000001
2018,tcu-horned-frogs,63,-0.9373999999999998,-0.9373999999999998,0.0,-8.9575,-8.9575,0.0,-7.9222,-7.9222,0.0,-16.0,-444.341
2018,texas-am-aggies,63,-3.1791,-4.0605,-2.266,-5.3222,-4.5949,-5.9184,-6.1891,-6.7479,-5.7703,-550.0,-674.132
2018,texas-longhorns,65,1.2429000000000001,2.2719,1.3043,-12.9299,-10.5307,-13.3495,-11.706900000000001,-9.8407,-11.737400000000001,273.0,-1419.458
2018,texas-tech-red-raiders,31,-4.6026,-3.9816000000000003,-2.5036,-1.2227999999999999,-1.3617,-0.5924,-1.3151,-1.6557,-0.3456,-144.0,-36.656
2018,troy-trojans,2,-0.2608,0.0,-0.2608,-0.174,0.0,-0.174,-0.174,0.0,-0.174,-6.0,-4.0
2018,uab-blazers,27,-3.2926,0.0,-3.2926,0.6131000000000001,0.0,0.6131000000000001,0.3932999999999999,0.0,0.3932999999999999,-163.0,5.099999999999998
2018,ucf-knights,65,-0.516,1.2246000000000001,-2.5662999999999996,-14.1089,-10.4717,-17.1715,-13.208,-9.577,-16.2886,139.0,-1833.776
2018,usc-trojans,63,0.03730000000000011,0.03730000000000011,0.0,-6.7309,-6.7309,0.0,-4.3858,-4.3858,0.0,-75.0,-305.885
2018,utah-state-aggies,60,1.9953,-1.4999,2.1486,-5.6287,-0.2183,-5.9212,-4.5104,-0.3102,-4.7641,4.0,-464.15500000000003
2018,utah-utes,62,-3.1162,-4.796,-2.0178,-5.3916,-0.46859999999999996,-6.0256,-6.0347,-1.5584,-6.4013,-518.0,-647.105
2018,virginia-cavaliers,38,-4.4502,0.0,-4.4502,-1.4152,0.0,-1.4152,-2.6689,0.0,-2.6689,-116.0,-36.726
2018,virginia-tech-hokies,62,-1.3417999999999999,-1.3417999999999999,0.0,-9.6808,-9.6808,0.0,-10.0556,-10.0556,0.0,-115.0,-462.49
2018,washington-huskies,65,1.9399,3.6898999999999997,-0.06420000000000002,-13.9195,-16.2668,-9.6325,-11.921,-14.0665,-8.0371,231.0,-1722.603
2018,washington-state-cougars,63,-0.5497000000000001,-3.7584,0.5337999999999999,-13.0871,0.054200000000000005,-14.182,-13.2453,-0.7794000000000001,-14.1687,-34.0,-986.817
2018,west-virginia-mountaineers,65,-0.04800000000000004,-1.8884999999999998,1.8961000000000001,-13.8432,-14.8135,-11.6801,-12.4148,-14.999,-8.6618,135.0,-1839.838
2018,wisconsin-badgers,63,-1.1134,-0.8937000000000002,-1.2219,-19.7683,-21.6665,-4.0047999999999995,-19.1395,-20.656200000000002,-5.9359,-75.0,-997.3480000000001
2019,air-force-falcons,54,-0.4969,0.0,-0.4969,-1.9116,0.0,-1.9116,-2.7135,0.0,-2.7135,-80.0,-115.695
2019,alabama-crimson-tide,64,12.0971,14.857099999999999,8.171,-65.1762,-84.5911,-46.2376,-62.2008,-83.6105,-41.4819,337.0,-2101.9320000000002
2019,appalachian-state-mountaineers,62,-1.0395,-2.6238,-0.40240000000000004,-3.8078,-0.29689999999999994,-4.4342,-4.2785,-1.4228999999999998,-4.7448,-303.0,-697.824
2019,arizona-state-sun-devils,63,1.5448,2.0918,-2.7123999999999997,-3.937,-4.8357,-1.2039,-4.0781,-4.9068,-1.5398999999999998,17.0,-347.716
2019,arizona-wildcats,4,-0.4918,-0.4918,0.0,-0.1447,-0.1447,0.0,-0.1447,-0.1447,0.0,-11.0,-3.0
2019,army-west-point-black-knights,30,-4.8527,-4.8527,0.0,0.36790000000000006,0.36790000000000006,0.0,0.8336,0.8336,0.0,-307.0,-5.839999999999996
2019,auburn-tigers,63,-2.4766,-3.0797,-1.9485,-15.753,-18.5343,-12.9388,-16.7886,-19.8994,-13.6577,-75.0,-2080.182
2019,baylor-bears,63,0.10339999999999994,-0.2552000000000001,0.16419999999999996,-12.4753,-5.1509,-14.009,-10.042,-5.3745,-10.9872,59.0,-1304.17
2019,boise-state-broncos,63,0.8165,2.5726,-0.8931,-5.5905,-5.5047,-5.7194,-5.9793,-4.7581999999999995,-6.9774,12.0,-1494.404
2019,byu-cougars,7,-0.5041,-0.5041,0.0,-0.2157,-0.2157,0.0,-0.2157,-0.2157,0.0,-12.0,-5.0
2019,california-golden-bears,61,0.3442999999999999,0.3322999999999999,-0.2041,-3.6388,-3.669,-0.0926,-3.052,-3.0741,-0.0926,-206.0,-202.778
2019,cincinnati-bearcats,63,-0.33449999999999996,-2.5116,0.28540000000000004,-6.3568999999999996,-3.667,-6.8773,-6.1063,-3.9759,-6.504,-87.0,-1124.588
2019,clemson-tigers,64,-6.3364,6.0358,-16.8277,-85.3669,-109.9675,-58.0753,-83.1859,-99.2941,-63.8001,-70.0,-2102.043
2019,colorado-buffaloes,16,-1.8237999999999999,-1.8237999999999999,0.0,-0.34809999999999997,-0.34809999999999997,0.0,-0.8672,-0.8672,0.0,-40.0,-6.671999999999999
2019,florida-atlantic-owls,17,-1.8508,0.0,-1.8508,-0.23369999999999996,0.0,-0.23369999999999996,-0.9917,0.0,-0.9917,-51.0,-5.875
2019,florida-gators,64,4.3237,2.8644999999999996,4.4901,-17.1529,-17.027,-17.2628,-13.442499999999999,-11.8294,-15.1209,568.0,-2101.978
2019,fresno-state-bulldogs,2,-0.3685,-0.3685,0.0,-0.1864,-0.1864,0.0,-0.1864,-0.1864,0.0,-8.0,-4.0
2019,georgia-bulldogs,64,5.6202,6.633900000000001,4.3865,-33.9307,-42.1984,-25.0203,-27.3401,-32.9673,-21.0751,399.0,-2101.949
2019,indiana-hoosiers,39,-2.6994,0.0,-2.6994,-0.7394999999999999,0.0,-0.7394999999999999,-1.0238,0.0,-1.0238,-120.0,-28.141000000000002
2019,iowa-hawkeyes,64,-1.7616999999999998,-0.6093999999999999,-2.7274000000000003,-7.2497,-7.0708,-7.1795,-7.1863,-7.1851,-6.9508,-411.0,-1760.468
2019,iowa-state-cyclones,62,-4.8235,-4.8965,-3.0104,-2.0579,-2.001,-1.7596,-3.2084,-2.8615,-2.9435,-473.0,-202.375
2019,kansas-state-wildcats,62,-3.9842,-6.624,-1.905,-3.5061999999999998,-1.8795,-3.7861,-4.6628,-3.1314,-4.7251,-404.0,-289.939
2019,louisiana-tech-bulldogs,10,-0.8182,0.0,-0.8182,-0.000899999999999998,0.0,-0.000899999999999998,0.08289999999999999,0.0,0.08289999999999999,-38.0,-8.5
2019,lsu-tigers,64,12.2658,-1.3024,24.111,-77.1022,-40.4229,-106.7679,-72.5817,-41.596,-97.3835,306.0,-2102.086
2019,maryland-terrapins,46,0.8238000000000001,0.8238000000000001,0.0,-2.6109999999999998,-2.6109999999999998,0.0,-2.6753,-2.6753,0.0,23.0,-44.666000000000004
2019,memphis-tigers,62,-1.9013,-3.2584,-1.3457,-6.4255,-0.049000000000000044,-7.3846,-7.4534,-1.1984000000000001,-8.3707,-376.0,-983.1850000000001
2019,miami-fl-hurricanes,15,-3.5383,-3.5383,0.0,0.20989999999999995,0.20989999999999995,0.0,0.75,0.75,0.0,-80.0,3.8860000000000006
2019,michigan-state-spartans,61,-2.1629,-2.1629,0.0,-4.8295,-4.8295,0.0,-5.9441,-5.9441,0.0,-242.0,-323.289
2019,michigan-wolverines,64,-0.5381,0.5375000000000001,-0.2693000000000001,-12.8092,-14.4781,-9.4282,-11.8127,-11.1723,-10.4216,104.0,-1919.653
2019,minnesota-golden-gophers,63,0.1884,-0.721,0.39480000000000004,-11.6609,-2.6645,-13.0628,-9.4004,-3.6027,-10.2684,2.0,-1202.847
2019,mississippi-state-bulldogs,26,-4.8652,-4.8652,0.0,-0.8443999999999999,-0.8443999999999999,0.0,-1.1644,-1.1644,0.0,-228.0,-49.147999999999996
2019,missouri-tigers,55,-4.2761000000000005,-4.2761000000000005,0.0,-2.1145,-2.1145,0.0,-4.3201,-4.3201,0.0,-242.0,-90.042
2019,navy-midshipmen,62,-0.46399999999999997,0.0,-0.46399999999999997,-3.8278,0.0,-3.8278,-3.5809,0.0,-3.5809,-111.0,-448.621
2019,nebraska-cornhuskers,35,-4.9539,-4.9539,0.0,-1.1920000000000002,-1.1920000000000002,0.0,-2.2557,-2.2557,0.0,-155.0,-33.955
2019,north-carolina-tar-heels,17,-2.1734,-2.1734,0.0,-0.6003,-0.6003,0.0,-1.0661,-1.0661,0.0,-48.0,-11.875
2019,northwestern-wildcats,20,-3.0949999999999998,-3.0949999999999998,0.0,-0.8124,-0.8124,0.0,-2.2077,-2.2077,0.0,-63.0,-12.100000000000001
2019,notre-dame-fighting-irish,64,3.5182,5.5222,2.2434,-14.3304,-16.9723,-10.5742,-13.7701,-15.5176,-10.8588,734.0,-2094.575
2019,ohio-state-buckeyes,64,-12.643600000000001,-11.9046,-13.267299999999999,-61.131099999999996,-44.166199999999996,-74.13340000000001,-59.4915,-44.0278,-71.3413,-143.0,-2101.981
2019,oklahoma-sooners,64,-4.3906,-4.8171,-4.0012,-26.7028,-30.738500000000002,-21.8601,-27.6318,-30.0972,-24.2685,-232.0,-2101.915
2019,oklahoma-state-cowboys,62,-1.0664,-1.8413,0.16930000000000006,-2.7389,-1.0839999999999999,-3.1566,-2.6694,-1.3015999999999999,-2.9517,-231.0,-299.101
2019,oregon-ducks,64,-0.09389999999999998,-1.4811,1.151,-15.7312,-11.241999999999999,-18.978,-15.7232,-12.5374,-17.8241,46.0,-2076.171
2019,penn-state-nittany-lions,64,-0.01359999999999996,1.3537000000000001,-0.9806,-15.5426,-12.5705,-17.3496,-15.0913,-11.2799,-17.723300000000002,160.0,-2061.26
2019,pittsburgh-panthers,12,-1.0722,-0.2651,-0.9179999999999999,-0.4314,-0.0909,-0.3859,-0.5054,-0.0909,-0.4599,-32.0,-13.0
2019,san-diego-state-aztecs,44,-3.4245,0.0,-3.4245,-0.7757,0.0,-0.7757,-1.4736,0.0,-1.4736,-181.0,-46.544
2019,south-carolina-gamecocks,4,-0.9662000000000001,-0.9662000000000001,0.0,-0.11709999999999998,-0.11709999999999998,0.0,-0.11709999999999998,-0.11709999999999998,0.0,-19.0,-2.0
2019,southern-methodist-mustangs,63,-1.4376,-1.2274,-0.8283999999999999,-5.3122,-3.3254,-5.8977,-5.4735,-3.2857,-6.1128,-327.0,-797.326
2019,stanford-cardinal,46,-4.4973,-4.4973,0.0,-2.8712,-2.8712,0.0,-3.7468,-3.7468,0.0,-169.0,-101.182
2019,syracuse-orange,51,-1.1844,-1.1844,0.0,-2.9547,-2.9547,0.0,-2.7507,-2.7507,0.0,-45.0,-101.5
2019,tcu-horned-frogs,26,-4.496,-4.496,0.0,1.0833,1.0833,0.0,-0.26460000000000006,-0.26460000000000006,0.0,-265.0,-17.273999999999994
2019,temple-owls,13,-1.6082,-1.6082,0.0,-0.3878,-0.3878,0.0,-0.00770000000000004,-0.00770000000000004,0.0,-38.0,-7.8
2019,tennessee-volunteers,4,-0.33699999999999997,0.0,-0.33699999999999997,-0.1704,0.0,-0.1704,-0.1704,0.0,-0.1704,-8.0,-4.0
2019,texas-am-aggies,64,-4.8894,-4.8932,-2.32,-7.7675,-9.2268,-0.5481,-8.313,-9.5269,-1.7502,-583.0,-605.459
2019,texas-longhorns,64,-2.6701,-3.2835,-0.021700000000000136,-12.6918,-15.1395,-4.6608,-13.153,-15.3672,-5.6812,-134.0,-1172.2740000000001
2019,tulane-green-wave,23,-2.2233,-2.2233,0.0,-0.4785,-0.4785,0.0,-0.8149,-0.8149,0.0,-80.0,-19.042
2019,uab-blazers,1,-0.1304,-0.1304,0.0,-0.087,-0.087,0.0,-0.087,-0.087,0.0,-3.0,-2.0
2019,ucf-knights,64,-0.6191000000000001,0.39599999999999996,-2.6841,-5.6579,-6.2369,-0.5286,-6.2142,-6.5642,-1.6997,-114.0,-561.672
2019,usc-trojans,62,-3.2787,-4.5831,-1.688,-2.7998,-3.2426,-1.8925,-3.7656,-4.3706000000000005,-2.5228,-296.0,-237.923
2019,utah-state-aggies,2,-0.4084,-0.4084,0.0,0.0852,0.0852,0.0,0.0852,0.0852,0.0,-8.0,2.0
2019,utah-utes,64,1.2214,0.7607999999999999,1.4054,-14.298,-11.0166,-16.9023,-13.0141,-10.3162,-15.0868,366.0,-2037.905
2019,virginia-cavaliers,63,-1.5092,-0.6127,-2.2574,-2.976,-3.4119,-1.6144,-3.7729,-4.5612,-1.4915,-359.0,-392.538
2019,virginia-tech-hokies,46,-1.1994,-0.5608,-0.9401,-2.1039,-0.28700000000000003,-2.0023,-2.5026,-0.424,-2.3329,-66.0,-87.535
2019,wake-forest-demon-deacons,63,-1.6574,0.2728000000000002,-2.9516,-3.3464,-3.2659,-2.9797000000000002,-4.1997,-3.4697,-4.2454,-311.0,-379.02
2019,washington-huskies,63,-1.1599,-0.5092,-2.0572,-7.4721,-7.5084,-0.5219,-7.6081,-7.5871,-0.8267,-156.0,-582.931
2019,washington-state-cougars,62,-1.9602,-1.9602,0.0,-4.6697,-4.6697,0.0,-5.8393,-5.8393,0.0,-168.0,-315.924
2019,west-virginia-mountaineers,1,-0.1304,-0.1304,0.0,-0.087,-0.087,0.0,-0.087,-0.087,0.0,-3.0,-2.0
2019,wisconsin-badgers,64,0.8134,1.5239,-0.13540000000000013,-12.437,-13.8454,-11.118,-10.9672,-12.0125,-10.0199,268.0,-2019.118
2020,air-force-falcons,4,-0.733,-0.733,0.0,-0.19579999999999997,-0.19579999999999997,0.0,-0.19579999999999997,-0.19579999999999997,0.0,-28.0,-6.0
2020,alabama-crimson-tide,65,-0.6588,0.6668000000000001,-2.4579,-96.7955,-65.7758,-120.9671,-96.3605,-63.257,-122.4398,26.0,-2101.935
2020,appalachian-state-mountaineers,53,-7.033,-7.1203,-2.0732999999999997,-3.1189,-3.089,-1.0839999999999999,-4.2877,-4.4697000000000005,-1.0839999999999999,-226.0,-97.25
2020,arizona-state-sun-devils,20,-3.6183,-3.2229,-0.9998,-0.28350000000000003,-0.13520000000000004,-0.2308,-0.5491,-0.41080000000000005,-0.2308,-120.0,-14.000000000000002
2020,arkansas-razorbacks,9,-0.9705,-0.9705,0.0,0.1772,0.1772,0.0,0.2138,0.2138,0.0,-41.0,1.6679999999999995
2020,arkansas-state-red-wolves,16,-1.5864,-1.5864,0.0,0.0001999999999999849,0.0001999999999999849,0.0,-0.7097,-0.7097,0.0,-65.0,-3.6309999999999993
2020,army-west-point-black-knights,60,-5.6613,-4.9276,-3.5182,-3.4473,-3.6281,-0.7933,-5.0212,-5.4714,-0.9440000000000001,-435.0,-201.98000000000002
2020,auburn-tigers,65,-0.24459999999999998,2.1082,-3.505,-13.180299999999999,-16.4863,-1.9359,-11.864799999999999,-13.6346,-4.0231,-140.0,-889.058
2020,ball-state-cardinals,56,-0.7747,0.0,-0.7747,-3.6517,0.0,-3.6517,-3.2902,0.0,-3.2902,-15.0,-79.176
2020,baylor-bears,37,-6.4108,-6.4108,0.0,-1.3131,-1.3131,0.0,-2.6042,-2.6042,0.0,-272.0,-55.745999999999995
2020,boise-state-broncos,58,-5.306,-6.4243,-4.2175,-2.5495,-1.3096,-4.4236,-4.667,-2.9165,-6.3533,-279.0,-93.544
2020,boston-college-eagles,19,-2.7271,-2.7271,0.0,-0.9284,-0.9284,0.0,-1.2265,-1.2265,0.0,-65.0,-20.0
2020,buffalo-bulls,55,-2.5129,0.0,-2.5129,-0.8923,0.0,-0.8923,-1.9837,0.0,-1.9837,-207.0,-75.331
2020,byu-cougars,63,-0.8623999999999999,-2.949,0.81,-13.7329,-10.691,-15.5325,-13.911,-13.3584,-13.8873,99.0,-1766.1009999999999
2020,california-golden-bears,4,-0.6864,-0.7206,-0.1304,-0.2118,-0.21439999999999998,-0.087,-0.2118,-0.21439999999999998,-0.087,-21.0,-8.0
2020,cincinnati-bearcats,65,-0.055499999999999994,4.6403,-3.3931,-18.7239,-12.955,-22.1134,-18.1099,-10.8142,-22.7423,321.0,-1987.108
2020,clemson-tigers,65,7.2227,10.6607,2.7,-84.8799,-122.948,-45.7556,-78.7963,-113.6755,-43.3984,93.0,-2102.0370000000003
2020,coastal-carolina-chanticleers,63,2.9779999999999998,-0.6656,3.7039,-9.5025,-2.3586,-11.2878,-7.447,-2.4939,-8.7468,395.0,-1201.957
2020,colorado-buffaloes,50,-0.3183999999999999,0.0,-0.3183999999999999,-3.3264,0.0,-3.3264,-4.5423,0.0,-4.5423,-24.0,-81.21300000000001
2020,florida-atlantic-owls,1,-0.2381,0.0,-0.2381,-0.0952,0.0,-0.0952,-0.0952,0.0,-0.0952,-5.0,-2.0
2020,florida-gators,65,4.9932,8.3555,1.4945,-21.2076,-23.5577,-18.4481,-19.5552,-23.3452,-15.5268,543.0,-2101.909
2020,florida-state-seminoles,2,-0.2781,-0.2781,0.0,-0.008200000000000013,-0.008200000000000013,0.0,-0.008200000000000013,-0.008200000000000013,0.0,-6.0,0.0
2020,georgia-bulldogs,65,3.4233,8.2264,-1.0560999999999998,-26.938200000000002,-37.5977,-14.8623,-24.4606,-33.2549,-14.3957,259.0,-2101.94
2020,georgia-tech-yellow-jackets,19,-3.7562,-3.7562,0.0,0.10649999999999998,0.10649999999999998,0.0,-1.0761,-1.0761,0.0,-69.0,11.218
2020,houston-cougars,1,-0.2381,-0.2381,0.0,-0.0952,-0.0952,0.0,-0.0952,-0.0952,0.0,-5.0,-2.0
2020,indiana-hoosiers,63,3.9977,0.8367999999999999,4.0161,-12.971400000000001,-5.8959,-13.9043,-11.2874,-5.0521,-12.1505,360.0,-1191.482
2020,iowa-hawkeyes,65,-1.9126,-5.0048,-0.37070000000000014,-6.3671,-0.9998,-6.9854,-6.6078,-0.9984000000000001,-7.2585,-251.0,-577.115
2020,iowa-state-cyclones,65,0.8311,-3.1163,2.5411,-9.1288,-4.7448,-11.0854,-8.8726,-6.4319,-9.9255,107.0,-1367.599
2020,kansas-state-wildcats,62,-3.6813,-3.8736,-2.9751000000000003,-4.8427,-5.5498,-0.6069999999999999,-6.7895,-7.4619,-1.1,-373.0,-283.258
2020,kentucky-wildcats,54,-5.1288,-5.1288,0.0,-1.9295,-1.9295,0.0,-2.7573,-2.7573,0.0,-224.0,-94.684
2020,liberty-flames,62,-1.4249,-3.678,-1.0423,-2.6485,-0.4978,-2.8129,-3.3611,-1.3684,-3.4309,-430.0,-446.974
2020,louisiana-lafayette-ragin-cajuns,63,-3.3132,-3.5631,-2.5689,-5.1558,-3.0275,-5.9466,-6.1942,-3.9384,-6.9896,-786.0,-923.02
2020,louisville-cardinals,53,-1.1972,-1.1972,0.0,-3.5013,-3.5013,0.0,-3.9299,-3.9299,0.0,-84.0,-99.55
2020,lsu-tigers,64,-7.8782,-7.8782,0.0,-29.6666,-29.6666,0.0,-28.293300000000002,-28.293300000000002,0.0,-49.0,-524.61
2020,marshall-thundering-herd,63,0.9148000000000001,-2.2465,3.2029,-4.8375,-2.2398000000000002,-6.1805,-3.6225,-2.9299,-3.8496,-90.0,-666.7429999999999
2020,maryland-terrapins,1,-0.1304,0.0,-0.1304,-0.087,0.0,-0.087,-0.087,0.0,-0.087,-3.0,-2.0
2020,memphis-tigers,62,-1.313,-1.2881,-0.5187999999999999,-4.4697,-4.5114,-0.2,-3.8776,-3.9121,-0.2,-294.0,-281.83299999999997
2020,miami-fl-hurricanes,63,1.2579,1.3184,1.0693,-13.1029,-14.9114,-11.4434,-13.0674,-14.5851,-11.6343,291.0,-1928.3220000000001
2020,michigan-wolverines,64,-5.3172,-5.4289,-3.2459,-8.9276,-9.5103,-2.3619,-9.9977,-10.5225,-3.2459,-446.0,-625.511
2020,minnesota-golden-gophers,61,-7.4113,-7.4113,0.0,-4.7061,-4.7061,0.0,-7.7033,-7.7033,0.0,-487.0,-208.91699999999997
2020,mississippi-state-bulldogs,55,-12.0618,-12.0618,0.0,-9.8885,-9.8885,0.0,-9.9715,-9.9715,0.0,-205.0,-105.79599999999999
2020,missouri-tigers,4,-0.4826,-0.1304,-0.35219999999999996,-0.2454,-0.087,-0.15839999999999999,-0.2454,-0.087,-0.15839999999999999,-11.0,-5.5
2020,navy-midshipmen,1,-0.3,-0.3,0.0,-0.1,-0.1,0.0,-0.1,-0.1,0.0,-6.0,-2.0
2020,north-carolina-state-wolfpack,58,-6.1365,-4.8983,-4.4019,-2.5907,-0.45890000000000003,-2.4983,-3.6036,-2.0548,-3.0403000000000002,-497.0,-206.606
2020,north-carolina-tar-heels,65,1.1971,3.9204,-2.3334,-10.0991,-12.7824,-6.1047,-9.6853,-11.6675,-6.5903,-121.0,-1475.656
2020,north-dakota-state-bison,1,-0.1818,0.0,-0.1818,-0.0909,0.0,-0.0909,-0.0909,0.0,-0.0909,-4.0,-2.0
2020,northwestern-wildcats,62,-0.06490000000000001,-0.9876,0.014399999999999965,-8.2007,-0.1253,-8.2579,-7.8286,-0.28800000000000003,-7.8658,-38.0,-802.077
2020,notre-dame-fighting-irish,65,6.0638,7.0832,5.2595,-39.7171,-26.1225,-49.905699999999996,-36.2323,-24.6856,-44.7081,363.0,-2102.0249999999996
2020,ohio-state-buckeyes,65,-15.8378,-33.4015,-1.7599999999999998,-55.6013,-58.8352,-47.8917,-55.9422,-58.6604,-48.1817,-441.0,-1781.919
2020,oklahoma-sooners,65,1.0418,3.4757,-0.9304,-16.5108,-23.9234,-12.0557,-14.6265,-17.3071,-12.9913,-182.0,-1569.494
2020,oklahoma-state-cowboys,65,0.8544,3.8247,-2.4705,-12.4469,-16.508399999999998,-7.4547,-11.826,-14.265,-8.6685,-55.0,-1700.693
2020,ole-miss-rebels,4,-1.7039,-1.7039,0.0,-0.2717,-0.2717,0.0,-0.2717,-0.2717,0.0,-33.0,-6.0
2020,oregon-ducks,65,-10.3514,-17.0604,-4.1673,-15.955499999999999,-18.454,-13.8114,-14.9441,-15.7652,-14.6597,-833.0,-1211.222
2020,penn-state-nittany-lions,63,-4.6944,-4.1071,-4.8535,-19.4751,-19.9385,-1.2722,-17.1878,-17.558,-1.3899,-160.0,-665.818
2020,pittsburgh-panthers,61,-5.449,-5.449,0.0,-2.637,-2.637,0.0,-2.659,-2.659,0.0,-298.0,-133.924
2020,purdue-boilermakers,5,-0.9461,-0.3833,-0.654,-0.2228,-0.00910000000000001,-0.1483,-0.18600000000000003,-0.00910000000000001,-0.10910000000000002,-31.0,-3.3320000000000007
2020,san-diego-state-aztecs,5,-0.3337,0.0,-0.3337,-0.12869999999999998,0.0,-0.12869999999999998,-0.12869999999999998,0.0,-0.12869999999999998,-8.0,-3.0
2020,san-jose-state-spartans,59,-0.17299999999999982,0.0,-0.17299999999999982,-1.6925000000000001,0.0,-1.6925000000000001,-2.3261,0.0,-2.3261,-86.0,-103.008
2020,south-carolina-gamecocks,2,-0.4084,-0.4084,0.0,0.0852,0.0852,0.0,0.0852,0.0852,0.0,-8.0,2.0
2020,south-florida-bulls,1,-0.3,-0.3,0.0,-0.1,-0.1,0.0,-0.1,-0.1,0.0,-6.0,-2.0
2020,southern-methodist-mustangs,63,-1.2516999999999998,-1.9635000000000002,-0.9291999999999999,-4.8263,-5.1639,-5.2192,-6.7275,-7.8008999999999995,-5.4761999999999995,-252.0,-485.401
2020,tcu-horned-frogs,32,-6.4307,-6.4616999999999996,-0.4179,-1.7789000000000001,-1.7503000000000002,-0.1052,-1.6169,-1.5883,-0.1052,-201.0,-44.4
2020,tennessee-volunteers,62,-0.4931999999999999,-0.4931999999999999,0.0,-8.281600000000001,-8.281600000000001,0.0,-8.316,-8.316,0.0,-33.0,-548.641
2020,texas-am-aggies,65,5.2410000000000005,2.1013,6.6625,-20.1862,-14.734,-24.9174,-17.8059,-13.0579,-22.0716,488.0,-2019.823
2020,texas-longhorns,65,-0.1654000000000001,2.0453,-0.601,-8.893,-13.0249,-4.5825,-8.5861,-11.4009,-5.2236,-18.0,-1137.019
2020,texas-tech-red-raiders,1,-0.2381,-0.2381,0.0,-0.0952,-0.0952,0.0,-0.0952,-0.0952,0.0,-10.0,-4.0
2020,tulsa-golden-hurricane,62,-3.1155,-4.2336,-2.2634000000000003,-3.0181999999999998,0.9622999999999999,-3.4638,-3.6479,0.7577999999999999,-4.0958,-616.0,-411.325
2020,uab-blazers,8,-1.6174,-1.4342,-0.4241,-0.1492,0.028600000000000028,-0.2157,-0.5088,-0.3552,-0.2157,-98.0,-10.0
2020,ucf-knights,64,3.7589,4.3107,-0.692,-7.4162,-7.607,0.35340000000000005,-4.8611,-4.96,0.35340000000000005,39.0,-413.396
2020,usc-trojans,65,-3.4939,-5.3281,-1.9491,-7.0164,-5.2481,-7.3184000000000005,-7.5712,-7.3057,-7.1633,-628.0,-1061.651
2020,utah-utes,40,-2.2083,-1.956,-2.1838,-1.8665999999999998,-2.0305999999999997,-0.05379999999999997,-2.0946000000000002,-2.2879,0.059100000000000014,-250.0,-56.62
2020,virginia-cavaliers,14,-2.9227999999999996,-2.9227999999999996,0.0,-0.2575,-0.2575,0.0,-0.6924,-0.6924,0.0,-102.0,-14.935000000000002
2020,virginia-tech-hokies,65,-4.9091,-4.6836,-0.4826,-4.7234,-4.6212,-0.2527,-6.174,-6.0639,-0.3104,-445.0,-379.05
2020,wake-forest-demon-deacons,3,-0.2537,0.0,-0.2537,-0.12869999999999998,0.0,-0.12869999999999998,-0.12869999999999998,0.0,-0.12869999999999998,-11.0,-6.0
2020,washington-huskies,50,-4.4018,-1.2732,-4.1308,-1.7241,-0.09430000000000004,-1.8642,-2.2813,-0.09430000000000004,-2.4423,-258.0,-82.376
2020,west-virginia-mountaineers,33,-6.6876,-5.4218,-2.1736999999999997,-0.6764,-0.1859000000000001,-0.43700000000000006,-0.9910000000000001,-0.46240000000000003,-0.5189,-279.0,-28.834000000000003
2020,wisconsin-badgers,65,-4.3065999999999995,-4.7425,-3.0614,-13.0577,-13.8736,-11.6087,-13.8819,-15.0952,-12.0312,-469.0,-1282.196
2021,air-force-falcons,9,-0.8087,-0.8087,0.0,-0.242,-0.242,0.0,-0.242,-0.242,0.0,-19.0,-5.5
2021,alabama-crimson-tide,65,5.1571,4.2625,5.021199999999999,-83.9832,-104.2409,-59.4103,-81.0944,-98.3556,-59.8844,173.0,-1995.958
2021,appalachian-state-mountaineers,22,-2.0465999999999998,0.0,-2.0465999999999998,0.3953,0.0,0.3953,0.3434,0.0,0.3434,-158.0,-3.2800000000000007
2021,arizona-state-sun-devils,64,-2.6942,-2.7262,-0.29369999999999996,-4.9882,-5.0758,-0.12869999999999998,-6.2263,-6.3238,-0.12869999999999998,-234.0,-336.174
2021,arkansas-razorbacks,65,-1.7893999999999999,2.0143,-5.0391,-6.9127,-10.7973,-1.8854,-7.8463,-11.9802,-2.5526,-380.0,-732.85
2021,army-west-point-black-knights,3,-0.297,0.0,-0.297,-0.1704,0.0,-0.1704,-0.1704,0.0,-0.1704,-7.0,-4.0
2021,auburn-tigers,65,-0.9898000000000001,-3.3447,3.1511,-6.4399,-4.7402,-8.0674,-7.8693,-7.259,-7.9902,-193.0,-671.062
2021,ball-state-cardinals,4,-0.3235,-0.3235,0.0,0.013300000000000006,0.013300000000000006,0.0,0.013300000000000006,0.013300000000000006,0.0,-13.0,-1.0
2021,baylor-bears,64,0.4676,-1.2334999999999998,1.1571,-12.4735,-4.6091999999999995,-14.346,-12.4938,-6.1273,-13.9269,48.0,-1128.458
2021,boise-state-broncos,4,-0.29369999999999996,-0.29369999999999996,0.0,-0.12869999999999998,-0.12869999999999998,0.0,-0.12869999999999998,-0.12869999999999998,0.0,-7.0,-3.0
2021,boston-college-eagles,16,-2.1723,-2.1723,0.0,-0.44320000000000004,-0.44320000000000004,0.0,-1.0578999999999998,-1.0578999999999998,0.0,-85.0,-24.5
2021,byu-cougars,64,1.7867,0.8330000000000001,2.7927,-9.3759,-8.7373,-9.1535,-8.0032,-8.2485,-7.2074,313.0,-1316.292
2021,cincinnati-bearcats,65,3.5502000000000002,4.3393,4.1051,-41.8476,-29.1445,-51.687599999999996,-39.2824,-25.0223,-50.6929,266.0,-1996.028
2021,clemson-tigers,65,-1.345,-3.7008,3.3847,-18.4494,-26.3809,-4.4004,-17.8275,-25.5344,-4.117,-173.0,-828.908
2021,coastal-carolina-chanticleers,65,-0.3505,0.3026,-2.9177999999999997,-6.0544,-7.2675,-1.5347000000000002,-5.705299999999999,-6.9226,-1.2942,-82.0,-799.2810000000001
2021,florida-gators,63,-3.1022,-3.1349,-0.1304,-12.7428,-12.7974,-0.087,-12.5055,-12.5603,-0.087,-49.0,-732.547
2021,florida-state-seminoles,2,-0.1704,-0.1704,0.0,-0.087,-0.087,0.0,-0.087,-0.087,0.0,-4.0,-2.0
2021,fresno-state-bulldogs,60,-1.2471999999999999,1.1031,-5.753,-4.9208,-5.5376,-1.8922,-4.9963,-6.2623,-0.6180000000000001,-96.0,-203.999
2021,georgia-bulldogs,65,-2.1111,-5.1489,0.6257,-100.5601,-82.5217,-115.7535,-100.2439,-82.6432,-115.03649999999999,-36.0,-1995.932
2021,houston-cougars,63,-0.1956999999999998,-0.2381,-0.18879999999999988,-6.54,-0.0952,-6.5581000000000005,-6.7562999999999995,-0.0952,-6.7748,0.0,-630.58
2021,indiana-hoosiers,61,-1.9814999999999998,-1.9814999999999998,0.0,-7.1544,-7.1544,0.0,-8.5811,-8.5811,0.0,-71.0,-121.73200000000001
2021,iowa-hawkeyes,65,1.851,2.4415,0.9914999999999999,-19.4742,-29.348300000000002,-7.5563,-19.1477,-28.9664,-7.2186,139.0,-1732.831
2021,iowa-state-cyclones,65,2.8716,4.5594,-3.2481,-11.6935,-13.6496,-4.0651,-8.8484,-9.6461,-5.4584,134.0,-558.634
2021,kansas-state-wildcats,37,-3.7944,-3.768,-0.5041,-0.23279999999999998,-0.16419999999999998,-0.2157,-1.6572,-1.689,-0.2157,-156.0,-30.368
2021,kentucky-wildcats,64,-1.9045,-3.5677,0.11930000000000004,-8.7879,-10.7761,-6.6198,-7.7011,-9.7739,-5.4651,-244.0,-754.767
2021,liberty-flames,22,-3.6734,-3.6734,0.0,0.32,0.32,0.0,-0.543,-0.543,0.0,-201.0,-2.8100000000000023
2021,louisiana-lafayette-ragin-cajuns,64,-0.7558999999999999,-6.3723,0.7508999999999999,-3.2308,-2.8028,-3.0115,-2.7314000000000003,-4.909,-1.9401,-347.0,-491.674
2021,louisville-cardinals,1,-0.1304,-0.1304,0.0,-0.087,-0.087,0.0,-0.087,-0.087,0.0,-3.0,-2.0
2021,lsu-tigers,63,-3.2556000000000003,-3.2556000000000003,0.0,-8.5333,-8.5333,0.0,-9.4563,-9.4563,0.0,-127.0,-127.95700000000001
2021,maryland-terrapins,26,-4.1182,-4.1182,0.0,-0.42669999999999997,-0.42669999999999997,0.0,-0.38180000000000003,-0.38180000000000003,0.0,-140.0,-16.756999999999998
2021,miami-fl-hurricanes,61,-1.0675000000000001,-1.0675000000000001,0.0,-7.3534,-7.3534,0.0,-8.2703,-8.2703,0.0,-103.0,-188.62300000000002
2021,michigan-state-spartans,64,-0.12209999999999999,-1.0412,0.5407,-16.1824,-12.2675,-18.4835,-14.901,-12.9195,-15.9652,142.0,-1598.007
2021,michigan-wolverines,64,1.0787,-1.0937000000000001,3.0987,-25.8521,-14.3467,-33.2005,-23.9161,-11.822,-31.6878,-70.0,-1644.123
2021,minnesota-golden-gophers,30,-3.7862999999999998,0.0,-3.7862999999999998,0.04620000000000003,0.0,0.04620000000000003,0.3746999999999999,0.0,0.3746999999999999,-173.0,-14.15
2021,mississippi-state-bulldogs,36,-5.5843,-0.9774,-4.9461,-0.2825,-0.19530000000000003,-0.05579999999999995,-1.3445,-0.19530000000000003,-1.1431,-211.0,-13.505999999999997
2021,nevada-wolf-pack,6,-0.9926,-0.9926,0.0,-0.2515,-0.2515,0.0,-0.2323,-0.2323,0.0,-58.0,-15.200000000000001
2021,north-carolina-state-wolfpack,64,-3.6044,-4.5835,-2.0057,-4.4748,-4.6982,-3.7072,-5.2949,-5.3008999999999995,-4.5895,-682.0,-701.823
2021,north-carolina-tar-heels,63,-1.9863,-1.9863,0.0,-7.4565,-7.4565,0.0,-7.8806,-7.8806,0.0,-170.0,-288.613
2021,northwestern-wildcats,4,-0.3408,-0.3408,0.0,-0.174,-0.174,0.0,-0.174,-0.174,0.0,-8.0,-4.0
2021,notre-dame-fighting-irish,65,2.6369000000000002,0.045499999999999895,5.4957,-18.0278,-15.4579,-19.2081,-15.7637,-14.4373,-15.8082,476.0,-1996.029
2021,ohio-state-buckeyes,65,-0.2923,2.7489,-3.4327,-30.148,-26.8795,-32.0368,-29.8867,-25.0733,-33.4019,168.0,-1995.982
2021,oklahoma-sooners,65,1.9559,7.2276,-4.2998,-33.5437,-41.2201,-25.2733,-30.5561,-37.7011,-22.9156,126.0,-1996.094
2021,oklahoma-state-cowboys,65,-1.7793999999999999,2.6334,-3.4082,-16.1909,-11.3239,-18.3017,-16.9411,-11.4895,-19.3204,-48.0,-1497.0240000000001
2021,ole-miss-rebels,65,0.17919999999999997,-0.7815000000000001,1.5676999999999999,-12.1382,-9.7495,-13.4786,-12.3985,-10.4256,-13.2859,94.0,-1794.461
2021,oregon-ducks,65,0.651,0.9015999999999998,0.6766,-23.486,-26.1904,-19.2175,-19.8708,-20.7604,-17.7113,182.0,-1921.116
2021,oregon-state-beavers,11,-1.1006,-1.1634,-0.3018,1.314,1.2399,0.03420000000000001,1.314,1.2399,0.03420000000000001,-38.0,26.0
2021,penn-state-nittany-lions,65,1.6506,4.7496,-5.1483,-18.6803,-21.6563,-4.96,-17.8009,-20.4521,-4.9286,-57.0,-1186.719
2021,pittsburgh-panthers,64,-2.48,-2.5023,-2.2575,-7.3754,-2.7546,-7.711,-7.5949,-3.9171,-7.7557,-345.0,-832.433
2021,purdue-boilermakers,47,-8.3705,-2.2661,-8.7398,-1.0235,-1.0211000000000001,-0.6723000000000001,-1.9438,-1.3699,-1.5538,-326.0,-40.098
2021,rutgers-scarlet-knights,1,-0.3,-0.3,0.0,-0.1,-0.1,0.0,-0.1,-0.1,0.0,-6.0,-2.0
2021,san-diego-state-aztecs,64,-4.6082,-3.3603,-3.8047,-2.9005,-1.121,-2.9454000000000002,-4.2792,-2.0292,-4.4488,-786.0,-398.316
2021,southern-methodist-mustangs,63,-3.5429,-2.9154,-4.7136,-3.5101,-3.275,-4.3506,-3.9784,-3.8091,-4.6102,-366.0,-339.155
2021,stanford-cardinal,5,-0.6923999999999999,-0.6923999999999999,0.0,-0.3035,-0.3035,0.0,-0.3515,-0.3515,0.0,-24.0,-11.668
2021,tcu-horned-frogs,32,-5.0411,-5.0411,0.0,0.5663,0.5663,0.0,0.14329999999999993,0.14329999999999993,0.0,-314.0,-4.888999999999998
2021,texas-am-aggies,65,-0.6646,-0.24929999999999997,-0.9706,-14.6732,-18.8058,-9.3646,-12.2332,-14.9835,-8.5766,-83.0,-1557.026
2021,texas-longhorns,63,-3.744,-3.7836000000000003,-0.2781,-5.3381,-5.4074,-0.008200000000000013,-5.633,-5.705,-0.008200000000000013,-347.0,-329.51800000000003
2021,texas-tech-red-raiders,3,-0.39549999999999996,-0.39549999999999996,0.0,-0.2196,-0.2196,0.0,-0.2196,-0.2196,0.0,-9.0,-5.0
2021,uab-blazers,1,-0.2381,-0.2381,0.0,-0.0952,-0.0952,0.0,-0.0952,-0.0952,0.0,-5.0,-2.0
2021,ucf-knights,28,-4.937,-4.937,0.0,-0.86,-0.86,0.0,-1.4672,-1.4672,0.0,-172.0,-33.672
2021,ucla-bruins,63,-2.0078,-2.0078,0.0,-8.3729,-8.3729,0.0,-7.8373,-7.8373,0.0,-69.0,-342.88800000000003
2021,usc-trojans,63,-2.6139,-2.6139,0.0,-10.56,-10.56,0.0,-11.0945,-11.0945,0.0,-67.0,-255.713
2021,utah-state-aggies,46,-4.6963,0.0,-4.6963,-0.7394999999999999,0.0,-0.7394999999999999,-2.6813000000000002,0.0,-2.6813000000000002,-200.0,-32.034
2021,utah-utes,65,-0.2967999999999999,-6.0918,2.0044,-7.9321,-3.1552,-8.9912,-7.7581,-3.2909,-8.7265,-120.0,-588.268
2021,utsa-roadrunners,64,2.7336,-3.9714,3.8193,-5.4432,-1.0449,-6.3133,-4.3171,-1.7726,-4.8575,43.0,-643.214
2021,virginia-tech-hokies,61,1.4696,1.4696,0.0,-5.9623,-5.9623,0.0,-5.6998,-5.6998,0.0,-28.0,-206.41299999999998
2021,wake-forest-demon-deacons,64,0.15599999999999992,0.8608000000000001,0.2772,-9.1697,-7.2672,-9.52,-7.9643,-6.852,-7.9866,106.0,-1312.99
2021,washington-huskies,62,-9.708,-9.708,0.0,-9.9892,-9.9892,0.0,-13.5003,-13.5003,0.0,-77.0,-81.52600000000001
2021,west-virginia-mountaineers,5,-0.777,-0.777,0.0,-0.3137,-0.3137,0.0,-0.1904,-0.1904,0.0,-17.0,-6.667999999999999
2021,wisconsin-badgers,65,-1.8164,2.1206,-4.2041,-6.0435,-7.1432,-3.754,-5.8523,-6.3857,-4.1339,-374.0,-646.237
2022,air-force-falcons,17,-1.9101,-0.7419,-1.766,-0.3131,-0.08029999999999998,-0.39289999999999997,-0.44899999999999995,-0.2986,-0.39289999999999997,-67.0,-12.334999999999999
2022,alabama-crimson-tide,70,5.7792,10.1568,0.07260000000000019,-58.0737,-84.6982,-22.8851,-54.3013,-75.93690000000001,-24.4253,200.0,-2015.962
2022,appalachian-state-mountaineers,24,-4.6059,-4.6059,0.0,-0.3101999999999999,-0.3101999999999999,0.0,-0.878,-0.878,0.0,-161.0,-12.905999999999997
2022,arkansas-razorbacks,64,-0.6812000000000001,-0.7419000000000001,-0.5032,-10.144,-10.326600000000001,-0.1659,-8.842,-9.0158,-0.1659,-113.0,-505.718
2022,auburn-tigers,1,-0.9697,-0.9697,0.0,-0.1515,-0.1515,0.0,-0.1515,-0.1515,0.0,-34.0,-6.0
2022,baylor-bears,66,2.3895,2.4613,-0.7863,-10.235100000000001,-10.5251,-0.05300000000000002,-10.0805,-10.2918,-0.4589,50.0,-595.942
2022,boise-state-broncos,24,-2.9144,-0.21369999999999997,-2.7623,-0.9888,-0.12869999999999998,-0.8628,-1.258,-0.12869999999999998,-1.1293,-113.0,-36.125
2022,byu-cougars,66,-3.7782999999999998,-3.7782999999999998,0.0,-7.2445,-7.2445,0.0,-8.2507,-8.2507,0.0,-287.0,-493.764
2022,cincinnati-bearcats,69,-5.545,-5.7721,-3.1127000000000002,-4.2222,-2.8491,-4.3613,-5.2326,-4.4169,-4.5438,-770.0,-507.469
2022,clemson-tigers,70,4.3967,7.2512,-0.23799999999999993,-26.7422,-31.4616,-19.9979,-24.4292,-30.0209,-17.4468,340.0,-2015.948
2022,coastal-carolina-chanticleers,55,-3.2482,-3.15,-1.9258,-2.4677,-0.9982,-2.2586,-3.7921,-1.7764,-3.3895999999999997,-203.0,-143.274
2022,duke-blue-devils,25,-2.4523,0.0,-2.4523,-0.9705,0.0,-0.9705,-1.3974,0.0,-1.3974,-65.0,-26.2
2022,florida-gators,65,-0.9930000000000001,-0.9967999999999999,-0.2537,-8.0312,-8.086500000000001,-0.12869999999999998,-8.347,-8.4048,-0.12869999999999998,-164.0,-266.515
2022,florida-state-seminoles,68,0.2714000000000002,-6.7444,3.8200000000000003,-7.8997,-0.7601,-8.9851,-8.1982,-3.7997,-8.1765,-131.0,-691.694
2022,fresno-state-bulldogs,44,-3.8725,-1.2729,-3.2180999999999997,-1.2823,-0.3824,-0.9716,-1.2610000000000001,-0.3472,-0.9716,-161.0,-49.336
2022,georgia-bulldogs,70,12.4492,11.6867,13.125,-121.1209,-109.0648,-123.66550000000001,-119.6941,-104.1326,-125.6876,202.0,-2015.978
2022,houston-cougars,47,-8.9381,-8.9381,0.0,-1.6537,-1.6537,0.0,-2.6789,-2.6789,0.0,-284.0,-46.6
2022,illinois-fighting-illini,64,0.7742999999999999,0.46199999999999986,1.3283,-6.3463,-5.7143,-6.753,-6.3084,-6.2435,-6.4135,-4.0,-476.54
2022,iowa-hawkeyes,32,-8.7522,-8.6865,-0.2218,-1.9931,-1.9586000000000001,-0.049199999999999994,-2.5222,-2.4957000000000003,-0.049199999999999994,-168.0,-29.676999999999996
2022,iowa-state-cyclones,1,-0.1818,-0.1818,0.0,-0.0909,-0.0909,0.0,-0.0909,-0.0909,0.0,-4.0,-2.0
2022,james-madison-dukes,35,-4.1187000000000005,-4.1187000000000005,0.0,-0.6201,-0.6201,0.0,-1.2876,-1.2876,0.0,-150.0,-19.616000000000003
2022,kansas-jayhawks,65,-2.7843,-2.719,-0.4284,-4.4617,-4.5815,-0.007499999999999993,-5.0925,-5.2238,-0.007499999999999993,-183.0,-209.302
2022,kansas-state-wildcats,68,-4.2329,-3.9582,-3.1195,-9.1886,-5.9583,-10.069,-9.7467,-6.1367,-10.6718,-513.0,-1220.596
2022,kentucky-wildcats,68,-0.38570000000000004,0.2688999999999999,-1.7067,-11.509,-12.6343,-5.0183,-12.2808,-13.3294,-6.0403,-109.0,-916.743
2022,liberty-flames,54,0.42319999999999997,0.0,0.42319999999999997,-2.8028,0.0,-2.8028,-3.0202,0.0,-3.0202,-28.0,-129.055
2022,lsu-tigers,67,-0.6202,-8.4477,1.1213,-13.4521,-2.4829,-14.6395,-12.8164,-4.032,-13.5701,-182.0,-1061.778
2022,marshall-thundering-herd,24,-4.4639999999999995,-4.4639999999999995,0.0,-0.5454,-0.5454,0.0,-2.2666999999999997,-2.2666999999999997,0.0,-85.0,-1.0
2022,maryland-terrapins,20,-2.396,-1.3598999999999999,-1.5425,-0.5729,-0.548,-0.1637,-0.6699999999999999,-0.548,-0.2729,-78.0,-18.2
2022,miami-fl-hurricanes,64,-1.6459999999999995,-1.6459999999999995,0.0,-10.3364,-10.3364,0.0,-10.272,-10.272,0.0,-19.0,-311.403
2022,michigan-state-spartans,65,0.17040000000000038,0.17040000000000038,0.0,-11.4889,-11.4889,0.0,-6.4975,-6.4975,0.0,12.0,-319.859
2022,michigan-wolverines,70,0.5082000000000001,3.0279,-0.9684999999999999,-43.7073,-33.2932,-48.9918,-40.3212,-27.4238,-48.806400000000004,154.0,-2016.098
2022,minnesota-golden-gophers,55,-3.7167999999999997,-2.7799,-1.7803,-0.5727,-0.39720000000000005,-0.6266,-3.651,-3.6142,-0.9817,-257.0,-42.285000000000004
2022,mississippi-state-bulldogs,66,-1.7409999999999999,-1.9273,-0.01650000000000002,-4.7974,-4.9374,-3.4765,-5.6063,-6.6736,-2.9567,-257.0,-409.256
2022,north-carolina-state-wolfpack,69,0.03430000000000002,1.2398,-1.4812999999999998,-8.994,-10.9249,-3.666,-7.3948,-8.2495,-4.46,-109.0,-1131.496
2022,north-carolina-tar-heels,65,-2.0246,-4.8898,-0.5022999999999999,-6.2882,-2.59,-7.2852,-6.0842,-3.525,-6.7566,-332.0,-697.06
2022,notre-dame-fighting-irish,70,2.9452,7.548,1.4882,-14.4902,-22.6018,-7.3266,-12.8317,-18.2189,-7.137,173.0,-923.625
2022,ohio-state-buckeyes,70,-10.6678,-14.0952,-6.083699999999999,-70.5442,-74.8763,-59.6005,-73.232,-81.8203,-57.5279,-165.0,-2015.94
2022,oklahoma-sooners,65,5.2436,5.2436,0.0,-19.9638,-19.9638,0.0,-14.049900000000001,-14.049900000000001,0.0,195.0,-594.225
2022,oklahoma-state-cowboys,68,1.3520999999999999,2.5465,-1.0030000000000001,-16.815,-18.3825,-9.5687,-13.3017,-13.8469,-9.631,238.0,-1282.403
2022,ole-miss-rebels,70,-1.8188,-0.8431,-2.6976999999999998,-11.7995,-12.1857,-11.0308,-10.9018,-9.8561,-11.9418,-263.0,-1385.526
2022,oregon-ducks,70,0.36869999999999997,1.9573,-0.6504,-13.9152,-11.3429,-14.4486,-13.1636,-9.8907,-14.4091,37.0,-1763.347
2022,oregon-state-beavers,66,-6.505,-2.4684,-6.154,-6.9397,-0.4735,-7.2329,-8.5803,-1.583,-8.6324,-591.0,-562.739
2022,penn-state-nittany-lions,68,-1.2467,-1.5475,-0.27960000000000007,-13.7005,-11.624699999999999,-14.2867,-14.1855,-11.6629,-14.9794,-112.0,-1655.7839999999999
2022,pittsburgh-panthers,67,-2.5336,-1.9209,-1.0120000000000002,-5.6284,-4.6444,-4.4107,-5.5338,-4.8111,-3.5162,-216.0,-322.806
2022,purdue-boilermakers,38,-4.5727,-4.2928,-1.0903,-0.9438,-0.8531,-0.40059999999999996,-1.6649,-1.6418,-0.41759999999999997,-190.0,-50.585
2022,south-alabama-jaguars,6,-0.6985,0.0,-0.6985,-0.08649999999999998,0.0,-0.08649999999999998,-0.08270000000000001,0.0,-0.08270000000000001,-29.0,-6.33
2022,south-carolina-gamecocks,63,-2.5397,-0.7843,-2.3731999999999998,-4.2415,-0.313,-4.2259,-4.5686,-0.4007,-4.5395,-215.0,-278.968
2022,syracuse-orange,64,0.7950999999999999,1.9919,-0.34429999999999994,-6.5009,-6.3328,-6.4508,-6.2723,-5.5685,-7.0044,53.0,-442.1
2022,tcu-horned-frogs,68,1.3010000000000002,-2.1158,2.7361,-30.7428,-13.671,-35.7559,-29.1057,-14.6113,-33.3099,30.0,-1379.9489999999998
2022,tennessee-volunteers,69,-5.9959,-4.7422,-6.2167,-34.0772,-25.2116,-40.2458,-34.5549,-26.0379,-40.5182,-215.0,-1806.008
2022,texas-am-aggies,65,0.021199999999999886,0.021199999999999886,0.0,-15.4985,-15.4985,0.0,-16.1032,-16.1032,0.0,-176.0,-435.392
2022,texas-longhorns,69,-6.0174,-7.5981,-0.3158000000000001,-5.3614,-5.5214,-3.4159,-6.5507,-6.8354,-4.1421,-710.0,-589.877
2022,texas-tech-red-raiders,18,-1.8448,-1.1566,-0.8331000000000001,-0.020599999999999993,0.007000000000000006,0.025599999999999998,-0.020599999999999993,0.007000000000000006,0.025599999999999998,-47.0,2.5
2022,troy-trojans,60,1.1829,0.0,1.1829,-2.7006,0.0,-2.7006,-2.8851,0.0,-2.8851,-77.0,-180.006
2022,tulane-green-wave,65,-0.049499999999999926,-3.3457,0.42290000000000005,-7.17,-0.08230000000000005,-8.0206,-6.5905000000000005,0.040199999999999875,-7.3974,-103.0,-869.918
2022,ucf-knights,64,-1.6897,-1.5581,-1.0881,-3.3723,-0.10159999999999998,-3.5557,-4.842,-0.06310000000000004,-5.1267,-225.0,-271.704
2022,ucla-bruins,68,-0.4387000000000001,0.8060999999999999,0.031800000000000106,-11.9415,-12.7773,-10.3445,-10.9916,-11.1846,-9.571,82.0,-1284.35
2022,usc-trojans,69,3.1374,0.47359999999999997,6.4261,-22.1009,-21.8923,-19.3199,-18.9782,-19.1654,-16.1725,635.0,-1969.089
2022,utah-utes,70,2.9812,3.0071,2.4958,-15.1676,-14.4554,-14.0073,-13.6286,-12.5656,-13.049199999999999,740.0,-1928.981
2022,utsa-roadrunners,59,-1.8225,0.0,-1.8225,-2.0171,0.0,-2.0171,-3.3587,0.0,-3.3587,-197.0,-162.093
2022,wake-forest-demon-deacons,67,-2.7209,-3.1741,-0.5599,-8.2326,-8.0548,-8.7501,-9.4092,-9.9153,-7.7584,-388.0,-907.814
2022,washington-huskies,68,-0.6972,0.6759,-0.7962,-11.0518,-6.8376,-11.5925,-9.5259,-3.095,-11.1982,-41.0,-930.32
2022,washington-state-cougars,32,-5.143,-5.143,0.0,0.8662999999999998,0.8662999999999998,0.0,0.7203999999999999,0.7203999999999999,0.0,-224.0,2.6110000000000033
2022,wisconsin-badgers,63,-1.4850999999999999,-1.4850999999999999,0.0,-6.7904,-6.7904,0.0,-8.8339,-8.8339,0.0,8.0,-147.92
2023,air-force-falcons,63,0.5764,-0.5342000000000001,1.5520999999999998,-5.6383,-3.7262,-6.807,-6.1496,-4.9425,-6.868,-5.0,-353.992
2023,alabama-crimson-tide,65,-1.9891,-0.44409999999999994,-3.5793,-21.3797,-21.3732,-20.1812,-21.4537,-20.5709,-21.0646,-74.0,-1992.0079999999998
2023,arizona-wildcats,63,1.0807,0.0,1.0807,-8.1291,0.0,-8.1291,-8.8859,0.0,-8.8859,80.0,-633.769
2023,arkansas-razorbacks,9,-1.6443999999999999,-1.6443999999999999,0.0,-0.2122,-0.2122,0.0,-0.8221999999999999,-0.8221999999999999,0.0,-83.0,-18.8
2023,auburn-tigers,2,-0.345,-0.345,0.0,-0.1169,-0.1169,0.0,-0.1169,-0.1169,0.0,-10.0,-3.0
2023,baylor-bears,1,-0.1304,-0.1304,0.0,-0.087,-0.087,0.0,-0.087,-0.087,0.0,-3.0,-2.0
2023,boise-state-broncos,7,-0.7641,-0.7641,0.0,-0.1619,-0.1619,0.0,-0.4657,-0.4657,0.0,-17.0,-3.0
2023,clemson-tigers,65,-3.2761,-3.1149,-3.0444,-7.4384,-11.1606,-3.609,-6.3,-9.0006,-3.5502000000000002,-454.0,-319.582
2023,coastal-carolina-chanticleers,1,-0.1304,-0.1304,0.0,-0.087,-0.087,0.0,-0.087,-0.087,0.0,-3.0,-2.0
2023,colorado-buffaloes,63,-4.2326,-4.2326,0.0,-6.9685,-6.9685,0.0,-9.109,-9.109,0.0,-155.0,-270.63599999999997
2023,duke-blue-devils,64,-2.9392,-2.8568,-1.5964999999999998,-8.4442,-8.6639,-5.6314,-9.0122,-8.9848,-7.543200000000001,-141.0,-852.828
2023,florida-gators,51,-2.1588000000000003,-1.935,-1.6140999999999999,-2.8474,-3.0686,-0.4759,-3.2897,-3.3793,-0.8855999999999999,-121.0,-118.276
2023,florida-state-seminoles,65,-10.8853,-12.9396,-8.1999,-44.9681,-49.8931,-38.561,-45.8127,-51.0869,-39.077799999999996,-181.0,-1992.0770000000002
2023,fresno-state-bulldogs,53,-3.085,-1.7655,-3.1376999999999997,-1.7570999999999999,-1.7867,-0.7527,-3.1259,-3.0294,-1.5663,-212.0,-115.487
2023,georgia-bulldogs,65,14.7118,17.5,11.9311,-113.794,-125.8729,-98.2538,-101.785,-110.5208,-89.3445,237.0,-1991.984
2023,iowa-hawkeyes,64,-3.98,-5.8011,-1.8485,-3.7145,-1.7274,-4.7373,-4.1745,-2.6402,-4.9151,-650.0,-504.671
2023,james-madison-dukes,62,-1.8521,-2.8192,-1.7314,-2.0571,-0.9754999999999999,-2.2476000000000003,-2.9246,-1.396,-3.1249000000000002,-444.0,-340.483
2023,kansas-jayhawks,63,-3.7716000000000003,-1.8521999999999998,-4.1605,-4.3974,-1.7558,-5.3625,-4.8404,-2.362,-5.6853,-342.0,-352.287
2023,kansas-state-wildcats,65,0.5255,3.6764,-1.4356,-5.7473,-7.06,-3.8104999999999998,-5.67,-6.4956,-4.1827,-159.0,-668.22
2023,kentucky-wildcats,60,-1.0886,-0.9849000000000001,-0.1818,-3.527,-3.4833,-0.0909,-4.828,-4.8251,-0.0909,-130.0,-153.252
2023,liberty-flames,60,-0.10859999999999993,0.0,-0.10859999999999993,-1.9848000000000001,0.0,-1.9848000000000001,-2.3841,0.0,-2.3841,-206.0,-252.12099999999998
2023,louisville-cardinals,63,1.0217,-1.6456,2.0671,-8.9329,-6.0552,-9.9734,-7.3227,-5.4207,-8.022,102.0,-1142.279
2023,lsu-tigers,65,0.06169999999999998,1.0299,-1.1156000000000001,-11.6333,-12.6938,-9.9908,-11.1783,-11.4889,-10.1656,-21.0,-1787.172
2023,maryland-terrapins,32,-2.1289,-2.1289,0.0,-0.9236000000000001,-0.9236000000000001,0.0,-1.6244,-1.6244,0.0,-84.0,-38.32
2023,memphis-tigers,14,-1.4273,0.0,-1.4273,-0.1051,0.0,-0.1051,-0.2289,0.0,-0.2289,-32.0,-1.2000000000000004
2023,miami-fl-hurricanes,62,-1.8172,-1.7251,-0.5735,-5.9669,-6.3295,0.4936,-7.4954,-7.9082,0.4936,-145.0,-428.476
2023,miami-oh-redhawks,18,-1.2943,0.0,-1.2943,-0.5529,0.0,-0.5529,-0.5529,0.0,-0.5529,-31.0,-13.0
2023,michigan-wolverines,65,7.9041999999999994,14.2322,1.3038999999999998,-80.9709,-73.5632,-86.2341,-69.9956,-57.0507,-81.1063,339.0,-1991.9850000000001
2023,minnesota-golden-gophers,3,-0.2537,-0.2537,0.0,-0.12869999999999998,-0.12869999999999998,0.0,-0.12869999999999998,-0.12869999999999998,0.0,-6.0,-3.0
2023,mississippi-state-bulldogs,1,-0.1818,-0.1818,0.0,-0.0909,-0.0909,0.0,-0.0909,-0.0909,0.0,-4.0,-2.0
2023,missouri-tigers,63,0.5275,-2.0496,1.8836000000000002,-9.854,-4.0762,-12.365,-8.6316,-5.1206,-10.1119,-15.0,-1280.5990000000002
2023,north-carolina-state-wolfpack,61,-0.30119999999999997,-0.1704,-0.18029999999999996,-4.0015,-0.087,-3.9509,-4.3151,-0.087,-4.2668,-58.0,-261.472
2023,north-carolina-tar-heels,64,-1.1955,-0.9681,-0.2992,-8.2483,-9.2507,-4.7898,-7.0854,-7.4215,-5.6678,-147.0,-1104.342
2023,notre-dame-fighting-irish,65,0.728,0.5048999999999999,0.7275,-10.4326,-12.4972,-8.2742,-9.6409,-11.7592,-7.4086,147.0,-1830.936
2023,ohio-state-buckeyes,65,0.0027999999999999,1.6689999999999998,-2.3532,-42.3317,-42.1065,-42.0382,-43.6165,-42.1384,-44.510999999999996,105.0,-1992.108
2023,oklahoma-sooners,65,-0.18290000000000006,-0.023400000000000087,-0.1986,-13.8027,-15.0422,-12.4164,-14.0954,-15.8149,-12.3093,192.0,-1866.596
2023,oklahoma-state-cowboys,63,-0.06829999999999997,0.0,-0.06829999999999997,-6.1087,0.0,-6.1087,-6.2215,0.0,-6.2215,-125.0,-596.521
2023,ole-miss-rebels,65,-0.7634000000000001,0.3722,-1.7128999999999999,-10.4742,-8.2089,-12.526,-10.5648,-7.9834,-12.910499999999999,-29.0,-1869.818
2023,oregon-ducks,65,1.1481999999999999,-0.6435,3.2426,-17.753800000000002,-14.545300000000001,-20.3921,-16.9842,-14.9378,-18.3395,174.0,-1992.022
2023,oregon-state-beavers,65,1.7887,2.2168,1.2898,-8.9476,-8.8206,-9.0574,-8.644,-8.2767,-9.0394,322.0,-1705.548
2023,penn-state-nittany-lions,65,-1.4577000000000002,-4.1339999999999995,0.8754,-19.1744,-24.363500000000002,-13.6821,-19.0287,-24.9929,-12.9386,48.0,-1992.0189999999998
2023,pittsburgh-panthers,4,-0.6617000000000001,-0.6617000000000001,0.0,0.21839999999999998,0.21839999999999998,0.0,0.21839999999999998,0.21839999999999998,0.0,-24.0,4.0
2023,south-carolina-gamecocks,22,-3.4394,-3.4394,0.0,-0.6326,-0.6326,0.0,-0.46010000000000006,-0.46010000000000006,0.0,-73.0,-10.673999999999998
2023,southern-methodist-mustangs,61,3.3068,0.0,3.3068,-2.8787,0.0,-2.8787,-2.6391999999999998,0.0,-2.6391999999999998,-42.0,-183.759
2023,syracuse-orange,4,-0.34509999999999996,-0.34509999999999996,0.0,-0.007499999999999993,-0.007499999999999993,0.0,-0.007499999999999993,-0.007499999999999993,0.0,-8.0,0.0
2023,tcu-horned-frogs,56,3.4739,3.4739,0.0,-5.2474,-5.2474,0.0,-6.3015,-6.3015,0.0,4.0,-89.292
2023,tennessee-volunteers,65,-0.03070000000000005,0.8485999999999999,-0.7207000000000001,-7.8183,-8.9727,-5.6815,-7.2173,-8.6062,-4.7224,-188.0,-1313.001
2023,texas-am-aggies,52,-7.9812,-7.9812,0.0,-2.4125,-2.4125,0.0,-2.8501,-2.8501,0.0,-286.0,-76.956
2023,texas-longhorns,65,3.4291,2.6268999999999996,4.3512,-30.4553,-36.6834,-23.3464,-28.0645,-32.5811,-22.6529,398.0,-1992.0
2023,texas-tech-red-raiders,28,-5.3306,-5.3306,0.0,-1.4340000000000002,-1.4340000000000002,0.0,-2.7571999999999997,-2.7571999999999997,0.0,-101.0,-17.0
2023,toledo-rockets,55,-1.453,0.0,-1.453,-0.4192,0.0,-0.4192,-1.8167,0.0,-1.8167,-150.0,-59.63000000000001
2023,troy-trojans,29,-2.5921,-0.4518,-2.5399,0.03210000000000003,-0.1864,0.08540000000000002,-0.18279999999999996,-0.1864,-0.13689999999999997,-92.0,-8.700000000000001
2023,tulane-green-wave,65,-2.3697,-5.6655,-0.7851999999999999,-4.7155000000000005,-2.399,-5.7497,-6.2714,-3.4181,-7.4395,-472.0,-805.07
2023,ucla-bruins,63,-1.0327,-0.6578,-0.5974999999999999,-3.7687,-3.543,-3.8785,-5.3664,-5.3403,-4.9315,-186.0,-374.204
2023,unlv-rebels,25,-2.2981,0.0,-2.2981,-0.8432999999999999,0.0,-0.8432999999999999,-1.2492999999999999,0.0,-1.2492999999999999,-60.0,-23.0
2023,usc-trojans,65,-2.3192,-1.7366000000000001,-4.5616,-19.1215,-22.9165,-1.309,-17.2436,-20.404700000000002,-2.1773,-240.0,-1068.408
2023,utah-utes,65,-0.11800000000000004,0.034100000000000005,0.29200000000000015,-10.6288,-11.7645,-8.249600000000001,-9.4055,-10.4062,-7.2839,81.0,-1508.984
2023,utsa-roadrunners,27,-2.8573999999999997,-2.8122,-0.1304,-0.7779,-0.7175,-0.087,-0.5667,-0.5024,-0.087,-67.0,-16.913999999999998
2023,washington-huskies,65,-6.4023,-9.4596,-2.9542,-35.5698,-28.1601,-41.8866,-37.169,-30.4434,-42.9531,-159.0,-1992.125
2023,washington-state-cougars,62,-0.4383,-0.4383,0.0,-6.618,-6.618,0.0,-8.517,-8.517,0.0,-27.0,-445.87600000000003
2023,west-virginia-mountaineers,33,-4.5229,-1.1306,-4.1465,-1.3423,-0.2424,-1.3143,-1.8206,-0.3711,-1.7446,-116.0,-31.468999999999998
2023,wisconsin-badgers,62,-0.2769000000000001,-0.2769000000000001,0.0,-5.0244,-5.0244,0.0,-4.553,-4.553,0.0,-29.0,-187.87900000000002
2023,wyoming-cowboys,17,-2.1077,-2.1077,0.0,-0.21979999999999997,-0.21979999999999997,0.0,-0.08590000000000003,-0.08590000000000003,0.0,-49.0,-4.0
2024,alabama-crimson-tide,66,9.9384,9.9384,0.0,-32.5004,-32.5004,0.0,-29.5463,-29.5463,0.0,215.0,-621.959
2024,arizona-wildcats,62,-1.7470999999999999,-1.7470999999999999,0.0,-5.6579999999999995,-5.6579999999999995,0.0,-6.9276,-6.9276,0.0,-49.0,-240.943
2024,arkansas-razorbacks,1,-0.1304,-0.1304,0.0,-0.087,-0.087,0.0,-0.087,-0.087,0.0,-3.0,-2.0
2024,auburn-tigers,3,-0.3484,-0.3484,0.0,-0.0909,-0.0909,0.0,-0.0909,-0.0909,0.0,-8.0,-2.0
2024,boise-state-broncos,31,-4.4629,-4.4629,0.0,-0.46890000000000004,-0.46890000000000004,0.0,-1.4946,-1.4946,0.0,-283.0,-28.478999999999996
2024,boston-college-eagles,34,-3.7559,-3.7559,0.0,0.29439999999999994,0.29439999999999994,0.0,0.12800000000000003,0.12800000000000003,0.0,-213.0,-20.980999999999995
2024,byu-cougars,53,-7.2142,-7.2142,0.0,-6.4656,-6.4656,0.0,-7.2142,-7.2142,0.0,-115.0,-100.743
2024,california-golden-bears,2,-0.4312,-0.4312,0.0,-0.1583,-0.1583,0.0,-0.1583,-0.1583,0.0,-14.0,-6.0
2024,clemson-tigers,66,-1.7593,-1.7593,0.0,-7.4997,-7.4997,0.0,-7.6664,-7.6664,0.0,-164.0,-397.06
2024,florida-state-seminoles,62,-0.25969999999999965,-0.25969999999999965,0.0,-17.0859,-17.0859,0.0,-14.7757,-14.7757,0.0,21.0,-124.018
2024,georgia-bulldogs,66,3.5,3.5,0.0,-112.217,-112.217,0.0,-106.0748,-106.0748,0.0,32.0,-622.011
2024,georgia-tech-yellow-jackets,34,-3.3129,-3.3129,0.0,-1.8201,-1.8201,0.0,-1.6126000000000003,-1.6126000000000003,0.0,-59.0,-29.080000000000002
2024,illinois-fighting-illini,64,-2.997,-2.997,0.0,-4.1661,-4.1661,0.0,-6.1667,-6.1667,0.0,-186.0,-163.22
2024,indiana-hoosiers,25,-2.8922,-2.8922,0.0,0.3863,0.3863,0.0,-0.2721,-0.2721,0.0,-75.0,10.625
2024,iowa-hawkeyes,58,-3.7342999999999997,-3.7342999999999997,0.0,-2.9539,-2.9539,0.0,-5.3180000000000005,-5.3180000000000005,0.0,-185.0,-99.428
2024,iowa-state-cyclones,63,-3.1316,-3.1316,0.0,-6.087,-6.087,0.0,-7.9422,-7.9422,0.0,-181.0,-308.167
2024,james-madison-dukes,8,-0.4618,-0.4618,0.0,0.201,0.201,0.0,0.201,0.201,0.0,-11.0,5.0
2024,kansas-jayhawks,59,0.05750000000000009,0.05750000000000009,0.0,-4.9542,-4.9542,0.0,-6.112,-6.112,0.0,-15.0,-163.629
2024,kansas-state-wildcats,66,-1.283,-1.283,0.0,-8.5185,-8.5185,0.0,-7.7318999999999996,-7.7318999999999996,0.0,-83.0,-537.2950000000001
2024,liberty-flames,13,-1.3856,-1.3856,0.0,0.04780000000000001,0.04780000000000001,0.0,-0.2678,-0.2678,0.0,-61.0,-4.531999999999998
2024,louisville-cardinals,64,0.2110000000000001,0.2110000000000001,0.0,-5.2489,-5.2489,0.0,-5.219,-5.219,0.0,-76.0,-381.474
2024,lsu-tigers,66,4.4144,4.4144,0.0,-9.0128,-9.0128,0.0,-7.5464,-7.5464,0.0,337.0,-575.1170000000001
2024,memphis-tigers,23,-2.1637,-2.1637,0.0,0.419,0.419,0.0,-0.5556,-0.5556,0.0,-136.0,-1.828999999999998
2024,miami-fl-hurricanes,66,-4.8224,-4.8224,0.0,-18.540499999999998,-18.540499999999998,0.0,-16.4674,-16.4674,0.0,-111.0,-598.219
2024,michigan-wolverines,66,3.782,3.782,0.0,-12.7147,-12.7147,0.0,-11.4977,-11.4977,0.0,221.0,-582.329
2024,missouri-tigers,66,5.6924,5.6924,0.0,-17.9641,-17.9641,0.0,-17.3249,-17.3249,0.0,214.0,-621.9970000000001
2024,nebraska-cornhuskers,55,-2.6389,-2.6389,0.0,-1.7282,-1.7282,0.0,-3.5027,-3.5027,0.0,-163.0,-92.324
2024,north-carolina-state-wolfpack,46,-4.1738,-4.1738,0.0,-1.5034999999999998,-1.5034999999999998,0.0,-3.1343,-3.1343,0.0,-122.0,-31.631999999999994
2024,north-carolina-tar-heels,1,-0.2269,-0.2269,0.0,-0.0944,-0.0944,0.0,-0.0944,-0.0944,0.0,-14.0,-6.0
2024,northern-illinois-huskies,41,-2.7345,-2.7345,0.0,-0.9712000000000001,-0.9712000000000001,0.0,-1.7503000000000002,-1.7503000000000002,0.0,-114.0,-42.559999999999995
2024,notre-dame-fighting-irish,66,5.9124,5.9124,0.0,-15.6916,-15.6916,0.0,-14.3988,-14.3988,0.0,278.0,-540.168
2024,ohio-state-buckeyes,66,-10.1834,-10.1834,0.0,-71.0748,-71.0748,0.0,-74.2252,-74.2252,0.0,-37.0,-621.929
2024,oklahoma-sooners,66,-1.3259999999999998,-1.3259999999999998,0.0,-9.5214,-9.5214,0.0,-9.7208,-9.7208,0.0,-37.0,-562.982
2024,oklahoma-state-cowboys,65,0.6721,0.6721,0.0,-9.2934,-9.2934,0.0,-9.9504,-9.9504,0.0,82.0,-595.346
2024,ole-miss-rebels,66,-0.5592000000000004,-0.5592000000000004,0.0,-29.8273,-29.8273,0.0,-27.7124,-27.7124,0.0,58.0,-622.032
2024,oregon-ducks,66,-2.0122,-2.0122,0.0,-27.895699999999998,-27.895699999999998,0.0,-28.1786,-28.1786,0.0,17.0,-622.079
2024,penn-state-nittany-lions,66,-0.8351,-0.8351,0.0,-19.1452,-19.1452,0.0,-20.7499,-20.7499,0.0,35.0,-621.922
2024,pittsburgh-panthers,15,-1.6482999999999999,-1.6482999999999999,0.0,-0.4702,-0.4702,0.0,-1.0087,-1.0087,0.0,-37.0,-9.504999999999999
2024,south-carolina-gamecocks,3,-0.5459,-0.5459,0.0,-0.1798,-0.1798,0.0,-0.1798,-0.1798,0.0,-17.0,-3.5
2024,southern-methodist-mustangs,11,-1.5851,-1.5851,0.0,-0.5763,-0.5763,0.0,-0.7871,-0.7871,0.0,-56.0,-17.537
2024,syracuse-orange,27,-3.2492,-3.2492,0.0,-0.5284,-0.5284,0.0,-1.2478,-1.2478,0.0,-118.0,-21.37
2024,tennessee-volunteers,66,3.5051,3.5051,0.0,-21.2217,-21.2217,0.0,-18.6257,-18.6257,0.0,169.0,-609.395
2024,texas-am-aggies,51,-4.6821,-4.6821,0.0,-2.201,-2.201,0.0,-3.2643999999999997,-3.2643999999999997,0.0,-299.0,-78.754
2024,texas-longhorns,66,11.5581,11.5581,0.0,-78.3544,-78.3544,0.0,-67.6078,-67.6078,0.0,64.0,-621.991
2024,toledo-rockets,3,-0.39549999999999996,-0.39549999999999996,0.0,-0.1996,-0.1996,0.0,-0.1996,-0.1996,0.0,-9.0,-4.5
2024,tulane-green-wave,1,-0.21,-0.21,0.0,-0.0931,-0.0931,0.0,-0.0931,-0.0931,0.0,-9.0,-4.0
2024,ucf-knights,1,-0.1304,-0.1304,0.0,-0.087,-0.087,0.0,-0.087,-0.087,0.0,-3.0,-2.0
2024,unlv-rebels,19,-2.5177,-2.5177,0.0,0.1352,0.1352,0.0,0.15510000000000002,0.15510000000000002,0.0,-114.0,-6.705000000000002
2024,usc-trojans,65,-5.3898,-5.3898,0.0,-14.268,-14.268,0.0,-14.8419,-14.8419,0.0,-120.0,-541.994
2024,utah-utes,66,-7.247,-7.247,0.0,-16.810299999999998,-16.810299999999998,0.0,-19.5765,-19.5765,0.0,-184.0,-621.998
2024,utsa-roadrunners,2,-0.2243,-0.2243,0.0,-0.004100000000000006,-0.004100000000000006,0.0,-0.004100000000000006,-0.004100000000000006,0.0,-9.0,-2.0
2024,vanderbilt-commodores,6,-0.6765,-0.6765,0.0,0.4215,0.4215,0.0,0.4215,0.4215,0.0,-26.0,13.0
2024,virginia-tech-hokies,22,-3.6818,-3.6818,0.0,-1.0074,-1.0074,0.0,-1.7037,-1.7037,0.0,-77.0,-17.776
2024,washington-huskies,10,-1.7307,-1.7307,0.0,0.181,0.181,0.0,0.052799999999999944,0.052799999999999944,0.0,-70.0,3.1000000000000005
2024,washington-state-cougars,27,-3.0179,-3.0179,0.0,-0.441,-0.441,0.0,-0.5036,-0.5036,0.0,-97.0,-16.729
2024,west-virginia-mountaineers,6,-0.7487999999999999,-0.7487999999999999,0.0,-0.3164,-0.3164,0.0,-0.48960000000000004,-0.48960000000000004,0.0,-17.0,-6.998
2024,wisconsin-badgers,4,-0.6902999999999999,-0.6902999999999999,0.0,0.038199999999999984,0.038199999999999984,0.0,0.038199999999999984,0.038199999999999984,0.0,-32.0,-5.0
