voter,team,bias1,bias2,bias3,bias0_ap,bias0_mean,n
aaron-mcmann,alabama-crimson-tide,-0.07187100893997445,-1.4903385884883549,-1.4457352672869914,-0.022988505747126436,-2.209011494252874,87
aaron-mcmann,clemson-tigers,-0.05857392923858417,-0.9379942563885302,-0.8998916884992836,-0.25316455696202533,-2.2314303797468362,79
aaron-mcmann,georgia-bulldogs,-0.08961938444697064,-1.212695068277827,-1.1645906137285447,-0.3103448275862069,-2.5285402298850577,87
aaron-mcmann,michigan-wolverines,0.032921600375564575,-0.2869804308442708,-0.26455961059326244,0.02666666666666667,-1.8490933333333335,75
aaron-mcmann,notre-dame-fighting-irish,0.021880807215584032,-0.39524431988594105,-0.37092935580267555,0.10126582278481013,-2.3386835443037977,79
aaron-mcmann,ohio-state-buckeyes,-0.018291316526610646,-0.5831870121381886,-0.5870494864612511,-0.15294117647058825,-2.0439411764705886,85
aaron-mcmann,oklahoma-sooners,-0.055239323393785636,-0.417924286701805,-0.3967490908731318,-0.16,-1.9897200000000002,75
aaron-mcmann,oregon-ducks,-0.07215736174682254,-0.29616446999858415,-0.28116585592194965,-0.6111111111111112,-2.287333333333333,72
aaron-mcmann,penn-state-nittany-lions,0.04739985434733334,-0.1662453021776513,-0.15862438888843391,0.07142857142857142,-1.6806857142857146,70
adam-jude,alabama-crimson-tide,0.12139880952380952,-1.4053957714562728,-1.3489177489177488,0.325,-1.8937125,80
adam-jude,clemson-tigers,-0.021585447834325405,-0.8410641446291375,-0.8069790136578946,0.11392405063291139,-1.6843924050632908,79
adam-jude,lsu-tigers,-0.06138603895060327,-0.2527075165002109,-0.2635877104176484,-0.359375,-1.7891249999999999,64
adam-jude,ohio-state-buckeyes,0.058639999794891096,-0.7556663766997065,-0.6618493779770953,0.45,-1.7975375,80
adam-jude,oklahoma-sooners,-0.019431544380279855,-0.38415610586749693,-0.3637127026197674,0.012987012987012988,-1.7597922077922081,77
adam-jude,wisconsin-badgers,-0.0812080884237188,-0.337994485414444,-0.33370274517570403,-0.639344262295082,-2.4186885245901646,61
adam-zucker,alabama-crimson-tide,0.049254571771128054,-1.1544238724006892,-1.1100470170006593,0.17218543046357615,-2.0304768211920527,151
adam-zucker,auburn-tigers,-0.08957603355823171,-0.3731455424879885,-0.3663360335590784,-0.07692307692307693,-1.9184230769230766,78
adam-zucker,baylor-bears,-0.0224408858556015,-0.40092826380376895,-0.35887666769583654,-0.014084507042253521,-1.791225352112676,71
adam-zucker,clemson-tigers,0.1373833519586806,-0.586866774580403,-0.550520465300147,0.4573643410852713,-1.338480620155039,129
adam-zucker,florida-gators,-0.003938180429375,-0.22226194903761137,-0.20302373803289836,0.06493506493506493,-1.4750519480519482,77
adam-zucker,florida-state-seminoles,0.28350190308823714,-0.373446070435621,-0.33567822463913793,0.15789473684210525,-1.8753289473684207,76
adam-zucker,georgia-bulldogs,0.08599373406144951,-0.8770128336984025,-0.8251542853458037,0.14728682170542637,-2.048550387596899,129
adam-zucker,iowa-hawkeyes,-0.08825281170665089,-0.27662806507143517,-0.27850583012184554,-0.7301587301587301,-1.9970793650793655,63
adam-zucker,lsu-tigers,0.06514362425608633,-0.27880202714790653,-0.26884083862919655,0.0970873786407767,-1.5059805825242722,103
adam-zucker,michigan-state-spartans,-0.06922709440520912,-0.33689385090465074,-0.31941386526713333,-0.9428571428571428,-2.7512571428571433,70
adam-zucker,michigan-wolverines,-0.033654891672177535,-0.5821116102795207,-0.520296952336363,-0.009259259259259259,-2.0999166666666667,108
adam-zucker,notre-dame-fighting-irish,0.057652278971330725,-0.2626353956515094,-0.23863161811630457,0.48760330578512395,-1.7228925619834714,121
adam-zucker,ohio-state-buckeyes,-0.1128269181351373,-0.9535561429928147,-0.9227547756657345,0.0684931506849315,-2.0355,146
adam-zucker,oklahoma-sooners,-0.05374074938629568,-0.4195960141660833,-0.40005670353169936,0.12213740458015267,-1.7548778625954198,131
adam-zucker,oklahoma-state-cowboys,-0.021969854544415954,-0.21672858117944827,-0.20995052631242608,-0.26666666666666666,-2.213966666666667,90
adam-zucker,ole-miss-rebels,-0.00027633215988935854,-0.22333063780689946,-0.21286692572646024,0.047619047619047616,-1.8904285714285713,84
adam-zucker,oregon-ducks,-0.045436855086619654,-0.41500124104604497,-0.38540374673717426,-0.028846153846153848,-1.9318173076923075,104
adam-zucker,penn-state-nittany-lions,-0.03933497770210031,-0.33654296001848644,-0.3214325760547975,-0.30337078651685395,-2.2495617977528086,89
adam-zucker,texas-am-aggies,-0.0635839436106083,-0.26005745394619534,-0.2535386997098657,-0.868421052631579,-2.128447368421053,76
adam-zucker,usc-trojans,-0.02540413393884305,-0.24248972368306426,-0.2293006375437861,-0.5056179775280899,-2.140404494382022,89
adam-zucker,utah-utes,-0.011114628146610633,-0.2059727070807862,-0.18663709664984598,0.2826086956521739,-1.402934782608696,92
adam-zucker,washington-huskies,-0.0883556613933452,-0.41474179942237305,-0.41041053624255663,-0.5625,-2.4309374999999998,64
adam-zucker,wisconsin-badgers,0.014705819905364095,-0.19550175602404005,-0.19370141042695424,0.19540229885057472,-1.5085172413793102,87
andy-greder,alabama-crimson-tide,0.049914965986394555,-1.4907083410989965,-1.4259353741496597,0.08928571428571429,-2.0641875,112
andy-greder,auburn-tigers,-0.03048572725995922,-0.21107923177453275,-0.21391699032829942,-0.4,-2.1029538461538464,65
andy-greder,cincinnati-bearcats,-0.1531978727779663,-0.37857340422698016,-0.3755174730457933,-1.8823529411764706,-2.560205882352941,68
andy-greder,clemson-tigers,0.13479269728370744,-0.7295782437910835,-0.693180369205214,0.4095238095238095,-1.6816952380952384,105
andy-greder,florida-gators,-0.020888497096818993,-0.23150720641906297,-0.21295049906736208,-0.5844155844155844,-2.185064935064935,77
andy-greder,georgia-bulldogs,-0.03198870573870575,-0.9827868307586146,-0.9449259249951973,0.02,-2.1697499999999996,100
andy-greder,lsu-tigers,-0.0435420766031645,-0.46063536899058616,-0.44761442710584515,-1.178082191780822,-2.59713698630137,73
andy-greder,michigan-wolverines,0.0036115166713792065,-0.37742622038918966,-0.3437355471440111,-0.2916666666666667,-2.1893125,96
andy-greder,notre-dame-fighting-irish,0.06648320778105465,-0.33054163296082995,-0.30739817780258955,0.5454545454545454,-1.7571022727272727,88
andy-greder,ohio-state-buckeyes,-0.1493028743028743,-0.7923517136542358,-0.7824613574613576,-0.3153153153153153,-2.3189099099099093,111
andy-greder,oklahoma-sooners,-0.07573804268890197,-0.48592282634138856,-0.4603475181586231,-0.4489795918367347,-2.309663265306122,98
andy-greder,oklahoma-state-cowboys,-0.12778219451472397,-0.29837435962299647,-0.2914918439462974,-1.5512820512820513,-2.8714871794871795,78
andy-greder,oregon-ducks,-0.12273874876653482,-0.3166750607639161,-0.30250909460507097,-1.3380281690140845,-2.7854929577464786,71
andy-greder,penn-state-nittany-lions,0.03250211776527566,-0.25322258378027535,-0.23172191582977417,0.29411764705882354,-1.739411764705882,85
andy-greder,texas-am-aggies,0.04468370574910902,-0.16013641508866966,-0.14138702378226461,-0.23809523809523808,-1.556095238095238,63
andy-greder,utah-utes,0.031039260281513163,-0.12796411595460175,-0.11755695900764798,0.45901639344262296,-1.18844262295082,61
andy-greder,washington-huskies,0.00366153012187432,-0.22698680505965793,-0.2097768250575654,-0.23529411764705882,-1.6447205882352942,68
andy-greder,wisconsin-badgers,-0.06419172775596924,-0.3374455979690995,-0.3372646379515574,-0.13513513513513514,-2.0938513513513515,74
blair-kerkhoff,alabama-crimson-tide,0.0040837854128993375,-0.963666223720021,-0.9301258516448392,-0.0759493670886076,-2.2270632911392405,79
blair-kerkhoff,clemson-tigers,-0.06940737694695379,-0.7083681982524661,-0.6863424669608317,-0.6065573770491803,-2.2261311475409844,61
blair-kerkhoff,georgia-bulldogs,0.0377390541947504,-1.3401129298812917,-1.2734465955984946,0.16455696202531644,-2.0160253164556967,79
blair-kerkhoff,michigan-wolverines,-0.02636971577386997,-0.6478656598886827,-0.5880718408827585,-0.07692307692307693,-2.1120307692307696,65
blair-kerkhoff,notre-dame-fighting-irish,0.07361679561348161,-0.2579761566812993,-0.2329138385669913,0.36619718309859156,-1.9432676056338034,71
blair-kerkhoff,ohio-state-buckeyes,-0.05907544836116265,-0.7145339605357884,-0.7181148216862503,0.03896103896103896,-1.8498181818181818,77
blair-kerkhoff,oklahoma-sooners,-0.029077923190949387,-0.3152276594023845,-0.2996728533064334,-0.5074626865671642,-2.3371641791044775,67
blair-kerkhoff,oregon-ducks,-0.0788402750705982,-0.3500064016654728,-0.32610719621904377,-0.5492957746478874,-2.4564225352112685,71
blair-kerkhoff,penn-state-nittany-lions,0.007075165271886586,-0.232001928943148,-0.22916646392513013,0.04918032786885246,-1.7483606557377047,61
bob-asmussen,alabama-crimson-tide,0.09325253480882618,-1.140061532939185,-1.0958771728639278,0.059602649006622516,-2.1310000000000002,151
bob-asmussen,auburn-tigers,0.1023882858808311,-0.14150018208882933,-0.1342701185621179,1.0263157894736843,-0.943578947368421,76
bob-asmussen,baylor-bears,-0.04802125597713834,-0.4095003302042908,-0.3649199901427393,-0.18333333333333332,-2.1053999999999995,60
bob-asmussen,clemson-tigers,0.14305742274150018,-0.6741538928674548,-0.6306680193509985,0.45454545454545453,-1.4832954545454546,132
bob-asmussen,florida-gators,-0.02351620136028086,-0.2098727377602407,-0.19296525312779178,-0.7666666666666667,-2.0636444444444444,90
bob-asmussen,florida-state-seminoles,-0.05871432227856376,-0.8049044816122141,-0.7435868853438513,0.3783783783783784,-1.7514729729729728,74
bob-asmussen,georgia-bulldogs,0.0863930300468762,-0.7522549792821818,-0.6909056328287096,-0.03076923076923077,-2.2305923076923073,130
bob-asmussen,lsu-tigers,0.03790005305051156,-0.31928755454221064,-0.30721204845063155,0.46153846153846156,-1.1442051282051284,117
bob-asmussen,miami-fl-hurricanes,-0.036058562274839806,-0.21902844935206486,-0.2073531183902886,-0.27419354838709675,-1.7577419354838713,62
bob-asmussen,michigan-state-spartans,-0.21101500267796036,-0.514805036456093,-0.48918758085990144,-1.4516129032258065,-3.101596774193549,62
bob-asmussen,michigan-wolverines,0.02845869574601005,-0.41324120343892695,-0.3710666934485039,-0.09243697478991597,-1.9184957983193276,119
bob-asmussen,notre-dame-fighting-irish,0.06095602813680289,-0.2807876492077317,-0.2603936991810487,0.36585365853658536,-1.8791626016260166,123
bob-asmussen,ohio-state-buckeyes,-0.26185259338634775,-1.138302661428514,-1.1010309611869027,-0.6644295302013423,-2.714563758389262,149
bob-asmussen,oklahoma-sooners,0.03257727045382762,-0.2891459967851424,-0.27766040924979635,0.23484848484848486,-1.6784696969696968,132
bob-asmussen,oklahoma-state-cowboys,0.037005085879892374,-0.1561722208226476,-0.14719968617941298,0.5375,-1.4867625,80
bob-asmussen,ole-miss-rebels,0.004483150027780036,-0.21346051900724336,-0.20627520221751244,0.29577464788732394,-1.5523802816901409,71
bob-asmussen,oregon-ducks,-0.139813102292727,-0.42520938159998883,-0.41333544807978995,-0.8773584905660378,-2.3852075471698115,106
bob-asmussen,penn-state-nittany-lions,-0.006215944253159131,-0.2748665770134858,-0.25847575026470265,-0.12244897959183673,-2.1229081632653064,98
bob-asmussen,tcu-horned-frogs,0.14292632311436557,-0.2359385132272336,-0.19902933934810005,1.5081967213114753,-0.3709836065573771,61
bob-asmussen,texas-am-aggies,-0.013228269901348576,-0.19482696553824222,-0.19338477200897078,-0.35294117647058826,-1.4782352941176473,68
bob-asmussen,texas-longhorns,-0.011357104425286027,-0.3282962989265144,-0.307368716957211,-0.04225352112676056,-1.7400985915492955,71
bob-asmussen,usc-trojans,-0.07451044844833382,-0.3250013549709143,-0.30224854124396194,-0.2247191011235955,-1.860719101123595,89
bob-asmussen,utah-utes,0.16171527526937635,-0.011713842467961855,0.0014084221903241936,1.7777777777777777,0.08853333333333337,90
bob-asmussen,washington-huskies,0.06865996169793638,-0.2183609993242708,-0.20592988024274234,0.5189873417721519,-1.4969746835443039,79
bob-asmussen,wisconsin-badgers,-0.18938975765304372,-0.4830833903822214,-0.4791232531946413,-0.14893617021276595,-1.8745531914893616,94
brent-axe,alabama-crimson-tide,0.03085616914730839,-1.5134070177653927,-1.4535810181379802,0.11392405063291139,-2.086316455696202,79
brent-axe,clemson-tigers,-0.038187676889049886,-0.9112500135881607,-0.8623932887519845,0.10810810810810811,-1.97,74
brent-axe,lsu-tigers,0.040942978060238125,-0.15653148238767142,-0.16377691598229094,0.5833333333333334,-1.0493000000000003,60
brent-axe,ohio-state-buckeyes,0.05248556129635412,-0.7250891888151202,-0.6403204307351543,0.0759493670886076,-2.1575569620253163,79
brent-axe,oklahoma-sooners,0.028726063626822767,-0.3256494978355773,-0.3053531634191331,0.5068493150684932,-1.4353150684931506,73
brett-mcmurphy,alabama-crimson-tide,0.12654508846561827,-1.0691880795082243,-1.0318286018617144,0.40397350993377484,-1.787112582781457,151
brett-mcmurphy,auburn-tigers,-0.01750308540994698,-0.26951285964497823,-0.2683827792411188,0.2537313432835821,-1.552731343283582,67
brett-mcmurphy,baylor-bears,0.17788927955693853,-0.18459608278160025,-0.14644374763391196,1.3692307692307693,-0.8921076923076923,65
brett-mcmurphy,clemson-tigers,0.08864303483757896,-0.7348141496700348,-0.6900426752841811,0.34146341463414637,-1.560528455284553,123
brett-mcmurphy,florida-gators,-0.09682962769129703,-0.3577986135102113,-0.34166672292946554,-0.14634146341463414,-2.0317560975609754,82
brett-mcmurphy,florida-state-seminoles,0.031164173700642218,-0.7113737428592243,-0.6777697949135503,0.9041095890410958,-1.138945205479452,73
brett-mcmurphy,georgia-bulldogs,0.12981975111375746,-0.9264906530664112,-0.8688105557170785,0.4307692307692308,-1.7804461538461538,130
brett-mcmurphy,iowa-hawkeyes,0.04523869417121369,-0.12136873054964364,-0.12129458977777072,0.4375,-0.8454375000000002,64
brett-mcmurphy,lsu-tigers,-0.14376177722921127,-0.6268745516663796,-0.6159209035451761,-0.0673076923076923,-1.9498365384615386,104
brett-mcmurphy,michigan-wolverines,0.24923055302312266,-0.2739704035554094,-0.23378917511270453,1.162162162162162,-0.960873873873874,111
brett-mcmurphy,notre-dame-fighting-irish,0.05003721703133467,-0.3266037239848281,-0.3033493724026232,0.592,-1.7746799999999998,125
brett-mcmurphy,ohio-state-buckeyes,0.33899234531918193,-0.5413653665810865,-0.5171732673456811,0.7724137931034483,-1.3210827586206897,145
brett-mcmurphy,oklahoma-sooners,0.056701364903899286,-0.265049264717466,-0.254482439265361,0.813953488372093,-1.158356589147287,129
brett-mcmurphy,oklahoma-state-cowboys,-0.0822127718817193,-0.25282652536354283,-0.24953597065083305,-0.6976744186046512,-2.0204767441860465,86
brett-mcmurphy,ole-miss-rebels,0.028040269727002902,-0.19485416497329608,-0.18519579750516568,0.38271604938271603,-1.6453333333333335,81
brett-mcmurphy,oregon-ducks,-0.1531283400047702,-0.5697125898660552,-0.5381604300067471,-0.46296296296296297,-2.3535740740740745,108
brett-mcmurphy,penn-state-nittany-lions,-0.010444673321516636,-0.24566247992341428,-0.24321946881531056,0.12643678160919541,-1.7632758620689652,87
brett-mcmurphy,texas-am-aggies,-0.17574013709078992,-0.4214380678112819,-0.4117709232059078,-1.0666666666666667,-2.5986,75
brett-mcmurphy,texas-longhorns,-0.016831854442081032,-0.36905517176673697,-0.3446880093822536,0.36619718309859156,-1.4540845070422532,71
brett-mcmurphy,usc-trojans,0.005217981567802108,-0.20817858438006484,-0.19517359161230768,-0.09859154929577464,-1.7563380281690144,71
brett-mcmurphy,utah-utes,-0.13840348613027026,-0.34594307621984416,-0.3190080310306194,-0.7254901960784313,-2.261735294117647,102
brett-mcmurphy,washington-huskies,-0.08438968747622438,-0.3946971720008047,-0.3874995965192797,-0.484375,-2.375984375,64
brett-mcmurphy,wisconsin-badgers,-0.01739037297187788,-0.21483481308554295,-0.2078209835511897,-0.04,-1.85024,75
brian-howell,alabama-crimson-tide,0.016208586342814534,-1.266486370816072,-1.21888782358581,-0.10738255033557047,-2.2366241610738253,149
brian-howell,auburn-tigers,0.001790803648167644,-0.17141077820581563,-0.1715626465587862,-0.12857142857142856,-1.6799285714285717,70
brian-howell,clemson-tigers,-0.06795260543116141,-1.0191003464082036,-0.9743194472020953,-0.015384615384615385,-1.9755000000000005,130
brian-howell,florida-gators,0.04232000185404315,-0.18522927312278684,-0.1668339126610765,0.2976190476190476,-1.6307619047619049,84
brian-howell,florida-state-seminoles,-0.1486976693647783,-0.4461425498551852,-0.4413699712221752,-0.9365079365079365,-2.5485396825396824,63
brian-howell,georgia-bulldogs,0.10686334178641871,-0.9368459603037363,-0.8769506338008415,0.6692307692307692,-1.416276923076923,130
brian-howell,iowa-hawkeyes,0.03518405379967562,-0.12677162356637445,-0.12776452549244832,0.4696969696969697,-0.8273939393939395,66
brian-howell,lsu-tigers,0.01608592297227733,-0.3812500698650981,-0.37058574485433815,0.04716981132075472,-1.69161320754717,106
brian-howell,miami-fl-hurricanes,-0.05359541767223884,-0.22053709349350095,-0.21318078888893202,-0.8787878787878788,-2.1930909090909094,66
brian-howell,michigan-wolverines,0.07782384831164442,-0.37173232034141096,-0.32611045090022595,0.37209302325581395,-1.5085891472868218,129
brian-howell,notre-dame-fighting-irish,-0.07607716304873391,-0.4512250781436676,-0.43159734756127943,-0.536,-2.7919600000000004,125
brian-howell,ohio-state-buckeyes,0.05048865276138003,-0.7020631937663844,-0.6533022533022533,0.09090909090909091,-2.0394615384615387,143
brian-howell,oklahoma-sooners,-0.13685202860560478,-0.49628342874313475,-0.4765564503620549,-1.0875912408759123,-2.8745839416058394,137
brian-howell,oklahoma-state-cowboys,-0.04187030044081395,-0.24677117232922602,-0.23917043498731264,-0.22988505747126436,-2.0726206896551727,87
brian-howell,ole-miss-rebels,0.03958922682493565,-0.14965430182403944,-0.14501380868697347,0.7794117647058824,-0.9015588235294117,68
brian-howell,oregon-ducks,-0.01335208873641452,-0.23134079639912541,-0.2228403987114309,-0.19791666666666666,-1.7942083333333334,96
brian-howell,penn-state-nittany-lions,0.062858888063922,-0.2051123570988209,-0.19130548911537396,0.5865384615384616,-1.3041346153846154,104
brian-howell,texas-am-aggies,-0.005058081747575612,-0.18985885779491865,-0.18038654469869975,-0.2972972972972973,-1.5216351351351352,74
brian-howell,texas-longhorns,0.0039636820052728295,-0.27456570204917735,-0.2559510887434067,-0.028985507246376812,-1.7961884057971012,69
brian-howell,usc-trojans,-0.19399273080508778,-0.46780429745291646,-0.44308756562781326,-1.4266666666666667,-3.1183599999999996,75
brian-howell,utah-utes,-0.03614781482076318,-0.2170696005904182,-0.20233347350540107,-0.05555555555555555,-1.826411111111111,90
brian-howell,washington-huskies,0.012091898799564706,-0.27578270519077946,-0.26496813796488816,0.13095238095238096,-1.679845238095238,84
brian-howell,wisconsin-badgers,0.07399984991874091,-0.1448829076820945,-0.14242965771683003,0.5647058823529412,-1.206894117647059,85
chris-murray,alabama-crimson-tide,0.13495466609239065,-1.0957002186960634,-1.0467865135529806,0.40718562874251496,-1.781694610778443,167
chris-murray,auburn-tigers,-0.00999313753524546,-0.2679317718785235,-0.26101605501102915,0.08139534883720931,-1.7487906976744187,86
chris-murray,baylor-bears,0.17999974542065966,-0.18014607505486782,-0.14921470540338982,0.4788732394366197,-1.3981267605633803,71
chris-murray,clemson-tigers,0.020757072152857728,-0.8399242751620174,-0.7892483083012131,0.3805970149253731,-1.733216417910448,134
chris-murray,florida-gators,-0.02747063652861406,-0.25511018767852023,-0.2370050389420973,-0.5232558139534884,-2.4392558139534883,86
chris-murray,florida-state-seminoles,0.033432460612042705,-0.6014723896476398,-0.5435785586038752,0.7051282051282052,-1.2482051282051283,78
chris-murray,georgia-bulldogs,0.033414692646378176,-0.9336053417246402,-0.8754528024482221,0.1780821917808219,-1.9959246575342464,146
chris-murray,iowa-hawkeyes,-0.011818752919227894,-0.17375542860498086,-0.17388603560209048,0.08571428571428572,-1.120671428571428,70
chris-murray,lsu-tigers,-0.007207604747181177,-0.4090159428103026,-0.39767048221839263,0.45614035087719296,-1.2958333333333336,114
chris-murray,michigan-state-spartans,-0.07034835232093083,-0.38302372823764685,-0.36168276014859385,-0.2857142857142857,-2.3439,70
chris-murray,michigan-wolverines,0.23492134925536243,-0.2435027885878727,-0.20331117125173168,0.5813953488372093,-1.3706434108527132,129
chris-murray,notre-dame-fighting-irish,0.07381608878107647,-0.2643330151038869,-0.24394641898368666,0.8297872340425532,-1.3572765957446808,141
chris-murray,ohio-state-buckeyes,0.0394433034184587,-0.7003411947443643,-0.6567710206051983,0.37888198757763975,-1.722583850931677,161
chris-murray,oklahoma-sooners,-0.012090902374364356,-0.3823504255854575,-0.36669715368345507,0.1917808219178082,-1.7754794520547947,146
chris-murray,oklahoma-state-cowboys,0.016604719653946488,-0.16693980376227927,-0.16191284652299068,0.08247422680412371,-1.7635979381443299,97
chris-murray,ole-miss-rebels,0.013789470589545383,-0.19594701608381337,-0.185675772021722,0.09090909090909091,-1.7373977272727275,88
chris-murray,oregon-ducks,0.008833273029662638,-0.2824734348352319,-0.26424771673166975,0.10344827586206896,-1.6702241379310345,116
chris-murray,penn-state-nittany-lions,0.06449613396207823,-0.19030832702061615,-0.1773421449286303,0.5135135135135135,-1.321126126126126,111
chris-murray,tcu-horned-frogs,-0.033358158808782915,-0.36943580215966204,-0.3414741755695667,-0.40298507462686567,-1.76534328358209,67
chris-murray,texas-am-aggies,-0.09894368472776488,-0.35314524404436354,-0.3453151108933103,-0.1095890410958904,-1.756876712328767,73
chris-murray,texas-longhorns,-0.04937292886343904,-0.3754303592852158,-0.3488756293620246,-0.08108108108108109,-1.6621351351351354,74
chris-murray,usc-trojans,-0.021746391436523235,-0.2237437491148175,-0.20942404888885696,-0.33695652173913043,-1.9646956521739132,92
chris-murray,utah-utes,-0.09117082467768964,-0.24164607312007955,-0.23106510289845864,-0.6216216216216216,-1.8346576576576579,111
chris-murray,washington-huskies,-0.08098042221607503,-0.40192293207949426,-0.39149315741267077,-0.06097560975609756,-1.970829268292683,82
chris-murray,wisconsin-badgers,0.011181351606110026,-0.1939981216365897,-0.19066294703914466,0.1717171717171717,-1.5929494949494951,99
chuck-carlton,alabama-crimson-tide,0.11568156502367027,-1.409577639103087,-1.3518205235310499,0.21052631578947367,-1.941552631578947,114
chuck-carlton,auburn-tigers,0.04727929073774287,-0.13069170242052966,-0.13420024619470278,0.7575757575757576,-0.9587727272727272,66
chuck-carlton,clemson-tigers,0.05254567235699311,-0.8297265257103059,-0.7992280945359396,0.0660377358490566,-2.067754716981132,106
chuck-carlton,florida-gators,0.06373948766518428,-0.1590055554930539,-0.13996915655399972,0.76,-1.1524666666666665,75
chuck-carlton,georgia-bulldogs,-0.05305788982259571,-1.0184258983225736,-0.9797023384336716,-0.21568627450980393,-2.410970588235294,102
chuck-carlton,lsu-tigers,0.061287779384623944,-0.40015108245206743,-0.38201830215187105,0.2638888888888889,-1.3994861111111112,72
chuck-carlton,michigan-wolverines,0.07671075697458792,-0.33220068930643626,-0.29337455415241787,0.44565217391304346,-1.4372608695652178,92
chuck-carlton,notre-dame-fighting-irish,0.03299625034790153,-0.35270317694585934,-0.3281990596644879,0.2777777777777778,-2.0009555555555556,90
chuck-carlton,ohio-state-buckeyes,-0.03105867346938776,-0.6476586354602507,-0.6410405071119357,0.11607142857142858,-1.8852589285714285,112
chuck-carlton,oklahoma-sooners,-0.10938105619870324,-0.5386420854683487,-0.5084681183741013,-0.46,-2.3468999999999998,100
chuck-carlton,oklahoma-state-cowboys,-0.09262072479489021,-0.2885699920333245,-0.279736140791122,-0.8472222222222222,-2.57275,72
chuck-carlton,oregon-ducks,-0.03081725416886539,-0.22246696211571534,-0.20773107661071658,-0.1267605633802817,-1.6038309859154927,71
chuck-carlton,penn-state-nittany-lions,0.045015661802777496,-0.22649133490663761,-0.20433298007142417,0.45348837209302323,-1.525593023255814,86
chuck-carlton,texas-am-aggies,-0.10093506949645055,-0.2708985682982221,-0.2554232612752072,-1.2567567567567568,-2.0848783783783786,74
chuck-carlton,utah-utes,-0.02133214797761756,-0.17568982024763558,-0.169053536909856,-0.45161290322580644,-2.01791935483871,62
chuck-carlton,washington-huskies,0.005342341514590317,-0.24392060510593308,-0.22423493647941142,0.07575757575757576,-1.8475303030303032,66
chuck-carlton,wisconsin-badgers,0.09794665182563313,-0.14701886444186413,-0.14395837874091827,0.958904109589041,-1.0804520547945209,73
colten-bartholomew,alabama-crimson-tide,-0.04512321012321012,-1.0723352103452102,-1.0454734154734155,-0.23076923076923078,-2.3101692307692305,65
colten-bartholomew,georgia-bulldogs,0.1032646840339148,-1.3122255700709546,-1.2644214759599373,0.13846153846153847,-2.025123076923077,65
colten-bartholomew,ohio-state-buckeyes,-0.1603552532123961,-0.765687112622827,-0.7731481481481481,-0.4603174603174603,-2.3532063492063497,63
dave-reardon,alabama-crimson-tide,0.05560891654641654,-1.0214111364825011,-0.9708425833425833,-0.16666666666666666,-2.30165625,96
dave-reardon,clemson-tigers,0.11973274661355159,-0.700527391628094,-0.6470914079613771,0.4533333333333333,-1.61868,75
dave-reardon,georgia-bulldogs,-0.019351430902838487,-1.3004635320607085,-1.2252597550648168,-0.05813953488372093,-2.2020232558139536,86
dave-reardon,lsu-tigers,-0.13919558961379103,-0.719265194374892,-0.6991240955034564,-0.803030303030303,-2.587166666666667,66
dave-reardon,michigan-wolverines,0.11295740189908195,-0.41634662520088167,-0.380437479117309,0.21686746987951808,-1.8283253012048193,83
dave-reardon,notre-dame-fighting-irish,0.10747192518778345,-0.16728027783744395,-0.14765007190187787,1.037037037037037,-1.3831111111111112,81
dave-reardon,ohio-state-buckeyes,0.3555108375420876,-0.559391802723213,-0.534431743025493,0.5520833333333334,-1.5861041666666669,96
dave-reardon,oklahoma-sooners,-0.020123935586055425,-0.4096751743429893,-0.394223692973693,-0.2235294117647059,-2.1946235294117646,85
dave-reardon,oregon-ducks,0.13163206120952595,-0.14091104321936737,-0.12336560490195718,1.0704225352112675,-0.8788591549295772,71
dave-reardon,penn-state-nittany-lions,0.06583406381200499,-0.2626713996070849,-0.23979407270929767,0.5294117647058824,-1.6542500000000002,68
dave-reardon,utah-utes,0.031881380418655354,-0.1741345277031412,-0.15190675265601428,0.5211267605633803,-1.365380281690141,71
david-briggs,alabama-crimson-tide,0.03255738705738706,-1.2659693870162032,-1.2191553446553447,0.05333333333333334,-2.0779466666666666,150
david-briggs,auburn-tigers,0.02568939873516333,-0.16124085012141176,-0.1599765200730565,0.5735294117647058,-1.2181470588235292,68
david-briggs,cincinnati-bearcats,-0.04687570225618046,-0.2753781972046612,-0.27274760894534805,-1.3064516129032258,-2.4040483870967746,62
david-briggs,clemson-tigers,0.12583703116496636,-0.6972159431104578,-0.6582655527304357,0.3384615384615385,-1.6507615384615386,130
david-briggs,florida-gators,0.012775334901346197,-0.20929827398830875,-0.19337843598532137,0.22988505747126436,-1.6211609195402301,87
david-briggs,georgia-bulldogs,0.16075715839344604,-0.8587539498563777,-0.804044898555315,0.2230769230769231,-1.9059307692307694,130
david-briggs,iowa-hawkeyes,-0.05075538902988762,-0.19310136506018832,-0.19422622161009848,-0.6486486486486487,-1.5944054054054055,74
david-briggs,lsu-tigers,0.01392468830783869,-0.41427229574963526,-0.40102584055435314,0.23232323232323232,-1.7035454545454545,99
david-briggs,michigan-wolverines,-0.06696275957631456,-0.5972759412157729,-0.5388495004060434,-0.128,-2.150432,125
david-briggs,notre-dame-fighting-irish,0.021093633168857998,-0.33778596047704995,-0.31745006584402863,0.40476190476190477,-1.8656507936507942,126
david-briggs,ohio-state-buckeyes,-0.22205720330720333,-1.068787731270856,-1.0232625482625484,-0.27702702702702703,-2.342864864864865,148
david-briggs,oklahoma-sooners,0.015350356955296648,-0.3282432672570595,-0.31017382600199933,0.15671641791044777,-1.7461268656716418,134
david-briggs,oklahoma-state-cowboys,0.048050946378000385,-0.1308840137867237,-0.12412964205948313,0.37894736842105264,-1.3317894736842109,95
david-briggs,ole-miss-rebels,0.024463773706346992,-0.1605677083716263,-0.15997906467579914,0.3076923076923077,-1.4317538461538462,65
david-briggs,oregon-ducks,-0.011587001480594161,-0.24218684771426005,-0.22893297189023928,0.042105263157894736,-1.6515578947368423,95
david-briggs,penn-state-nittany-lions,-0.031322352281049154,-0.3033850804090856,-0.2866962612550848,-0.08181818181818182,-2.000190909090909,110
david-briggs,texas-am-aggies,0.031694879658636,-0.20201030202056544,-0.18625943043972318,0.2786885245901639,-1.553655737704918,61
david-briggs,texas-longhorns,0.0230180027705558,-0.28960870166767244,-0.26511418824125893,0.04477611940298507,-1.8318507462686568,67
david-briggs,usc-trojans,-0.030691985682525753,-0.23584797870159604,-0.22036321715185947,-0.5308641975308642,-2.0711975308641977,81
david-briggs,utah-utes,-0.07008568681915558,-0.263034778129297,-0.24580649574856636,-0.5824175824175825,-2.371593406593407,91
david-briggs,washington-huskies,0.02919877607657857,-0.26777360051370536,-0.2571039746621182,0.37662337662337664,-1.6358701298701301,77
david-briggs,wisconsin-badgers,-0.0019906055416891275,-0.20258710085403292,-0.20015020211048165,-0.1111111111111111,-1.8029888888888892,90
david-jablonski,alabama-crimson-tide,0.1358219954648526,-0.8266301963714086,-0.7970990517419089,0.32857142857142857,-1.7944857142857142,70
david-jablonski,georgia-bulldogs,0.35653679653679665,-1.073431564295529,-1.020705009276438,0.44285714285714284,-1.7163857142857137,70
david-jablonski,ohio-state-buckeyes,-0.14173271173271176,-0.9074279659551852,-0.9228266178266179,0.13846153846153847,-1.8572,65
don-williams,alabama-crimson-tide,-0.14983018681998272,-1.4584784613062673,-1.4261096046810335,-0.3877551020408163,-2.5054489795918373,98
don-williams,clemson-tigers,0.005461841653657515,-0.8034253848965883,-0.761536936388868,-0.2235294117647059,-1.8344235294117648,85
don-williams,florida-gators,-0.07324567271044456,-0.32380373020873465,-0.3021228618410162,-1.0,-2.7144032258064517,62
don-williams,georgia-bulldogs,0.28234053361604383,-0.8929516149504771,-0.8350605177135789,0.3469387755102041,-1.8803775510204086,98
don-williams,iowa-hawkeyes,-0.12946500949129053,-0.21563313229253095,-0.2181436146283824,-2.2419354838709675,-2.6184032258064516,62
don-williams,lsu-tigers,0.01616416737384481,-0.5752588669933807,-0.5539618088005185,-1.0806451612903225,-3.1511612903225807,62
don-williams,michigan-wolverines,-0.18096782302664655,-0.8102536185450656,-0.7377428098510934,-0.9058823529411765,-2.8765529411764708,85
don-williams,notre-dame-fighting-irish,0.09462919326547695,-0.2668337977240834,-0.2496332002127005,0.5161290322580645,-1.6393763440860216,93
don-williams,ohio-state-buckeyes,-0.1991939484126984,-0.8800198762468776,-0.8828500781625781,-0.3958333333333333,-2.3227708333333332,96
don-williams,oklahoma-sooners,-0.07413285743446928,-0.416637661492369,-0.4003295748022671,-0.872093023255814,-2.762837209302326,86
don-williams,oregon-ducks,-0.055100950636664925,-0.28235647630868144,-0.26734076978437876,-0.6071428571428571,-2.313047619047619,84
don-williams,penn-state-nittany-lions,-0.06600071047105688,-0.2809431047316222,-0.27377878560909313,-0.45348837209302323,-2.020918604651163,86
don-williams,texas-longhorns,-0.09604728298529616,-0.2730847721274104,-0.26798438127412494,-1.6216216216216217,-2.7037837837837837,74
don-williams,utah-utes,0.07041804397560096,-0.08982169125163446,-0.07743591003313342,0.3181818181818182,-1.1769393939393942,66
dylan-sinn,alabama-crimson-tide,0.2947965571205008,-1.0601586799251914,-1.024766274414162,0.7746478873239436,-1.4085915492957746,71
dylan-sinn,clemson-tigers,-0.20282263752111646,-1.295748513260393,-1.2692553810537388,-0.7424242424242424,-2.4290757575757578,66
dylan-sinn,georgia-bulldogs,0.1495305164319249,-0.7028563199896714,-0.6570087189805498,0.23943661971830985,-1.982774647887324,71
dylan-sinn,notre-dame-fighting-irish,0.012192659571176202,-0.4758305852798849,-0.4539672811546549,0.30434782608695654,-2.1385362318840584,69
dylan-sinn,ohio-state-buckeyes,-0.43881360185708007,-1.1732483010266885,-1.1857895727460945,-0.6086956521739131,-2.5123913043478265,69
dylan-sinn,oklahoma-sooners,0.04042240888100598,-0.3337609907589599,-0.3138141209165399,0.6865671641791045,-1.2944776119402985,67
eric-hansen,alabama-crimson-tide,0.1350793650793651,-1.2794839014679447,-1.2381128747795416,0.17777777777777778,-2.041229629629629,135
eric-hansen,auburn-tigers,-0.12905547080932186,-0.4171507755412294,-0.4076627220225295,-0.6219512195121951,-2.5857560975609752,82
eric-hansen,baylor-bears,-0.134608226339181,-0.6128537640230634,-0.5615093815541422,0.5409836065573771,-1.5110491803278687,61
eric-hansen,clemson-tigers,-0.07562921979831388,-1.0088959208862283,-0.9614239057330052,-0.232,-2.035616,125
eric-hansen,florida-gators,0.11930716795148326,-0.13573115169921002,-0.11688529685352682,0.9078947368421053,-0.9498421052631577,76
eric-hansen,georgia-bulldogs,-0.04540748091633046,-0.747894844537433,-0.7062923754913605,-0.1415929203539823,-2.348929203539823,113
eric-hansen,lsu-tigers,-0.006995700530191635,-0.4132840134297831,-0.4066998002545689,-0.19791666666666666,-1.7392812500000001,96
eric-hansen,michigan-state-spartans,0.10901833589527088,-0.17709847451955343,-0.1595683380431176,0.9852941176470589,-0.9583382352941174,68
eric-hansen,michigan-wolverines,0.05776655183572245,-0.25545631334445795,-0.2292641953668651,0.10526315789473684,-1.8699894736842106,95
eric-hansen,notre-dame-fighting-irish,-0.08228184767023376,-0.4612820934462326,-0.43590752859229476,-0.7264957264957265,-2.872350427350428,117
eric-hansen,ohio-state-buckeyes,0.04025322685015394,-0.716590132658333,-0.6839511021106314,0.17293233082706766,-1.9106917293233083,133
eric-hansen,oklahoma-sooners,0.14304517189307903,-0.20218414036425114,-0.18424374962596035,0.6614173228346457,-1.1483307086614174,127
eric-hansen,oklahoma-state-cowboys,0.17453114770935976,-0.028891563677280314,-0.02772119523422097,1.8472222222222223,-0.05801388888888886,72
eric-hansen,oregon-ducks,0.07414269909262668,-0.2951959115958289,-0.26224175222309365,1.0120481927710843,-0.7238433734939759,83
eric-hansen,penn-state-nittany-lions,0.06533996390868685,-0.19407968749058235,-0.17668287524036785,0.34146341463414637,-1.337939024390244,82
eric-hansen,stanford-cardinal,-0.16706418058405195,-0.3377632239628612,-0.3284440816769468,-1.8333333333333333,-3.0366166666666667,60
eric-hansen,texas-am-aggies,0.0008668461236942946,-0.19726433460100265,-0.18930182216571878,-0.2236842105263158,-1.5126578947368423,76
eric-hansen,usc-trojans,-0.1319163246241251,-0.2594486460444018,-0.26077209619030517,-1.7972972972972974,-2.63477027027027,74
eric-hansen,utah-utes,-0.2936366287812025,-0.4295334755676366,-0.4111777286914475,-2.4505494505494507,-2.671857142857143,91
eric-hansen,wisconsin-badgers,-0.04201280207309211,-0.2589121632227986,-0.2541187280381351,-0.6842105263157895,-2.3114105263157896,95
ferd-lewis,alabama-crimson-tide,-0.01208513708513708,-1.6620696127946126,-1.6011784511784515,0.0,-2.229257575757576,66
ferd-lewis,clemson-tigers,-0.01137099884367024,-0.8699276943791862,-0.8321238240716834,-0.0967741935483871,-1.9647258064516124,62
ferd-lewis,ohio-state-buckeyes,-0.009456732503607505,-0.5442163710855117,-0.5327680132367631,-0.296875,-2.257609375,64
ferd-lewis,oklahoma-sooners,0.011328653547720828,-0.2625503087589969,-0.24115088507476135,0.22950819672131148,-1.4152295081967214,61
garland-gillen,alabama-crimson-tide,-0.06148655070810759,-1.4083470747538835,-1.3545997914261387,-0.029940119760479042,-2.218820359281437,167
garland-gillen,auburn-tigers,-0.0814481206175452,-0.3209711964855178,-0.3173009820934311,-0.5862068965517241,-2.3127816091954023,87
garland-gillen,baylor-bears,0.0793974289653787,-0.2580833493904709,-0.22542921891554119,0.1044776119402985,-2.044626865671641,67
garland-gillen,clemson-tigers,0.13389612523095104,-0.6260406783642587,-0.5962826562897402,0.38848920863309355,-1.6055395683453237,139
garland-gillen,florida-gators,-0.13965721830039593,-0.37118822181487404,-0.3560679271563419,-0.6333333333333333,-2.1648222222222224,90
garland-gillen,florida-state-seminoles,0.032286203944351284,-0.568069112395618,-0.5132945431602589,0.24675324675324675,-1.7669090909090908,77
garland-gillen,georgia-bulldogs,0.020188957705275498,-0.8931361728130415,-0.847254938802766,-0.28859060402684567,-2.3871812080536907,149
garland-gillen,iowa-hawkeyes,-0.010133671804899613,-0.18527222381137307,-0.1863188306554413,-0.6029411764705882,-1.942220588235294,68
garland-gillen,lsu-tigers,-0.15457988083399474,-0.5677737968821742,-0.5555546400215604,-0.5833333333333334,-2.1704916666666665,120
garland-gillen,michigan-state-spartans,0.04878224408792187,-0.2198792986103467,-0.19767783896528976,0.5211267605633803,-1.4461690140845074,71
garland-gillen,michigan-wolverines,-0.028072781066410507,-0.544147389468632,-0.4892728602304829,0.23846153846153847,-1.6949615384615386,130
garland-gillen,notre-dame-fighting-irish,0.11519326290537878,-0.23467512858269912,-0.21242542329456784,1.0147058823529411,-1.3262426470588238,136
garland-gillen,ohio-state-buckeyes,0.07480658755704801,-0.6156947159557679,-0.5805724584928692,0.36585365853658536,-1.7084817073170733,164
garland-gillen,oklahoma-sooners,0.03555145061933632,-0.32611696482153096,-0.3067868283498121,0.5833333333333334,-1.3896666666666668,144
garland-gillen,oklahoma-state-cowboys,0.06150053424812531,-0.1385334759772329,-0.13090239247538646,0.7752808988764045,-1.2953370786516853,89
garland-gillen,ole-miss-rebels,-0.07247446684406224,-0.3022541945131734,-0.2932716004977668,-0.41379310344827586,-2.2791264367816093,87
garland-gillen,oregon-ducks,0.09684562589539439,-0.1929916302546464,-0.17472297106567908,0.6902654867256637,-1.061867256637168,113
garland-gillen,penn-state-nittany-lions,-0.014414973114587032,-0.28236710730557785,-0.26472005939146387,-0.045454545454545456,-1.9000636363636358,110
garland-gillen,tcu-horned-frogs,0.09823986318012053,-0.25410730948064025,-0.22589376769064268,-0.0625,-1.68515625,64
garland-gillen,texas-am-aggies,-0.08443972875467491,-0.2779014627359161,-0.26911082955445187,-0.8823529411764706,-1.9969764705882356,85
garland-gillen,texas-longhorns,-0.02568991488659079,-0.3219239502767632,-0.2993510014021859,0.039473684210526314,-1.369526315789474,76
garland-gillen,usc-trojans,-0.06042379030151368,-0.3153357143012349,-0.2937746175305186,0.05952380952380952,-1.8261785714285712,84
garland-gillen,utah-utes,-0.031260621996986857,-0.23054139804703805,-0.20786242806363084,0.42424242424242425,-1.1768484848484846,99
garland-gillen,washington-huskies,0.22259307064773814,-0.07010509594477324,-0.05931346351902691,1.8625,-0.14077499999999993,80
garland-gillen,wisconsin-badgers,0.00021139378116612223,-0.2176257479376474,-0.21446336390780352,0.23655913978494625,-1.4974086021505375,93
garry-smits,alabama-crimson-tide,0.1325641204673463,-1.3116460810808903,-1.2588855141274498,0.1774193548387097,-2.0523709677419353,62
garry-smits,ohio-state-buckeyes,0.15625892924280022,-0.7244363557402009,-0.6521975336491466,-0.2903225806451613,-2.502161290322581,62
garry-smits,oklahoma-sooners,-0.0742487222959359,-0.37243489392816537,-0.3559638655691287,-0.3333333333333333,-1.9319500000000003,60
gary-horowitz,alabama-crimson-tide,-0.02589592538046146,-1.5357780927835052,-1.475736377025037,-0.13402061855670103,-2.3704020618556703,97
gary-horowitz,auburn-tigers,0.07878543724284923,-0.18728162789922817,-0.18099242004568492,1.0606060606060606,-0.9621515151515151,66
gary-horowitz,clemson-tigers,0.08384914916879885,-0.7810032875463536,-0.7451916006820719,0.3978494623655914,-1.5864838709677418,93
gary-horowitz,georgia-bulldogs,-0.09577230331874294,-0.5610102985658594,-0.5167030134314012,-0.5512820512820513,-2.6351666666666667,78
gary-horowitz,lsu-tigers,0.06702844427819875,-0.3506215227161674,-0.3441756756217194,0.14814814814814814,-1.472135802469136,81
gary-horowitz,michigan-wolverines,-0.006630986321374573,-0.3124164618686352,-0.27990469820458025,-0.18309859154929578,-2.1658873239436613,71
gary-horowitz,notre-dame-fighting-irish,-0.007953083241544775,-0.32415073947935386,-0.3079163849808646,-0.038461538461538464,-2.22873076923077,78
gary-horowitz,ohio-state-buckeyes,-0.1162248690599206,-0.9555148694664246,-0.8863047319232886,-0.2268041237113402,-2.4072268041237117,97
gary-horowitz,oklahoma-sooners,-0.04406837441734466,-0.4075855729389731,-0.39142304461030064,-0.043478260869565216,-1.8964782608695652,92
gary-horowitz,wisconsin-badgers,0.04344141277190812,-0.19921773419120556,-0.19294765943204492,0.6216216216216216,-1.3646621621621624,74
jerry-dipaola,alabama-crimson-tide,0.05589430894308943,-1.6552172764227642,-1.5996951219512197,0.0,-2.1390365853658535,82
jerry-dipaola,auburn-tigers,-0.010685320175589966,-0.18942789499977652,-0.18953331165479181,-0.25396825396825395,-1.854269841269841,63
jerry-dipaola,clemson-tigers,-0.037398373983739824,-1.1443774133568745,-1.1014227642276422,-0.024390243902439025,-2.165,82
jerry-dipaola,florida-gators,-0.059663480133505475,-0.3184768338576442,-0.29556152655600154,-0.5757575757575758,-2.4470909090909094,66
jerry-dipaola,georgia-bulldogs,0.08511611404468547,-0.4470617787675527,-0.40596377828520686,0.11428571428571428,-2.1326428571428573,70
jerry-dipaola,lsu-tigers,-0.07770655814486124,-0.5810684494584311,-0.571698426117183,-1.6615384615384616,-3.126123076923077,65
jerry-dipaola,michigan-wolverines,-0.018688272143601647,-0.35140835214327715,-0.3155672998285043,-0.38095238095238093,-2.413920634920635,63
jerry-dipaola,notre-dame-fighting-irish,0.0901459169173073,-0.3312981088068416,-0.3126425036430665,0.6363636363636364,-1.5892272727272732,66
jerry-dipaola,ohio-state-buckeyes,-0.12666666666666668,-0.7757269487792233,-0.754535533910534,-0.2125,-2.2134625,80
jerry-dipaola,oklahoma-sooners,-0.07370881787145878,-0.4335353309130877,-0.41465992552593856,-0.7283950617283951,-2.3755925925925925,81
jerry-dipaola,penn-state-nittany-lions,0.004167775503788689,-0.2813507304067202,-0.2552615192352284,-0.016129032258064516,-2.0220161290322576,62
jerry-dipaola,wisconsin-badgers,-0.007503297590104863,-0.2705389313139291,-0.2681601226951192,-0.043478260869565216,-2.0152463768115947,69
john-clay,alabama-crimson-tide,-0.043825803825803825,-1.3954402315247558,-1.3438311688311688,-0.10666666666666667,-2.2379466666666668,150
john-clay,auburn-tigers,-0.08181478036406077,-0.2616083360520975,-0.2639403001081123,-0.6666666666666666,-2.238736111111111,72
john-clay,clemson-tigers,-0.0378512188294797,-0.903973409169789,-0.8665445916031199,-0.2846153846153846,-2.2163076923076925,130
john-clay,florida-gators,-0.045179297160001866,-0.27262862892824596,-0.2510832895159114,-0.7011494252873564,-2.5479080459770116,87
john-clay,georgia-bulldogs,0.04217802282167843,-0.9961231827448289,-0.9354677851880248,-0.015267175572519083,-2.0739389312977092,131
john-clay,iowa-hawkeyes,-0.07134598166022794,-0.23124579591672365,-0.2317578365801339,-1.3571428571428572,-2.5871,70
john-clay,lsu-tigers,0.10609300988869,-0.28061718396630225,-0.26934105117565066,0.2803738317757009,-1.4594205607476634,107
john-clay,miami-fl-hurricanes,-0.02835560684771089,-0.19259160092468705,-0.1846702396746297,-0.5303030303030303,-1.8675606060606063,66
john-clay,michigan-wolverines,0.006788451204690564,-0.4537792093943262,-0.4076884049002839,-0.2265625,-2.21428125,128
john-clay,notre-dame-fighting-irish,0.12844792806093114,-0.193288350776964,-0.17712771774349284,0.7364341085271318,-1.3757829457364341,129
john-clay,ohio-state-buckeyes,0.015527378027378021,-0.7365523506419059,-0.6898280585780586,0.12837837837837837,-1.9374594594594596,148
john-clay,oklahoma-sooners,0.032566223594087375,-0.3091469465667095,-0.2903705679075476,0.2,-1.6874666666666671,135
john-clay,oklahoma-state-cowboys,0.016418540131021904,-0.17083106776443593,-0.16271636721731975,0.32608695652173914,-1.4455978260869569,92
john-clay,ole-miss-rebels,-0.04625716763094739,-0.23206750241762053,-0.22871069358958843,-0.29577464788732394,-1.9149154929577465,71
john-clay,oregon-ducks,-0.012714859485050625,-0.22324404108815676,-0.21184957554868547,-0.23,-1.8249800000000003,100
john-clay,penn-state-nittany-lions,-0.054408765078621545,-0.32785147129417297,-0.3099218280234323,-0.43636363636363634,-2.2824181818181817,110
john-clay,texas-am-aggies,-0.007695636266736012,-0.1784925155900331,-0.16542903090214306,-0.21333333333333335,-1.2288800000000002,75
john-clay,texas-longhorns,-0.003794979338457602,-0.28803587808947495,-0.2665027658877774,-0.22972972972972974,-1.7716081081081083,74
john-clay,usc-trojans,-0.012871733436935871,-0.24813831872202022,-0.22436814481486672,0.38271604938271603,-1.2783086419753087,81
john-clay,utah-utes,-0.021689319679062135,-0.19318109813550233,-0.17960630419184953,-0.15384615384615385,-1.8832197802197808,91
john-clay,washington-huskies,-0.07314283139460198,-0.4013105239928038,-0.3860305962767627,-0.2948717948717949,-2.369038461538461,78
john-clay,wisconsin-badgers,-0.08515032567573363,-0.3362421090460454,-0.33956844261829316,-0.47674418604651164,-2.214093023255814,86
jon-wilner,alabama-crimson-tide,0.1337677458934944,-1.2530007069595652,-1.2200128547433935,0.30538922155688625,-1.8834910179640716,167
jon-wilner,auburn-tigers,-0.06454627485031979,-0.35943281437955227,-0.34898930633389186,-0.5113636363636364,-2.1183863636363633,88
jon-wilner,baylor-bears,0.5336082787285996,0.06951905037177812,0.11046562588129571,2.3636363636363638,0.4471818181818183,66
jon-wilner,cincinnati-bearcats,-0.03179859221410782,-0.2558142837541302,-0.25138126758990836,-0.8059701492537313,-1.4637761194029852,67
jon-wilner,clemson-tigers,0.07321273994654377,-0.8109992020810068,-0.7776382240616035,0.20714285714285716,-1.6725857142857141,140
jon-wilner,florida-gators,-0.1512764432330315,-0.38326633897521956,-0.36259945080073797,-0.9560439560439561,-2.4364505494505493,91
jon-wilner,florida-state-seminoles,0.3064638795264763,-0.44158372024326836,-0.41742118857879307,0.0875,-1.6720374999999996,80
jon-wilner,georgia-bulldogs,0.10666849031716719,-0.8788611648909409,-0.8257407063784306,0.2789115646258503,-1.8252517006802718,147
jon-wilner,iowa-hawkeyes,-0.04198907512752941,-0.21331000930287233,-0.2146404985197995,-0.9538461538461539,-2.1959384615384616,65
jon-wilner,lsu-tigers,-0.41899340718803907,-0.8979137642957958,-0.8968036516716168,-1.6218487394957983,-3.1581932773109247,119
jon-wilner,michigan-state-spartans,-0.164606745961788,-0.49591910346603196,-0.48001956473275426,-0.6571428571428571,-2.583871428571429,70
jon-wilner,michigan-wolverines,0.12135864222810074,-0.40432420946227376,-0.3655919843569293,-0.04878048780487805,-2.03120325203252,123
jon-wilner,notre-dame-fighting-irish,-0.08063673859425492,-0.4826652737753771,-0.45833205431158647,-0.1259259259259259,-2.4724222222222227,135
jon-wilner,ohio-state-buckeyes,0.3945367088679191,-0.4946819073591474,-0.4647346084280378,1.2547770700636942,-0.9047197452229299,157
jon-wilner,oklahoma-sooners,-0.03243522281223927,-0.40314789007990026,-0.37951528611205565,-0.11842105263157894,-1.8439736842105265,152
jon-wilner,oklahoma-state-cowboys,-0.08409074808733243,-0.25591596071320755,-0.25695656470516814,-0.87,-2.3133199999999996,100
jon-wilner,ole-miss-rebels,0.019917628112771313,-0.2687321248402002,-0.25966477163187685,0.65,-1.35425,80
jon-wilner,oregon-ducks,-0.043519730632733726,-0.3827062741416458,-0.3681543025196276,-0.8468468468468469,-2.645765765765766,111
jon-wilner,penn-state-nittany-lions,0.06591266930652365,-0.22025930723342774,-0.20965263144598228,0.4953271028037383,-1.3142429906542055,107
jon-wilner,tcu-horned-frogs,0.005665468551165967,-0.45059292172673426,-0.42110362942384316,-0.5076923076923077,-2.024430769230769,65
jon-wilner,texas-am-aggies,-0.4524251587340729,-0.7106329946232545,-0.7096635831135722,-2.4302325581395348,-3.223325581395348,86
jon-wilner,texas-longhorns,-0.2303916185480151,-0.6017384053376958,-0.5716543039404484,-1.4931506849315068,-2.915821917808219,73
jon-wilner,usc-trojans,-0.05859393152037431,-0.2597502484801193,-0.2511543734606417,-0.9891304347826086,-2.422141304347826,92
jon-wilner,utah-utes,-0.2513266750313054,-0.4705391576942771,-0.44785755543239486,-1.0679611650485437,-2.455563106796117,103
jon-wilner,washington-huskies,-0.0425267101680357,-0.37947729470461505,-0.36738042164966433,-0.037037037037037035,-1.9349629629629632,81
jon-wilner,wisconsin-badgers,-0.09175854540751205,-0.31342612337039455,-0.30952717907998734,-1.0576923076923077,-2.4086442307692306,104
josh-furlong,alabama-crimson-tide,0.06872418768970492,-0.9556989960990131,-0.9290101341825481,0.21839080459770116,-1.9430574712643678,87
josh-furlong,clemson-tigers,0.05363084125133014,-0.7018705514349743,-0.6672847248352077,-0.13432835820895522,-1.950850746268657,67
josh-furlong,georgia-bulldogs,0.14728981108291453,-1.0953058743008055,-1.0342194523229005,0.1724137931034483,-2.030011494252874,87
josh-furlong,michigan-wolverines,0.04586910616591596,-0.47770951546116,-0.424588939096679,0.02666666666666667,-1.9216,75
josh-furlong,notre-dame-fighting-irish,0.0908051192753548,-0.2581671225506383,-0.23292685369021734,0.4430379746835443,-1.9633037974683545,79
josh-furlong,ohio-state-buckeyes,-0.20890756302521007,-0.9177178151260506,-0.9292717086834734,-0.32941176470588235,-2.2159882352941174,85
josh-furlong,oklahoma-sooners,-0.020199902613278926,-0.34132353819616007,-0.32377968671557106,-0.1780821917808219,-2.1356849315068493,73
josh-furlong,oklahoma-state-cowboys,-0.021644556418365133,-0.17959856951687658,-0.1697923661324691,-0.3333333333333333,-1.7137999999999998,60
josh-furlong,oregon-ducks,-0.02074788587016848,-0.278606179095771,-0.26116571796259297,-0.1375,-2.0042125,80
josh-furlong,penn-state-nittany-lions,-0.01705282487368049,-0.2676180998719515,-0.2613951861740539,-0.13636363636363635,-2.1409999999999996,66
josh-furlong,utah-utes,-0.0802110598831694,-0.2468027449328694,-0.23220351300907124,-0.890625,-2.39696875,64
keith-sargeant,alabama-crimson-tide,0.22268772893772892,-1.2490462627452004,-1.185472721722722,0.575,-1.6437125,80
keith-sargeant,clemson-tigers,0.0240589297920125,-0.7713743399874594,-0.7359632099147128,-0.19480519480519481,-2.1312857142857142,77
keith-sargeant,georgia-bulldogs,0.049941135843409604,-0.3655295273794048,-0.3468924411065201,0.4918032786885246,-1.4431475409836065,61
keith-sargeant,lsu-tigers,-0.02229803366013792,-0.2300180564910415,-0.23878817874627092,0.3548387096774194,-1.2397419354838712,62
keith-sargeant,ohio-state-buckeyes,-0.0747528225261019,-0.9430837744574365,-0.8630259446819033,-0.0641025641025641,-2.381602564102564,78
keith-sargeant,oklahoma-sooners,0.02279194272073529,-0.3519770858988359,-0.32917319551220475,0.48,-1.43548,75
kellis-robinett,alabama-crimson-tide,0.26355085243974136,-1.1066590365107354,-1.0481677444640407,0.6049382716049383,-1.6594691358024691,81
kellis-robinett,clemson-tigers,0.05199321991057188,-0.5891566540947931,-0.5693877746272447,0.25,-1.9048281250000003,64
kellis-robinett,georgia-bulldogs,0.06544525021547079,-0.9099349057235611,-0.8881256886495859,0.55,-1.5866875,80
kellis-robinett,notre-dame-fighting-irish,-0.07386620995491963,-0.46360137281972646,-0.4407843625298434,-0.12903225806451613,-2.442451612903226,62
kellis-robinett,ohio-state-buckeyes,0.2161987318237318,-0.27424630332756966,-0.28045758553750877,1.0625,-1.0500875,80
kellis-robinett,oklahoma-sooners,-0.40137108227596735,-1.0321647633515618,-0.9817694689834281,-0.8695652173913043,-2.7556956521739124,69
kirk-bohls,alabama-crimson-tide,0.234984061181666,-1.0492871836032844,-1.014247977571331,0.49700598802395207,-1.691874251497006,167
kirk-bohls,auburn-tigers,0.0586137900917162,-0.22162087663229213,-0.2114502097891387,0.7662337662337663,-1.3951688311688313,77
kirk-bohls,baylor-bears,-0.09823738851198807,-0.4463187830923691,-0.4126680984669947,-0.6376811594202898,-2.5896521739130436,69
kirk-bohls,clemson-tigers,0.08591516471022219,-0.7338935586917318,-0.6998789200346082,0.05714285714285714,-1.8703214285714287,140
kirk-bohls,florida-gators,0.028898475965039434,-0.18477714460654535,-0.16891818718814278,0.2777777777777778,-1.3303222222222222,90
kirk-bohls,florida-state-seminoles,0.11353032089802904,-0.47178433773917744,-0.4363088357110273,0.7105263157894737,-1.3731578947368424,76
kirk-bohls,georgia-bulldogs,0.28773327757460887,-0.6170944116374789,-0.5802051562166063,0.8783783783783784,-1.2081756756756754,148
kirk-bohls,iowa-hawkeyes,0.007769388416581837,-0.16916235692959006,-0.16856370868938564,0.13846153846153847,-1.2688769230769232,65
kirk-bohls,kansas-state-wildcats,-0.4287068952693073,-0.4497777913091378,-0.46242535711776345,-4.409090909090909,-4.259545454545455,66
kirk-bohls,lsu-tigers,-0.11201906193406082,-0.5073860787374546,-0.5002932919018235,-1.0535714285714286,-2.786482142857143,112
kirk-bohls,miami-fl-hurricanes,-0.11732047295004225,-0.347561625535122,-0.32843079361703065,-0.953125,-2.383453125,64
kirk-bohls,michigan-state-spartans,0.09273769080690797,-0.16655735095521443,-0.14834023183244816,0.7285714285714285,-0.8903285714285716,70
kirk-bohls,michigan-wolverines,0.05174227450870186,-0.5412473709648586,-0.4811153353129095,0.7241379310344828,-1.4361293103448276,116
kirk-bohls,notre-dame-fighting-irish,0.0838682341699308,-0.2753779771379289,-0.25286832653627195,0.6376811594202898,-1.6523405797101451,138
kirk-bohls,ohio-state-buckeyes,0.041893517110908406,-0.8180012542958413,-0.8028605853667532,0.30625,-1.8189875,160
kirk-bohls,oklahoma-sooners,-0.005548706149417002,-0.3592964907497432,-0.3403980045638734,0.06578947368421052,-1.7139078947368422,152
kirk-bohls,oklahoma-state-cowboys,-0.006724950012394061,-0.20671609933237214,-0.19961806894956333,-0.08333333333333333,-1.9177916666666668,96
kirk-bohls,ole-miss-rebels,0.06512659446676475,-0.19985496062409128,-0.19144594567369336,1.425,-0.5103375,80
kirk-bohls,oregon-ducks,-0.05688625571180424,-0.47487498152058577,-0.4433300416003338,0.13513513513513514,-1.7053873873873877,111
kirk-bohls,penn-state-nittany-lions,-0.07023687036469663,-0.39608061653277987,-0.37843292517335575,0.0707070707070707,-2.018060606060606,99
kirk-bohls,tcu-horned-frogs,-0.3068540959979398,-0.7818452675994101,-0.7262498341109968,-0.7384615384615385,-2.4091692307692307,65
kirk-bohls,texas-am-aggies,-0.15647480009874964,-0.36540642894228614,-0.36143784217176617,-1.3452380952380953,-2.374392857142857,84
kirk-bohls,texas-longhorns,-0.027407539697381193,-0.3557222171702465,-0.33017485145022546,-0.056338028169014086,-1.8494366197183099,71
kirk-bohls,usc-trojans,-0.016717196212640766,-0.22321294013933657,-0.2072582708494828,-0.10869565217391304,-1.493445652173913,92
kirk-bohls,utah-utes,-0.1816180558637781,-0.3717664010571017,-0.3555747278390754,-0.9901960784313726,-2.473460784313726,102
kirk-bohls,washington-huskies,-0.11752365220410328,-0.453148171256968,-0.45348664063834354,0.14285714285714285,-1.88612987012987,77
kirk-bohls,wisconsin-badgers,0.10363888792833162,-0.1232276299253827,-0.12033672543761964,0.9891304347826086,-0.677,92
lauren-brownlow,alabama-crimson-tide,0.17398373983739837,-1.3729837790101682,-1.3217479674796748,0.3780487804878049,-1.771292682926829,82
lauren-brownlow,clemson-tigers,-0.252226946722745,-1.3692219339801344,-1.3374508882945457,-0.4155844155844156,-2.323974025974026,77
lauren-brownlow,georgia-bulldogs,0.11071628236262379,-0.6185667808673183,-0.5840834301200154,0.4634146341463415,-1.6981463414634148,82
lauren-brownlow,michigan-wolverines,0.05128421565534568,-0.23482715442173513,-0.20756093072789436,0.5833333333333334,-1.2755500000000002,60
lauren-brownlow,notre-dame-fighting-irish,0.012609577032653954,-0.412094980632764,-0.3897300788703504,0.21794871794871795,-2.1578974358974365,78
lauren-brownlow,ohio-state-buckeyes,0.03526424963924964,-0.4722568438002536,-0.4674386724386725,0.2875,-1.7032,80
lauren-brownlow,oklahoma-sooners,0.09272219767776843,-0.32088669462527575,-0.2945341140258292,0.6753246753246753,-1.353467532467533,77
lauren-brownlow,penn-state-nittany-lions,-0.00814727379207017,-0.3073574394210612,-0.2797358749847437,-0.4461538461538462,-2.446307692307692,65
marc-weiszer,alabama-crimson-tide,0.001862524448731345,-1.3406251903184372,-1.2887202835478697,0.13793103448275862,-1.974062068965517,145
marc-weiszer,auburn-tigers,0.01250342124141489,-0.15461102967751056,-0.15677969114320686,0.136986301369863,-1.3732328767123287,73
marc-weiszer,clemson-tigers,0.07983409479409483,-0.7793635179909145,-0.732268079289132,0.216,-1.8537360000000003,125
marc-weiszer,florida-gators,0.019194169287226042,-0.1758473249485209,-0.15923237345241367,0.0,-1.6425274725274728,91
marc-weiszer,florida-state-seminoles,-0.16071172999226824,-0.4444102661060238,-0.4411889147793807,-1.4444444444444444,-2.9766190476190477,63
marc-weiszer,georgia-bulldogs,-0.006375125560937911,-1.0145400729606835,-0.961900899100899,-0.168,-2.2916,125
marc-weiszer,iowa-hawkeyes,0.023985635994616093,-0.15905514459322836,-0.15834527839994186,0.18032786885245902,-1.387,61
marc-weiszer,lsu-tigers,0.038919842660316575,-0.347907918119612,-0.3328062905731111,0.20192307692307693,-1.346471153846154,104
marc-weiszer,michigan-wolverines,-0.06706008038609673,-0.5917810183806596,-0.5352750233500007,-0.36065573770491804,-2.3494344262295086,122
marc-weiszer,notre-dame-fighting-irish,0.09805588644185556,-0.2458557707539022,-0.22605621402968526,0.9590163934426229,-1.2481311475409835,122
marc-weiszer,ohio-state-buckeyes,0.035337894428803515,-0.6879482100778588,-0.6391497391497392,0.17482517482517482,-1.8974475524475523,143
marc-weiszer,oklahoma-sooners,-0.0015899856834503342,-0.3608171867559903,-0.3391784008477902,0.3023255813953488,-1.6243798449612403,129
marc-weiszer,oklahoma-state-cowboys,-0.03355943521283377,-0.2056622312588091,-0.19991633960911945,-0.25,-1.8640543478260871,92
marc-weiszer,ole-miss-rebels,0.0093753985259692,-0.14436641583144802,-0.14369818994295344,0.22388059701492538,-1.3535074626865673,67
marc-weiszer,oregon-ducks,0.009260633104473063,-0.20445271215023683,-0.19196566680750515,0.27956989247311825,-1.4080967741935486,93
marc-weiszer,penn-state-nittany-lions,0.05782972932070194,-0.21589916987784893,-0.19619494550754704,0.6732673267326733,-1.3529999999999995,101
marc-weiszer,texas-am-aggies,-0.019856372772529784,-0.2265621096999195,-0.2126898834251629,-0.3188405797101449,-1.7911884057971017,69
marc-weiszer,texas-longhorns,0.05263637189344491,-0.16951082857007144,-0.15901635799961159,0.2727272727272727,-1.5649242424242424,66
marc-weiszer,usc-trojans,-0.020336046395349465,-0.2276697696851322,-0.2116330941454822,-0.45,-1.8875499999999996,80
marc-weiszer,utah-utes,0.0029861058022233804,-0.16512059616810973,-0.14955662488129198,0.0,-1.6590681818181816,88
marc-weiszer,washington-huskies,0.027199490010575974,-0.2807319664320126,-0.2667346775304027,0.3717948717948718,-1.7200897435897435,78
marc-weiszer,wisconsin-badgers,0.038048560152118285,-0.16513473457772473,-0.16275383890678122,0.3,-1.376677777777778,90
matt-baker,alabama-crimson-tide,0.1513428914689419,-1.0676091621238633,-1.0344010331405291,0.2689075630252101,-1.8796302521008403,119
matt-baker,clemson-tigers,0.013483835812553972,-0.82574929886837,-0.7943276294834568,-0.24528301886792453,-1.9278867924528305,106
matt-baker,georgia-bulldogs,0.13961190536820792,-1.007269184265218,-0.957528349335072,0.1092436974789916,-2.0653445378151263,119
matt-baker,lsu-tigers,-0.02350728500355222,-0.4782838646517078,-0.4634719343130409,-0.5512820512820513,-2.511858974358975,78
matt-baker,michigan-wolverines,0.1613095829007594,-0.31005674419565155,-0.2696005183327165,0.33,-1.59564,100
matt-baker,notre-dame-fighting-irish,0.08939980771658618,-0.26591793559098736,-0.24593598580419188,0.8240740740740741,-1.470361111111111,108
matt-baker,ohio-state-buckeyes,-0.3554941971608638,-1.119492714178288,-1.1295143128476461,-0.4188034188034188,-2.3991880341880334,117
matt-baker,oklahoma-sooners,0.04418949796234565,-0.3367442683959085,-0.3170167238387632,0.3557692307692308,-1.6691538461538462,104
matt-baker,oklahoma-state-cowboys,0.040050496170569855,-0.15335180192327225,-0.1450062824983766,0.2191780821917808,-1.5505342465753424,73
matt-baker,oregon-ducks,-0.05947464995598437,-0.29431370757061603,-0.2797576340058224,-0.34444444444444444,-2.075766666666667,90
matt-baker,penn-state-nittany-lions,0.0786739418789592,-0.18006730618274272,-0.16488966515497083,0.38235294117647056,-1.5323921568627452,102
matt-baker,texas-longhorns,0.10923225084414824,-0.17891474360872417,-0.1625217000462419,0.6428571428571429,-0.8799571428571431,70
matt-baker,usc-trojans,0.010760735976108169,-0.18801723468556275,-0.17211166562357844,0.028985507246376812,-1.4320434782608695,69
matt-baker,utah-utes,0.007384499771215223,-0.1777029993666413,-0.16811844824110944,0.15151515151515152,-1.8570909090909093,66
matt-baker,washington-huskies,-0.05969172086712071,-0.3191003889648041,-0.3108373419908222,-0.30303030303030304,-2.000924242424242,66
matt-baker,wisconsin-badgers,-0.08573886612012757,-0.2997048613753626,-0.29836650242619855,-1.0144927536231885,-2.4688985507246373,69
matt-brown,alabama-crimson-tide,0.14122735341222734,-1.1172750320755342,-1.0814935064935065,0.44537815126050423,-1.7031596638655462,119
matt-brown,clemson-tigers,0.15990781327516024,-0.6854215383087127,-0.6588426491756244,0.3469387755102041,-1.6668775510204084,98
matt-brown,florida-gators,0.08616460952526528,-0.1797648403109007,-0.1583461467319366,1.0163934426229508,-1.0565081967213115,61
matt-brown,georgia-bulldogs,0.15575803748072656,-0.9322545089243901,-0.8840222919004433,0.5042016806722689,-1.6703865546218486,119
matt-brown,lsu-tigers,-0.02072147359796075,-0.5400512819676181,-0.520065588401743,0.1282051282051282,-1.807666666666667,78
matt-brown,michigan-wolverines,0.0827481266536834,-0.41278472647521863,-0.36959826029483067,0.40594059405940597,-1.4749207920792082,101
matt-brown,notre-dame-fighting-irish,0.06663512477812378,-0.29944175202333423,-0.28056226402763873,0.7264150943396226,-1.4761603773584904,106
matt-brown,ohio-state-buckeyes,-0.07510113343446675,-0.7408799981259977,-0.7462790296123629,0.27350427350427353,-1.7068803418803422,117
matt-brown,oklahoma-sooners,-0.013710344623131292,-0.4238685631585043,-0.40279497080047144,0.2912621359223301,-1.7466019417475729,103
matt-brown,oklahoma-state-cowboys,0.0575803294557501,-0.12769690561553448,-0.11970233306802833,0.4594594594594595,-1.3209054054054055,74
matt-brown,oregon-ducks,-0.07182821288714322,-0.29844169941251186,-0.2872666557237196,-0.6739130434782609,-2.2996630434782612,92
matt-brown,penn-state-nittany-lions,-0.03794724498034459,-0.30241128616237267,-0.2846838415063693,-0.4019607843137255,-2.2802745098039217,102
matt-brown,texas-longhorns,-0.10384562333091744,-0.4716571617803771,-0.44586785611294905,-0.42424242424242425,-2.2806060606060603,66
matt-brown,usc-trojans,-0.15886114262123108,-0.38026533924887584,-0.3623103447205178,-1.2816901408450705,-2.6273943661971835,71
matt-brown,utah-utes,-0.01940011568651096,-0.18885891952376946,-0.17902232357050485,-0.18840579710144928,-1.9053478260869565,69
matt-brown,washington-huskies,-0.16803088291757529,-0.47922553643471705,-0.4787161876482031,-0.3442622950819672,-2.3761311475409834,61
matt-brown,wisconsin-badgers,0.1135570505005121,-0.11560553020554623,-0.11313179990572,0.9841269841269841,-0.8613492063492065,63
matt-mccoy,alabama-crimson-tide,0.15834114339268976,-1.2901074696945676,-1.2292393746001995,0.23711340206185566,-1.9992680412371133,97
matt-mccoy,auburn-tigers,-0.041097485031308556,-0.3207374691083703,-0.3129722528536447,-0.07352941176470588,-2.123073529411765,68
matt-mccoy,clemson-tigers,0.08398359062971156,-0.7877018553702434,-0.7533678595749532,0.43010752688172044,-1.4649677419354838,93
matt-mccoy,florida-gators,0.02053610122577944,-0.1306296209248925,-0.11473381822904566,-0.22388059701492538,-1.456164179104478,67
matt-mccoy,georgia-bulldogs,0.051767213718881815,-0.4003197864563746,-0.3649319928510368,-0.08974358974358974,-2.1695769230769226,78
matt-mccoy,lsu-tigers,-0.02370947165037891,-0.4833241353860746,-0.4800035280177439,-0.1625,-1.85765,80
matt-mccoy,michigan-state-spartans,0.0004398811144335472,-0.24133532378968514,-0.2275091705642587,-0.2833333333333333,-1.8347,60
matt-mccoy,michigan-wolverines,0.004605452167371679,-0.27519974726291496,-0.24779519875880926,-0.3815789473684211,-2.147592105263158,76
matt-mccoy,notre-dame-fighting-irish,0.012235830689778057,-0.3092538923923136,-0.29143807491036255,0.10526315789473684,-2.176618421052632,76
matt-mccoy,ohio-state-buckeyes,-0.0952861335089036,-0.9345067588731435,-0.8513778653738314,-0.05154639175257732,-2.231969072164948,97
matt-mccoy,oklahoma-sooners,-0.11071938740130959,-0.4685169984864043,-0.45585271807962396,-0.7684210526315789,-2.472021052631579,95
matt-mccoy,wisconsin-badgers,-0.015723033137088727,-0.24657521889698225,-0.23993315045430996,-0.3291139240506329,-2.1659493670886074,79
michael-lev,alabama-crimson-tide,0.16826475254618964,-1.0583234723271497,-1.021681744735637,0.3532934131736527,-1.8355868263473054,167
michael-lev,auburn-tigers,0.04277401441204005,-0.20875838153931958,-0.20095405386025367,0.3291139240506329,-1.7370632911392405,79
michael-lev,baylor-bears,-0.1610447555241606,-0.6198128147248445,-0.5681845527397916,-0.4927536231884058,-2.4778550724637682,69
michael-lev,clemson-tigers,-0.021236071176665264,-0.8180783593850737,-0.7802973951604456,-0.272108843537415,-2.03712925170068,147
michael-lev,florida-gators,-0.08723121310734669,-0.35064410857301254,-0.33027112657458946,-0.48148148148148145,-2.3665802469135806,81
michael-lev,florida-state-seminoles,-0.01555726315202604,-0.6297350368608031,-0.573856489576802,-0.4805194805194805,-2.466402597402597,77
michael-lev,georgia-bulldogs,0.0980528863782165,-0.8562256975398274,-0.811179367962081,0.013605442176870748,-2.1128571428571425,147
michael-lev,iowa-hawkeyes,0.07768707522837093,-0.10781750388504628,-0.1090472502092614,1.253968253968254,-0.11607936507936523,63
michael-lev,kansas-state-wildcats,-0.10927535288766607,-0.16790393231811493,-0.17537126065574543,-1.8,-2.35,60
michael-lev,lsu-tigers,-0.010269100203340929,-0.3975402644326457,-0.3881572019504243,-0.358974358974359,-1.9592564102564103,117
michael-lev,miami-fl-hurricanes,0.021185093826909463,-0.1731286468892805,-0.16277952383134398,0.16129032258064516,-1.4056774193548385,62
michael-lev,michigan-state-spartans,0.08807586618490038,-0.20858403751152266,-0.1875530716555854,0.6716417910447762,-1.4200149253731342,67
michael-lev,michigan-wolverines,0.02011930836964893,-0.5002896835520814,-0.4530030456643459,0.04,-1.9663040000000003,125
michael-lev,notre-dame-fighting-irish,0.10156982042077613,-0.25372363238266066,-0.23191986572096052,0.7608695652173914,-1.5193405797101451,138
michael-lev,ohio-state-buckeyes,0.0006914749259246787,-0.753683393834258,-0.7381844577538357,0.12727272727272726,-1.9343151515151518,165
michael-lev,oklahoma-sooners,0.035449245140123375,-0.33608052629082835,-0.31465190832355744,0.5310344827586206,-1.4349655172413796,145
michael-lev,oklahoma-state-cowboys,-0.050583193824614923,-0.27252017516986554,-0.26883524420890764,0.3793103448275862,-1.6329425287356323,87
michael-lev,ole-miss-rebels,-0.0910439676274522,-0.3478485218814574,-0.3400626474182575,-0.2413793103448276,-2.1067126436781614,87
michael-lev,oregon-ducks,0.05184591976455801,-0.23681273905741895,-0.22605529597517915,-0.17796610169491525,-1.7738305084745765,118
michael-lev,penn-state-nittany-lions,0.03319617290044884,-0.25394881700894034,-0.2340285401781401,0.660377358490566,-1.3817735849056605,106
michael-lev,tcu-horned-frogs,-0.1976910173016251,-0.5714373380711347,-0.5338368182120081,-0.7205882352941176,-1.9136176470588235,68
michael-lev,texas-am-aggies,-0.0411100591654153,-0.23790074613786039,-0.22771672488984024,-0.5802469135802469,-1.825666666666667,81
michael-lev,texas-longhorns,-0.017611140529516674,-0.3469267883791341,-0.3198953067209778,-0.0410958904109589,-1.5903287671232877,73
michael-lev,usc-trojans,-0.017438177415356977,-0.20470055445310723,-0.19298761194891628,-0.4175824175824176,-1.8435274725274722,91
michael-lev,utah-utes,-0.055706876377571775,-0.20973758637862666,-0.1997896132680181,-0.5865384615384616,-1.884846153846154,104
michael-lev,washington-huskies,-0.169846957430991,-0.482813726047191,-0.4772902109957261,-0.75,-2.5566071428571426,84
michael-lev,wisconsin-badgers,-0.024964549026152204,-0.23787068896874314,-0.23847893377143886,-0.12,-1.8588399999999998,100
mike-barber,alabama-crimson-tide,0.039138257575757576,-1.2829340644462457,-1.2293565115440117,0.2,-1.8949625,80
mike-barber,georgia-bulldogs,0.014235370765221508,-1.4903245904937688,-1.4189117438019982,0.14925373134328357,-2.0475671641791044,67
mike-barber,michigan-wolverines,0.1876711897713922,-0.42540659764377664,-0.36747352774680714,0.5,-1.6307307692307693,78
mike-barber,ohio-state-buckeyes,-0.1940972222222222,-0.8965149503968254,-0.9041522366522367,-0.45,-2.5410125,80
mike-barber,oklahoma-sooners,0.03798000245368666,-0.31130720756774594,-0.2870837220524105,0.3181818181818182,-1.8175909090909093,66
mike-barber,penn-state-nittany-lions,-0.05755012683041614,-0.2805987857083694,-0.27531123593630175,-0.6615384615384615,-2.448123076923077,65
nate-mink,alabama-crimson-tide,0.026118326118326124,-1.214327958152958,-1.1773448773448771,-0.13636363636363635,-2.3150000000000004,66
nate-mink,clemson-tigers,-0.31089954879428566,-1.4048061182848575,-1.3683597883597887,0.2,-1.6935166666666668,60
nate-mink,georgia-bulldogs,-0.02070707070707071,-1.1572423335082425,-1.1158380340198524,-0.10606060606060606,-2.307409090909091,66
nate-mink,ohio-state-buckeyes,-0.13255208333333335,-0.762882068452381,-0.7607142857142858,-0.46875,-2.30140625,64
nathan-baird,alabama-crimson-tide,0.24395604395604395,-0.9129001196344968,-0.8866300366300366,0.3076923076923077,-1.875676923076923,65
nathan-baird,georgia-bulldogs,0.08203130203130204,-1.0999843604012287,-1.0472322122322122,-0.015384615384615385,-2.214123076923077,65
nathan-baird,ohio-state-buckeyes,-0.6546107331821617,-1.506906060606061,-1.5215116012735062,-0.6984126984126984,-2.5179206349206353,63
neill-ostrout,alabama-crimson-tide,0.12788600288600288,-1.2969177849927849,-1.2583694083694081,0.15151515151515152,-1.9932878787878785,66
neill-ostrout,georgia-bulldogs,0.11448248720975993,-0.6747493649792791,-0.6310196537469265,0.42424242424242425,-1.8070151515151516,66
neill-ostrout,notre-dame-fighting-irish,0.053467239830876194,-0.40346165585278415,-0.3796163370695456,0.4090909090909091,-2.0118030303030303,66
neill-ostrout,ohio-state-buckeyes,-0.31905381944444444,-0.9531933595482751,-0.9471235795454547,-0.390625,-2.2960312500000004,64
neill-ostrout,oklahoma-sooners,0.10255188513333878,-0.26493989286609404,-0.24708477903734263,0.6984126984126984,-1.249952380952381,63
pat-dooley,alabama-crimson-tide,0.15336700336700335,-1.5060721291071593,-1.4598370064279154,0.24242424242424243,-1.9012727272727272,66
pat-dooley,clemson-tigers,0.21767676767676764,-0.898849957804412,-0.863510101010101,0.5757575757575758,-1.568621212121212,66
pat-dooley,georgia-bulldogs,0.0646034521034521,-0.49835520478144313,-0.4562967632486349,0.2878787878787879,-1.9215151515151516,66
pat-dooley,notre-dame-fighting-irish,0.09267303734516848,-0.3573690224444271,-0.3377370209121719,0.5901639344262295,-1.7991311475409835,61
pat-dooley,ohio-state-buckeyes,-0.10498681006493507,-0.6823029450588931,-0.6790866251803752,0.078125,-1.8681875000000001,64
pat-dooley,oklahoma-sooners,-0.03092798378839568,-0.42506657006509047,-0.40228300230544556,-0.3384615384615385,-2.102092307692308,65
pete-martini,alabama-crimson-tide,0.023642977392977393,-1.0516334752211565,-1.0205862193362194,0.016666666666666666,-2.1025833333333335,60
pete-martini,georgia-bulldogs,0.01794191919191919,-1.4612211190198692,-1.387488344988345,-0.03333333333333333,-2.2053833333333333,60
rece-davis,alabama-crimson-tide,0.2056060186312287,-1.0149883908555941,-0.9786422727599198,0.4957983193277311,-1.6527394957983195,119
rece-davis,cincinnati-bearcats,0.005940374877412167,-0.2655112339610562,-0.2548291941988206,0.08333333333333333,-1.1738500000000003,60
rece-davis,clemson-tigers,-0.06181033193779905,-0.9756582628607625,-0.9315231115502854,-0.25,-2.3494270833333335,96
rece-davis,florida-gators,0.04492949452508276,-0.22299743534866262,-0.19975997096585332,0.21666666666666667,-1.73295,60
rece-davis,georgia-bulldogs,0.2099638689974824,-0.8698176103040538,-0.8155264786567308,0.4369747899159664,-1.7376134453781515,119
rece-davis,lsu-tigers,-0.023184960875262395,-0.4776231146053189,-0.45724263234615403,-0.4125,-2.27055,80
rece-davis,michigan-wolverines,0.04332704084961733,-0.4455663921687041,-0.40038523801615383,0.11764705882352941,-1.745901960784314,102
rece-davis,notre-dame-fighting-irish,0.037314603459899294,-0.3282386197654689,-0.3066235741287342,0.25,-1.9355277777777782,108
rece-davis,ohio-state-buckeyes,-0.11919962753296089,-0.7859407487825044,-0.7900887099605048,0.08547008547008547,-1.8949145299145302,117
rece-davis,oklahoma-sooners,-0.017178743329490008,-0.43766786666719154,-0.41294194526073963,0.28431372549019607,-1.7384901960784316,102
rece-davis,oklahoma-state-cowboys,0.017326441206557956,-0.1781354531241537,-0.16939944841990306,-0.014084507042253521,-1.9503943661971836,71
rece-davis,oregon-ducks,-0.0399111350874951,-0.28942580893783426,-0.2724553714975541,-0.25,-2.099809523809524,84
rece-davis,penn-state-nittany-lions,0.04592666848974896,-0.23076698722505593,-0.2124531232441449,0.52,-1.51671,100
rece-davis,texas-longhorns,-0.052216654322436044,-0.41359891467175525,-0.3838327316797821,-0.5409836065573771,-2.5056557377049185,61
rece-davis,usc-trojans,-0.02347927811375313,-0.23667599422525884,-0.21794748148463586,-0.26865671641791045,-1.8903134328358209,67
rece-davis,utah-utes,0.020844512817156872,-0.1621714050434601,-0.1531399784251783,0.25757575757575757,-1.6820757575757577,66
rece-davis,washington-huskies,-0.06457420683046221,-0.3573421646983601,-0.35233462463919146,-0.13114754098360656,-2.146114754098361,61
rob-long,alabama-crimson-tide,0.06885042194776707,-1.405061771606959,-1.342277707543194,0.13274336283185842,-2.0670884955752213,113
rob-long,auburn-tigers,0.0026078010037121242,-0.2565333531645193,-0.24615473073992236,0.19736842105263158,-1.5701315789473687,76
rob-long,clemson-tigers,-0.052650164972063845,-1.0445774513113595,-0.9963461317944609,-0.33962264150943394,-2.394679245283019,106
rob-long,florida-gators,0.034140691496687914,-0.2138735670641339,-0.19319948259831346,0.10526315789473684,-1.6614868421052635,76
rob-long,georgia-bulldogs,0.020882116984184292,-0.4337765481081218,-0.39580334135347395,0.03225806451612903,-2.0884193548387096,93
rob-long,lsu-tigers,0.1281921963633836,-0.362325793690694,-0.34649328230953885,0.8108108108108109,-0.9971081081081081,74
rob-long,michigan-wolverines,0.08272560671554481,-0.20799597720434634,-0.18314538658043408,0.17567567567567569,-1.7164864864864864,74
rob-long,notre-dame-fighting-irish,-0.14817293839706006,-0.6004922290165169,-0.5722224118037998,-0.8421052631578947,-2.983821052631578,95
rob-long,ohio-state-buckeyes,-0.005159767703530907,-0.7924091968178024,-0.723097993378078,-0.1588785046728972,-2.3217850467289725,107
rob-long,oklahoma-sooners,-0.08553942254571972,-0.4529240399487958,-0.43634425014268763,-0.44660194174757284,-2.352048543689321,103
rob-long,oklahoma-state-cowboys,-0.03042347508939947,-0.18338401056801684,-0.18179936251757453,-0.2463768115942029,-1.4137246376811594,69
rob-long,wisconsin-badgers,-0.03882618923944664,-0.3022495589217392,-0.3031352638216483,0.20238095238095238,-1.6475714285714287,84
robert-cessna,alabama-crimson-tide,0.08644976175096657,-1.159630844015494,-1.1117718961092455,0.1746987951807229,-2.0112409638554216,166
robert-cessna,auburn-tigers,0.08644569502483773,-0.15646752023864702,-0.14839554418097142,1.0731707317073171,-0.8322073170731705,82
robert-cessna,baylor-bears,0.0009055603550578522,-0.3058100976418984,-0.27682170542150863,-0.29577464788732394,-2.1727746478873238,71
robert-cessna,clemson-tigers,-0.09458866022782514,-0.921715597245087,-0.8838750867663848,-0.23972602739726026,-2.021356164383562,146
robert-cessna,florida-gators,-0.020468544310631984,-0.24251974176837043,-0.2237214394909706,-0.25,-2.0873863636363637,88
robert-cessna,florida-state-seminoles,-0.16852754929541935,-0.8786640433418774,-0.8218924684351558,-0.5526315789473685,-2.562013157894737,76
robert-cessna,georgia-bulldogs,0.1565412253679517,-0.7860488845819341,-0.7484844172344172,0.2702702702702703,-1.813256756756757,148
robert-cessna,iowa-hawkeyes,0.0024569700360367163,-0.16881625502557704,-0.16732363208526954,0.015151515151515152,-1.3693030303030305,66
robert-cessna,lsu-tigers,0.08611594132903556,-0.26906762426571174,-0.25945169482442426,0.23931623931623933,-1.43291452991453,117
robert-cessna,miami-fl-hurricanes,-0.041841745384606874,-0.23607832918384447,-0.2225106010021378,-0.5081967213114754,-2.0965081967213113,61
robert-cessna,michigan-state-spartans,-0.047272785317231635,-0.31084107075312345,-0.2888180292830617,-0.4657534246575342,-2.241767123287671,73
robert-cessna,michigan-wolverines,-0.04645595831756822,-0.6318252346225687,-0.5609877062050438,0.104,-1.921872,125
robert-cessna,notre-dame-fighting-irish,0.023389678455873728,-0.3265469514962151,-0.30316024126378566,0.125,-2.189720588235294,136
robert-cessna,ohio-state-buckeyes,-0.051649490681904026,-0.7897526698985745,-0.7488604120704571,-0.054878048780487805,-2.117036585365854,164
robert-cessna,oklahoma-sooners,-0.018142007363759156,-0.35191933702937156,-0.33534680306607,-0.17218543046357615,-1.9582847682119207,151
robert-cessna,oklahoma-state-cowboys,-0.03130840473330753,-0.19420179815106428,-0.1919550011618017,-0.46078431372549017,-1.835892156862745,102
robert-cessna,ole-miss-rebels,-0.018024999648158662,-0.21397258341750708,-0.21032197702440364,-0.3103448275862069,-2.107873563218391,87
robert-cessna,oregon-ducks,-0.009563508004954265,-0.2997964203158858,-0.28056061169834834,0.05084745762711865,-1.5954745762711868,118
robert-cessna,penn-state-nittany-lions,-0.0041294687798254905,-0.2800137252288325,-0.26198963202776576,0.09090909090909091,-1.8006909090909087,110
robert-cessna,tcu-horned-frogs,-0.12282492095481731,-0.5212457458940902,-0.4738191040554419,-0.4153846153846154,-2.0373384615384613,65
robert-cessna,texas-am-aggies,-0.11655263917739157,-0.32043197826734876,-0.3103061395994273,-0.9880952380952381,-2.1488452380952383,84
robert-cessna,texas-longhorns,0.1188318129948901,-0.17719298102890815,-0.15999716802294772,0.36764705882352944,-1.3401029411764704,68
robert-cessna,usc-trojans,0.01707470340824921,-0.20111867353788598,-0.18395371994038387,0.2,-1.6163764705882349,85
robert-cessna,utah-utes,0.09349392135839812,-0.0669817002475145,-0.05444053569954007,0.5841584158415841,-0.9429900990099009,101
robert-cessna,washington-huskies,0.016841108743352425,-0.27277158276195007,-0.26210033758676987,0.21951219512195122,-1.6865609756097562,82
robert-cessna,wisconsin-badgers,-0.045284907314234936,-0.2622302572359458,-0.2594258970563645,-0.33,-2.04362,100
robert-gagliardi,alabama-crimson-tide,-0.0021043771043771043,-1.6830999181153943,-1.6050523991000183,-0.015873015873015872,-2.105492063492063,63
robert-gagliardi,clemson-tigers,-0.05913328294280676,-1.0314201877047118,-0.9761211892164273,-0.19047619047619047,-2.402238095238095,63
robert-gagliardi,ohio-state-buckeyes,0.03297430083144369,-0.8838638974781833,-0.7696551684646924,0.015873015873015872,-2.2918253968253968,63
robert-gagliardi,oklahoma-sooners,-0.054842621536169915,-0.4339759620862619,-0.4125712996680739,-0.5645161290322581,-2.4188548387096773,62
ron-counts,alabama-crimson-tide,0.117008547008547,-0.9153849474797753,-0.8831146631146631,0.49230769230769234,-1.5952307692307692,65
ron-counts,georgia-bulldogs,0.24124260355029586,-1.1707031444032554,-1.105896667435129,0.5230769230769231,-1.6326153846153846,65
ron-counts,ohio-state-buckeyes,-0.3041346646185356,-1.0731558755760369,-1.0889470744309457,-0.5483870967741935,-2.4843064516129036,62
ross-dellenger,alabama-crimson-tide,0.15303199404761902,-1.2480063666801948,-1.1857514880952382,0.34375,-1.9149375,64
ross-dellenger,ohio-state-buckeyes,0.21678030512444213,-0.6794004433221202,-0.6024294977468352,-0.203125,-2.480734375,64
ross-dellenger,oklahoma-sooners,-0.3755984539053424,-0.8561616936477514,-0.8247895010762658,-1.4166666666666667,-3.098933333333333,60
ryan-aber,alabama-crimson-tide,0.2213345864661654,-1.0521794737030374,-1.0108791549581022,0.4649122807017544,-1.6598508771929823,114
ryan-aber,clemson-tigers,0.059273013931010615,-0.7817628243671405,-0.7466511664094656,-0.039603960396039604,-1.7925841584158417,101
ryan-aber,florida-gators,-0.006115081310312585,-0.23613065952755838,-0.21220836767647575,-0.07462686567164178,-1.6921492537313432,67
ryan-aber,georgia-bulldogs,0.08354179933127301,-1.0191088347071344,-0.9571311729206464,0.23684210526315788,-1.9408947368421052,114
ryan-aber,lsu-tigers,-0.144307310687636,-0.7519525060230521,-0.7495555528524066,0.18309859154929578,-1.756830985915493,71
ryan-aber,michigan-wolverines,0.07966900702391184,-0.43192346499588585,-0.384933284796931,0.01098901098901099,-1.9425494505494507,91
ryan-aber,notre-dame-fighting-irish,-0.0676448219165848,-0.47981464916140487,-0.4575303120832168,-0.029411764705882353,-2.3470490196078435,102
ryan-aber,ohio-state-buckeyes,0.07559657420768531,-0.5189022118026055,-0.5275299289188178,0.37037037037037035,-1.6944537037037037,108
ryan-aber,oklahoma-sooners,-0.05349972249972249,-0.4571535848849434,-0.43264688572297266,-0.22,-2.2260899999999997,100
ryan-aber,oklahoma-state-cowboys,-0.10364191900269625,-0.2999701631496771,-0.289974316925887,-0.9285714285714286,-2.642257142857143,70
ryan-aber,oregon-ducks,0.003794801125352855,-0.24386022660662274,-0.22930197937339133,0.16883116883116883,-1.6958181818181823,77
ryan-aber,penn-state-nittany-lions,-0.024125192483304952,-0.30925230932837605,-0.29027961854315065,-0.42857142857142855,-2.4454505494505496,91
ryan-aber,texas-longhorns,0.02177154227769897,-0.21829794228952656,-0.20400667816809914,0.42857142857142855,-1.1765396825396823,63
ryan-aber,usc-trojans,0.08795017336775987,-0.13397667457763066,-0.11413499588758706,0.75,-0.9085,60
ryan-aber,utah-utes,0.054610778421630535,-0.12894195933630742,-0.11636402923357257,0.8125,-1.059453125,64
ryan-aber,washington-huskies,0.10599663294772624,-0.17635357921791553,-0.16756153507432078,1.1311475409836065,-0.868409836065574,61
ryan-aber,wisconsin-badgers,-0.03846880874131319,-0.2703581027794013,-0.2636440521580464,-0.3548387096774194,-2.1145,62
sam-mckewon,alabama-crimson-tide,0.2042749240423659,-1.2606741134960144,-1.2258859357696565,0.37209302325581395,-1.7630697674418607,129
sam-mckewon,auburn-tigers,0.0021335538698940035,-0.1881949350769102,-0.1919505360348817,-0.25,-1.7184166666666665,72
sam-mckewon,clemson-tigers,0.3171688712934007,-0.611351698208357,-0.570357440611233,0.8306451612903226,-1.1938306451612903,124
sam-mckewon,florida-gators,0.14918920565913318,-0.08227870311926583,-0.06339709308976502,1.1097560975609757,-0.666439024390244,82
sam-mckewon,georgia-bulldogs,-0.03957491589070537,-0.9208226874032917,-0.8844982638460901,-0.1891891891891892,-2.197072072072072,111
sam-mckewon,iowa-hawkeyes,-0.14473256170586127,-0.31129770788633776,-0.3119982631373801,-2.2063492063492065,-3.3535079365079365,63
sam-mckewon,lsu-tigers,-0.022735248024411132,-0.4804819857848473,-0.47177101006006805,0.10843373493975904,-1.5909156626506022,83
sam-mckewon,michigan-wolverines,-0.13893422812677045,-0.5502430326229112,-0.5188779387629779,-0.8725490196078431,-2.864901960784314,102
sam-mckewon,notre-dame-fighting-irish,-0.05740777952250611,-0.45994069670911275,-0.439773119877642,-0.32710280373831774,-2.5065327102803745,107
sam-mckewon,ohio-state-buckeyes,0.01687203872243241,-0.9472119623173992,-0.9136917544397858,0.09448818897637795,-1.973818897637795,127
sam-mckewon,oklahoma-sooners,-0.013220869882845696,-0.4490272984028038,-0.42578982091866174,0.4727272727272727,-1.5192999999999999,110
sam-mckewon,oklahoma-state-cowboys,0.022484710559869683,-0.1687048020782985,-0.16305296375089048,0.023809523809523808,-1.7189642857142857,84
sam-mckewon,oregon-ducks,-0.06899682563298123,-0.2951232138537746,-0.28126836405583544,-0.47297297297297297,-2.0415135135135136,74
sam-mckewon,penn-state-nittany-lions,-0.049433172256933826,-0.3329816023454052,-0.3138382277681123,-0.16853932584269662,-1.9903483146067416,89
sam-mckewon,texas-am-aggies,0.12897493404666519,-0.09770590589331332,-0.08303183103219804,0.9375,-0.6383593750000001,64
sam-mckewon,usc-trojans,-0.1870828242836917,-0.3380935857200724,-0.33243844076608675,-2.3292682926829267,-3.1439756097560974,82
sam-mckewon,utah-utes,-0.3597382615704436,-0.5768311864629575,-0.5474826992825118,-2.8536585365853657,-4.062951219512195,82
sam-mckewon,washington-huskies,-0.09408413385256487,-0.3712589899370176,-0.35296740235025564,-0.7971014492753623,-2.4095072463768115,69
sam-mckewon,wisconsin-badgers,-0.15656420980691818,-0.36610540072675885,-0.3657482866896935,-1.5161290322580645,-2.8929677419354833,93
scott-hamilton,alabama-crimson-tide,-0.015879887308458733,-1.7021055366591076,-1.623565587851302,-0.09523809523809523,-2.1848571428571426,63
scott-hamilton,clemson-tigers,-0.10578231292517007,-1.0847674603174604,-1.0272486772486773,-0.4126984126984127,-2.624460317460317,63
scott-hamilton,ohio-state-buckeyes,0.020326278659611983,-0.8910204224787559,-0.772651114317781,0.0,-2.3076984126984126,63
scott-hamilton,oklahoma-sooners,0.0414721008099616,-0.3012626478232164,-0.2820655598881405,0.14516129032258066,-1.7091774193548388,62
scott-wolf,alabama-crimson-tide,0.12201760912698413,-1.2742720362103173,-1.215797657203907,0.078125,-2.1805624999999997,64
scott-wolf,clemson-tigers,0.16301481530112044,-0.47204855434493265,-0.44627968948245167,-0.765625,-2.414546875,64
soren-petro,alabama-crimson-tide,0.11178451178451179,-1.6317285353535351,-1.5843434343434344,0.12121212121212122,-2.022484848484848,66
soren-petro,clemson-tigers,-0.2676767676767677,-1.5646237373737373,-1.5126262626262628,-0.5,-2.6443787878787877,66
soren-petro,georgia-bulldogs,0.05885528612801339,-0.5034017735663732,-0.45582536150717967,0.36363636363636365,-1.845757575757576,66
soren-petro,notre-dame-fighting-irish,0.080997413976819,-0.3274733909597685,-0.31072080911864197,0.38461538461538464,-1.6518000000000002,65
soren-petro,ohio-state-buckeyes,0.0050228851010100965,-0.5196182325487013,-0.5162890061327561,-0.15625,-2.1025625,64
soren-petro,oklahoma-sooners,-0.10685095771466445,-0.48637425131445683,-0.46769763499991474,-1.0303030303030303,-2.7369090909090907,66
steve-batterson,alabama-crimson-tide,0.0021934116112198258,-1.4549484757615527,-1.3911364130542212,0.17123287671232876,-2.0293630136986303,146
steve-batterson,auburn-tigers,0.11307134423345397,-0.1222416481024709,-0.1163162126257501,0.9759036144578314,-0.9921927710843372,83
steve-batterson,baylor-bears,-0.015694696993016313,-0.3364944519098267,-0.3016041657385278,-0.1,-1.9795000000000005,70
steve-batterson,clemson-tigers,0.11102046202958873,-0.7531936959474599,-0.7098245777035999,0.5891472868217055,-1.4506666666666668,129
steve-batterson,florida-gators,0.03272730229499632,-0.16592940106685472,-0.15033645400335838,-0.011235955056179775,-1.5571573033707866,89
steve-batterson,georgia-bulldogs,0.14880473970473967,-0.5856072072262481,-0.5544873773285538,0.112,-2.056664,125
steve-batterson,iowa-hawkeyes,-0.06303614562060228,-0.20364237306629535,-0.20284394047857357,-1.2285714285714286,-2.2002857142857146,70
steve-batterson,lsu-tigers,0.20834283034581344,-0.16515214949730847,-0.159438850181248,0.8817204301075269,-0.7108494623655915,93
steve-batterson,michigan-state-spartans,-0.07830169966308745,-0.3542922823857516,-0.3316354445064567,-0.6081081081081081,-2.426054054054054,74
steve-batterson,michigan-wolverines,0.017997667236582676,-0.33452493582386417,-0.30335713388403385,0.07407407407407407,-1.7512962962962961,108
steve-batterson,notre-dame-fighting-irish,0.04468030782133345,-0.3203817066626204,-0.2977729364329349,0.1623931623931624,-2.1713760683760683,117
steve-batterson,ohio-state-buckeyes,-0.29216370049703383,-1.133530434804393,-1.081406575677409,-1.0208333333333333,-3.083979166666667,144
steve-batterson,oklahoma-sooners,-0.09805761893332629,-0.5115323440949763,-0.4874195906060682,-0.3937007874015748,-2.319456692913386,127
steve-batterson,oklahoma-state-cowboys,-0.08184415685781597,-0.2481148822029445,-0.24177214564864363,-1.0736842105263158,-2.4348105263157898,95
steve-batterson,ole-miss-rebels,0.08931870114422082,-0.12428235923179248,-0.11653814751817108,0.7142857142857143,-1.2525873015873015,63
steve-batterson,oregon-ducks,-0.1143365532523066,-0.4139799222678043,-0.3963031190626815,-1.0736842105263158,-2.7820736842105265,95
steve-batterson,penn-state-nittany-lions,-0.006466030739963747,-0.26199750635559405,-0.2400926509376045,-0.010752688172043012,-1.6178064516129032,93
steve-batterson,tcu-horned-frogs,-0.03630699638052578,-0.4707986598190937,-0.42347955285455285,0.16666666666666666,-1.821433333333334,60
steve-batterson,texas-am-aggies,0.04788510258576889,-0.16437888236804543,-0.15202819057308217,0.3918918918918919,-1.1835405405405406,74
steve-batterson,usc-trojans,-0.00315242046897388,-0.20153119259165778,-0.18682644652510025,-0.06493506493506493,-1.5328441558441557,77
steve-batterson,utah-utes,0.04852570868208781,-0.12522760514513243,-0.11157944181114157,0.27848101265822783,-1.3429746835443037,79
steve-batterson,washington-huskies,-0.038502396158807184,-0.2928399471932324,-0.2736205398526538,-0.373134328358209,-2.2847014925373137,67
steve-batterson,wisconsin-badgers,-0.10413357803565289,-0.30340270894592497,-0.30520106491533006,-1.0943396226415094,-2.5375000000000005,106
steve-virgen,alabama-crimson-tide,-0.027308294209702655,-1.616630036578238,-1.57406103286385,0.0,-2.165169014084507,71
steve-virgen,clemson-tigers,0.052947778437974526,-0.9193966279084083,-0.8752837366830791,-0.047619047619047616,-2.1018253968253973,63
steve-virgen,georgia-bulldogs,0.0333109769729488,-0.8738488834559975,-0.8247650627932319,0.18309859154929578,-2.0312957746478877,71
steve-virgen,michigan-wolverines,0.033731477071260355,-0.24383097607275797,-0.21548655289245863,0.15,-1.5930833333333336,60
steve-virgen,notre-dame-fighting-irish,0.02331971511075989,-0.43945261455205004,-0.41418804466433967,0.2835820895522388,-2.1608507462686566,67
steve-virgen,ohio-state-buckeyes,-0.07696712018140588,-0.6305074616002225,-0.6437404658833231,-0.11428571428571428,-1.9962714285714287,70
steve-virgen,oklahoma-sooners,-0.015244981491920167,-0.38988448404534576,-0.36590243415944634,-0.014925373134328358,-1.9941940298507461,67
steve-wiseman,alabama-crimson-tide,0.11547096221009265,-0.8907265270960923,-0.842744373179156,0.2753623188405797,-1.9002898550724638,69
steve-wiseman,lsu-tigers,0.14646005224596217,-0.3309167718158951,-0.3063040084020151,0.7868852459016393,-0.8905245901639345,61
steve-wiseman,michigan-wolverines,0.10965879105265293,-0.5259323257401879,-0.46200763938223266,0.43478260869565216,-1.7935072463768118,69
steve-wiseman,ohio-state-buckeyes,0.004899930986887509,-0.6871260151003813,-0.6820048309178744,-0.10144927536231885,-2.0928115942028986,69
steve-wiseman,penn-state-nittany-lions,-0.03524771524771524,-0.2790720829586982,-0.2810945073445073,-0.23333333333333334,-2.2573333333333334,60
tom-dangelo,alabama-crimson-tide,0.19901232787830725,-0.7302582665284256,-0.7069788458963716,0.44329896907216493,-1.6669278350515462,97
tom-dangelo,clemson-tigers,-0.030892762208551673,-0.9137721499663994,-0.8557274164297018,-0.189873417721519,-2.0255949367088606,79
tom-dangelo,georgia-bulldogs,0.027491960790405764,-1.2452218162877318,-1.1654310651469741,0.42045454545454547,-1.7370227272727272,88
tom-dangelo,michigan-wolverines,0.042668607426415955,-0.4667709452136313,-0.42706634447532665,0.10126582278481013,-1.800139240506329,79
tom-dangelo,notre-dame-fighting-irish,-0.03253482075837452,-0.3887097154972785,-0.36219720826592844,-0.4044943820224719,-2.775067415730337,89
tom-dangelo,ohio-state-buckeyes,0.031378446115288214,-0.7677323149460853,-0.7130124553808764,0.23157894736842105,-1.7629052631578948,95
tom-dangelo,oklahoma-sooners,-0.10520813282508137,-0.45147308551302573,-0.4363320856109499,-0.7317073170731707,-2.6956463414634144,82
tom-dangelo,oklahoma-state-cowboys,-0.05455819263358505,-0.25634162199731414,-0.24718602401336057,-0.47540983606557374,-2.2994754098360657,61
tom-dangelo,oregon-ducks,-0.056017182966797856,-0.2987760566460927,-0.28159631696217063,-0.3902439024390244,-2.2858780487804875,82
tom-dangelo,penn-state-nittany-lions,-0.09645172733646179,-0.3407260827696873,-0.3339887002997267,-0.9846153846153847,-2.7562769230769235,65
tom-dangelo,utah-utes,-0.06643974139646898,-0.31621153764221666,-0.27927813732106627,-0.04411764705882353,-2.0575000000000006,68
tom-murphy,alabama-crimson-tide,-0.012377841719159085,-1.3203310482930242,-1.2722665059491407,-0.16167664670658682,-2.3505568862275448,167
tom-murphy,auburn-tigers,-0.07006890836391996,-0.28747640109521116,-0.2862311572249345,-0.9565217391304348,-2.523423913043478,92
tom-murphy,baylor-bears,-0.19856088601106653,-0.6803959193756023,-0.6186344358831585,-0.9420289855072463,-2.984942028985507,69
tom-murphy,clemson-tigers,-0.00568058651934622,-0.7996121956196143,-0.7630873862552854,-0.11805555555555555,-1.9548055555555552,144
tom-murphy,florida-gators,-0.1463357202334313,-0.35584691592014145,-0.3393756725643532,-1.6404494382022472,-3.16076404494382,89
tom-murphy,florida-state-seminoles,0.21857266658924915,-0.3283854229281653,-0.3052602857652844,0.5256410256410257,-1.3812564102564104,78
tom-murphy,georgia-bulldogs,-0.024562231573672773,-0.9685173780224193,-0.9230222649801506,-0.26490066225165565,-2.3003708609271523,151
tom-murphy,iowa-hawkeyes,0.02679380435048968,-0.1390215929144642,-0.1384810923631505,0.3230769230769231,-0.9948153846153848,65
tom-murphy,lsu-tigers,-0.0747281462508039,-0.4212038870495464,-0.41663425871735726,-0.6967213114754098,-2.238188524590164,122
tom-murphy,miami-fl-hurricanes,-0.04736398819103983,-0.23208101453829327,-0.2233646212801742,-0.9365079365079365,-2.456380952380952,63
tom-murphy,michigan-state-spartans,0.12009196582322171,-0.14988935726524716,-0.13128550428748112,0.8260869565217391,-1.153478260869565,69
tom-murphy,michigan-wolverines,0.02671014132504334,-0.4851470356563257,-0.43063514909281814,0.5238095238095238,-1.4879047619047618,126
tom-murphy,notre-dame-fighting-irish,0.08092743322669961,-0.26050240662239343,-0.23920011410830294,0.41304347826086957,-1.8754202898550725,138
tom-murphy,ohio-state-buckeyes,0.041244900086363515,-0.6315769542423102,-0.6081236037710684,0.2621951219512195,-1.8121402439024388,164
tom-murphy,oklahoma-sooners,-0.12207594332363397,-0.506943362744517,-0.4870788490213205,-0.087248322147651,-1.9642348993288594,149
tom-murphy,oklahoma-state-cowboys,0.044101551122945046,-0.14515774881292998,-0.13883472744165798,0.45161290322580644,-1.441967741935484,93
tom-murphy,ole-miss-rebels,-0.05142398501418573,-0.25460737684294654,-0.24696357477361347,-0.8089887640449438,-2.5722696629213484,89
tom-murphy,oregon-ducks,0.001189498027381502,-0.30520418324514825,-0.2807574405220761,0.17272727272727273,-1.7090454545454545,110
tom-murphy,penn-state-nittany-lions,-0.045977509137514756,-0.3209001884473359,-0.3051521628740206,-0.32727272727272727,-2.227454545454545,110
tom-murphy,tcu-horned-frogs,-0.07371009299395838,-0.4609482707811107,-0.4264793030014173,-0.7377049180327869,-2.6895081967213117,61
tom-murphy,texas-am-aggies,-0.030595880137271974,-0.20751142364780661,-0.20002144423064244,-0.7176470588235294,-1.6619529411764704,85
tom-murphy,texas-longhorns,0.06359856234600055,-0.2426617695398565,-0.21975513714516173,0.30985915492957744,-1.4009999999999996,71
tom-murphy,usc-trojans,0.04260258114678064,-0.16476633994709894,-0.15078032402207892,0.32954545454545453,-1.3281704545454545,88
tom-murphy,utah-utes,-0.03125897042142763,-0.20711010870279578,-0.19460497616192585,-0.6526315789473685,-2.3621789473684207,95
tom-murphy,washington-huskies,-0.0032783868765276997,-0.28453535325796586,-0.27275827388501883,0.16470588235294117,-1.3831058823529407,85
tom-murphy,wisconsin-badgers,-0.00012101453622440207,-0.19812919719545763,-0.19872150114055903,-0.009900990099009901,-1.6412772277227725,101
trevor-hass,alabama-crimson-tide,-0.015113871635610765,-1.0083160960820448,-0.9762375305853566,-0.08695652173913043,-2.2108550724637683,69
trevor-hass,georgia-bulldogs,-0.0014273166447079503,-1.5172222987157769,-1.4476317161099772,0.0,-2.1395797101449285,69
trevor-hass,notre-dame-fighting-irish,-0.003545862789560268,-0.368512725624075,-0.3370516763733261,-0.1111111111111111,-2.253920634920635,63
trevor-hass,ohio-state-buckeyes,-0.04625088841506751,-0.6407412523988806,-0.6520724300575047,-0.1791044776119403,-2.0734179104477612,67
trevor-hass,oregon-ducks,0.004228690412900931,-0.24295474878260337,-0.22092213110383532,-0.20634920634920634,-1.948888888888889,63
