season,team,bias1_mean,bias1_std,bias2_mean,bias2_std,bias3_mean,bias3_std,bias0_ap_mean,bias0_ap_std,bias0_mean_mean,bias0_mean_std,n
2014,air-force-falcons,-0.113,0.0936,-0.0095,0.0896,-0.0358,0.0877,-2.5,1.7867,-0.1429,1.9158,14
2014,alabama-crimson-tide,0.2241,0.7347,-0.9025,0.946,-0.849,0.9708,0.6993,1.5171,-2.0,1.3859,1011
2014,arizona-state-sun-devils,0.0017,0.2256,-0.1629,0.2311,-0.1504,0.2307,0.2154,2.8796,-1.8255,2.7414,947
2014,arizona-wildcats,-0.0246,0.3141,-0.188,0.3483,-0.1894,0.3459,-0.0332,2.9358,-1.8496,2.7954,662
2014,arkansas-razorbacks,-0.1866,0.2407,-0.0309,0.1661,-0.0456,0.1669,-3.4828,3.1805,-0.3696,2.7201,29
2014,auburn-tigers,-0.0042,0.4433,-0.4772,0.6308,-0.4475,0.6567,0.2543,2.024,-1.9714,1.911,987
2014,baylor-bears,-0.0207,0.3502,-0.3687,0.4192,-0.3479,0.4167,0.0633,1.7015,-2.0,1.6669,1011
2014,boise-state-broncos,-0.0828,0.2033,-0.0918,0.2194,-0.1132,0.2257,-1.1522,2.5608,-1.1585,2.7154,230
2014,boston-college-eagles,-0.2626,0.1547,-0.047,0.1351,-0.0633,0.1393,-5.125,2.6424,-0.7915,2.6303,8
2014,byu-cougars,-0.1,0.3096,-0.0872,0.2932,-0.122,0.3001,-1.162,4.0228,-0.8544,3.7305,216
2014,cincinnati-bearcats,-0.1541,0.0929,-0.0322,0.0876,-0.0281,0.0868,-3.3333,1.8387,-0.6221,1.8924,15
2014,clemson-tigers,-0.0515,0.1955,-0.1021,0.1952,-0.129,0.1964,-0.7366,2.924,-1.4835,2.6663,744
2014,colorado-state-rams,-0.0655,0.1253,-0.0357,0.1352,-0.038,0.1337,-1.2275,2.329,-0.5667,2.4872,211
2014,duke-blue-devils,-0.1037,0.132,-0.0498,0.131,-0.0671,0.1361,-2.0642,2.2949,-0.8201,2.2006,374
2014,east-carolina-pirates,-0.0254,0.1545,-0.0881,0.153,-0.0902,0.1544,-0.3431,2.738,-1.3943,2.6136,341
2014,florida-gators,-0.2113,0.1753,-0.0428,0.1542,-0.0729,0.157,-4.1579,2.7044,-0.6072,2.7227,57
2014,florida-state-seminoles,0.2726,0.9887,-1.5755,1.1003,-1.3851,1.021,0.3086,1.0651,-2.0002,0.9515,1011
2014,georgia-bulldogs,-0.0171,0.4319,-0.2734,0.5479,-0.2615,0.5465,0.286,2.552,-1.9879,2.4125,1007
2014,georgia-tech-yellow-jackets,-0.0051,0.17,-0.1472,0.179,-0.1493,0.178,-0.1377,2.2426,-1.6524,2.0689,414
2014,iowa-hawkeyes,-0.1972,0.1922,-0.0242,0.1787,-0.0325,0.1811,-3.84,2.9252,-0.23,3.1107,25
2014,kansas-state-wildcats,-0.0305,0.2323,-0.1694,0.2495,-0.169,0.2514,-0.1548,2.7725,-1.6795,2.6419,911
2014,kentucky-wildcats,-0.1797,0.1757,-0.0229,0.1545,-0.0422,0.1565,-3.6,2.7162,-0.2,2.7162,10
2014,louisville-cardinals,-0.0803,0.1889,-0.0772,0.1792,-0.1015,0.1861,-1.3795,2.7129,-1.2354,2.4565,332
2014,lsu-tigers,-0.0966,0.4902,-0.18,0.5059,-0.208,0.5342,-0.7229,2.9399,-1.5804,2.7854,711
2014,marshall-thundering-herd,-0.067,0.1733,-0.0469,0.1636,-0.0703,0.1713,-1.1789,3.0629,-0.6348,2.7819,492
2014,maryland-terrapins,-0.1304,,-0.087,,-0.087,,-3.0,,-2.0,,1
2014,memphis-tigers,-0.0871,0.0636,-0.0401,0.0591,-0.0392,0.0596,-1.9649,1.3358,-0.8712,1.2788,57
2014,miami-fl-hurricanes,-0.2396,0.1653,-0.0402,0.1314,-0.0402,0.1314,-4.75,2.7538,-0.75,2.63,4
2014,michigan-state-spartans,0.0492,0.3275,-0.293,0.3602,-0.2637,0.3636,0.6287,2.2953,-1.9999,2.2213,1010
2014,michigan-wolverines,-0.1981,0.2071,-0.0128,0.1867,-0.0709,0.2097,-3.8,3.1214,0.0887,3.2256,15
2014,minnesota-golden-gophers,-0.0861,0.1077,-0.0495,0.0935,-0.07,0.0982,-1.838,2.1591,-0.9655,1.8654,142
2014,mississippi-state-bulldogs,0.0889,0.5203,-0.9266,0.965,-0.8195,0.8713,0.1083,2.2818,-1.9266,2.0028,803
2014,missouri-tigers,-0.0612,0.257,-0.1116,0.242,-0.1203,0.2425,-0.8156,3.1676,-1.3734,2.9098,564
2014,nebraska-cornhuskers,-0.0531,0.2059,-0.114,0.1954,-0.1142,0.1954,-0.8287,3.1075,-1.537,2.8162,689
2014,north-carolina-tar-heels,-0.1647,0.1936,-0.0931,0.1685,-0.1366,0.1742,-2.9823,3.0966,-1.5247,2.686,113
2014,north-dakota-state-bison,-0.1304,0.0,-0.087,0.0,-0.087,0.0,-3.0,0.0,-2.0,0.0,5
2014,northern-illinois-huskies,-0.0929,0.0638,-0.0081,0.0595,-0.0081,0.0595,-2.1429,1.3452,-0.1429,1.3452,7
2014,northwestern-wildcats,-0.1917,0.1532,-0.0045,0.135,-0.0045,0.135,-4.0,2.8284,0.0,2.8284,2
2014,notre-dame-fighting-irish,0.056,0.3143,-0.2735,0.3422,-0.2271,0.3307,0.6046,2.4979,-1.9046,2.3101,741
2014,ohio-state-buckeyes,0.0017,0.3139,-0.3727,0.5669,-0.376,0.5641,0.2905,2.5863,-1.832,2.4316,950
2014,oklahoma-sooners,-0.1207,0.572,-0.452,0.8259,-0.4329,0.8027,-0.2651,2.3623,-1.7854,2.2584,860
2014,oklahoma-state-cowboys,-0.0959,0.3227,-0.0947,0.2772,-0.1073,0.2817,-1.3828,4.133,-0.9966,3.5687,290
2014,ole-miss-rebels,0.014,0.3222,-0.3189,0.4378,-0.2944,0.4384,0.4575,2.3619,-1.9334,2.2755,1001
2014,oregon-ducks,0.0034,0.6069,-0.8672,0.9309,-0.7881,0.8533,0.2275,1.6288,-2.0001,1.5232,1011
2014,oregon-state-beavers,-0.2457,0.1192,-0.1019,0.1054,-0.1019,0.1054,-5.0,2.0,-2.0,2.0,3
2014,penn-state-nittany-lions,-0.2418,0.2558,-0.0594,0.2188,-0.0939,0.2278,-4.4314,3.2203,-0.712,3.2144,51
2014,pittsburgh-panthers,-0.2808,0.173,-0.0753,0.1394,-0.0753,0.1394,-5.375,2.7742,-1.3125,2.6178,8
2014,rutgers-scarlet-knights,-0.1293,0.1,-0.0394,0.0604,-0.0394,0.0604,-2.8333,1.9408,-0.8333,1.3292,6
2014,south-carolina-gamecocks,-0.0601,0.3018,-0.173,0.3352,-0.1793,0.3344,-0.5861,3.2575,-1.5057,2.9734,273
2014,stanford-cardinal,-0.0567,0.4026,-0.1686,0.4237,-0.1769,0.421,-0.3709,2.9671,-1.6848,2.6748,461
2014,tcu-horned-frogs,-0.0946,0.4291,-0.424,0.5179,-0.4362,0.526,-0.4844,2.5892,-1.8551,2.2282,706
2014,tennessee-volunteers,-0.3936,0.2168,-0.125,0.1758,-0.125,0.1758,-7.0,2.9439,-2.0,2.9439,4
2014,texas-am-aggies,-0.1987,0.9959,-0.4934,1.2895,-0.5047,1.3164,-0.3326,2.9326,-1.7676,2.8264,472
2014,texas-longhorns,-0.211,0.1207,-0.0617,0.1026,-0.0702,0.1084,-4.3265,2.1054,-1.166,2.0301,49
2014,texas-tech-red-raiders,-0.1297,0.0745,-0.059,0.0715,-0.0818,0.0705,-2.9,1.4491,-1.275,1.4975,10
2014,ucf-knights,-0.3143,0.3834,-0.089,0.311,-0.123,0.3202,-5.1579,3.9758,-0.8545,3.8172,19
2014,ucla-bruins,0.003,0.3458,-0.2032,0.3738,-0.1769,0.3646,0.2244,2.9491,-1.7052,2.7668,927
2014,usc-trojans,-0.0434,0.2126,-0.1227,0.2306,-0.1371,0.2343,-0.5388,2.7607,-1.516,2.5456,683
2014,utah-state-aggies,-0.1677,0.0783,-0.0553,0.071,-0.0553,0.071,-3.6667,1.5275,-1.1667,1.5275,3
2014,utah-utes,-0.0589,0.1668,-0.0883,0.1647,-0.0869,0.1651,-0.8913,2.7756,-1.3839,2.6867,469
2014,virginia-cavaliers,-0.1326,0.0696,-0.0455,0.0643,-0.0455,0.0643,-3.0,1.4142,-1.0,1.4142,2
2014,virginia-tech-hokies,-0.1504,0.3011,-0.1417,0.2942,-0.1024,0.2857,-1.9861,4.1942,-1.5616,3.6445,72
2014,washington-huskies,-0.1238,0.1038,-0.0222,0.1016,-0.0262,0.1032,-2.6338,1.9216,-0.3709,2.0556,71
2014,west-virginia-mountaineers,-0.1165,0.2305,-0.0768,0.2057,-0.0979,0.2154,-1.8284,3.5473,-1.0843,3.1766,169
2014,wisconsin-badgers,-0.0343,0.2292,-0.1448,0.2428,-0.1392,0.2381,-0.2468,2.8601,-1.7069,2.7992,701
2015,air-force-falcons,-0.0963,0.0962,0.0114,0.0884,0.0114,0.0884,-2.1429,1.8645,0.3571,1.8645,7
2015,alabama-crimson-tide,-0.0231,0.5152,-0.7476,0.8118,-0.7365,0.8145,0.0066,1.6853,-2.0,1.5565,915
2015,appalachian-state-mountaineers,-0.1089,0.0611,-0.0549,0.0429,-0.0549,0.0429,-2.5,1.291,-1.25,0.9574,4
2015,arizona-state-sun-devils,-0.0251,0.2504,-0.1208,0.2523,-0.126,0.2475,-0.4719,3.5197,-1.472,2.9039,89
2015,arizona-wildcats,-0.0259,0.2068,-0.097,0.1582,-0.1049,0.1612,-0.4195,3.2916,-1.5196,2.577,174
2015,arkansas-razorbacks,-0.1033,0.3259,-0.0996,0.3129,-0.1141,0.3144,-1.2692,4.5774,-0.887,4.0291,78
2015,auburn-tigers,-0.1713,0.6859,-0.4571,0.8065,-0.417,0.7684,-0.812,4.3607,-1.815,4.1232,117
2015,baylor-bears,0.1399,0.7088,-0.6934,1.0044,-0.5717,0.944,0.6261,2.1316,-1.994,2.0633,912
2015,boise-state-broncos,-0.0694,0.15,-0.0626,0.1348,-0.0814,0.1436,-1.255,2.7513,-1.0714,2.4297,149
2015,bowling-green-falcons,-0.205,0.2123,-0.066,0.0584,-0.066,0.0584,-4.0,3.6056,-1.3333,1.1547,3
2015,byu-cougars,-0.0541,0.169,-0.0689,0.1463,-0.0935,0.152,-1.0403,3.0688,-1.1473,2.4688,149
2015,california-golden-bears,-0.0593,0.137,-0.0724,0.1317,-0.0871,0.1349,-1.078,2.4074,-1.2813,2.2544,218
2015,cincinnati-bearcats,-0.4444,,-0.1111,,-0.1111,,-8.0,,-2.0,,1
2015,clemson-tigers,0.0698,0.6064,-0.9969,1.0029,-0.8754,0.9114,0.1464,1.9191,-2.0,1.8988,915
2015,duke-blue-devils,-0.057,0.1118,-0.0675,0.1118,-0.0911,0.1142,-1.0875,2.1672,-1.2633,2.1021,160
2015,florida-gators,-0.0441,0.4074,-0.2336,0.477,-0.2219,0.4965,-0.1796,2.7538,-1.8013,2.597,685
2015,florida-state-seminoles,-0.0067,0.319,-0.2239,0.3466,-0.2062,0.3411,0.3029,2.7219,-1.941,2.6374,908
2015,georgia-bulldogs,-0.0513,0.4934,-0.2878,0.5462,-0.239,0.5144,-0.3876,3.0817,-1.7344,2.5984,387
2015,georgia-tech-yellow-jackets,-0.0123,0.2356,-0.1474,0.2573,-0.159,0.2666,0.1564,2.9809,-1.7327,2.9873,179
2015,houston-cougars,-0.0067,0.2015,-0.1369,0.2215,-0.1228,0.2129,-0.0662,2.5286,-1.6681,2.35,604
2015,iowa-hawkeyes,0.0439,0.2838,-0.3025,0.3319,-0.2941,0.3218,0.2826,1.8675,-1.9344,1.7346,683
2015,kansas-state-wildcats,-0.1278,0.0837,-0.0178,0.0715,-0.0325,0.0728,-2.8333,1.6179,-0.3332,1.5211,18
2015,kentucky-wildcats,-0.0852,0.0639,-0.0435,0.0615,-0.0435,0.0615,-2.0,1.4142,-1.0,1.4142,2
2015,louisville-cardinals,-0.1338,0.073,-0.0466,0.0674,-0.0466,0.0674,-3.0,1.4142,-1.0,1.4142,4
2015,lsu-tigers,-0.1388,0.6312,-0.4199,0.8529,-0.4232,0.8633,-0.2203,2.4403,-1.849,2.3898,849
2015,memphis-tigers,-0.0856,0.1933,-0.1109,0.2139,-0.1155,0.2132,-1.3401,2.2671,-1.4319,2.2159,294
2015,miami-fl-hurricanes,-0.1123,0.0876,-0.0091,0.0841,-0.0091,0.0841,-2.5,1.7321,-0.125,1.8231,12
2015,michigan-state-spartans,-0.0357,0.601,-0.6002,0.7516,-0.5627,0.7211,-0.0404,1.8457,-1.9998,1.7103,915
2015,michigan-wolverines,-0.0459,0.2445,-0.1724,0.2627,-0.1927,0.2717,-0.2567,2.597,-1.9407,2.5214,713
2015,minnesota-golden-gophers,-0.1786,0.1695,-0.0087,0.1509,-0.0087,0.1509,-3.6,2.9665,-0.2,3.0332,5
2015,mississippi-state-bulldogs,-0.0773,0.1449,-0.0458,0.1275,-0.0752,0.1283,-1.5106,2.5841,-0.7559,2.3241,329
2015,missouri-tigers,-0.1182,0.1363,-0.068,0.1268,-0.0677,0.1261,-2.2462,2.3953,-1.192,2.3126,130
2015,navy-midshipmen,-0.0298,0.1574,-0.1016,0.1643,-0.0925,0.1644,-0.3237,2.5297,-1.5484,2.4841,346
2015,north-carolina-state-wolfpack,-0.1998,0.1192,-0.0228,0.1376,-0.0161,0.1333,-4.1429,2.1931,-0.4284,2.8395,7
2015,north-carolina-tar-heels,0.0345,0.2033,-0.171,0.2199,-0.1489,0.2155,0.5412,2.419,-1.7594,2.2895,449
2015,northwestern-wildcats,0.0004,0.2366,-0.1235,0.2594,-0.1341,0.2598,0.1185,2.7213,-1.5438,2.6018,633
2015,notre-dame-fighting-irish,0.0135,0.3742,-0.3295,0.452,-0.3111,0.4561,0.3118,2.1943,-2.0,2.1014,914
2015,ohio-state-buckeyes,0.5121,1.4817,-1.5035,1.3058,-1.1729,1.1203,0.5683,1.6685,-2.0001,1.5208,915
2015,oklahoma-sooners,-0.0487,0.2845,-0.2897,0.3596,-0.2957,0.368,-0.2225,2.2113,-1.9154,2.076,908
2015,oklahoma-state-cowboys,-0.0046,0.2339,-0.2064,0.304,-0.2078,0.299,-0.1263,2.2339,-1.8022,2.102,776
2015,ole-miss-rebels,-0.0723,0.5428,-0.3302,0.8497,-0.3377,0.8638,-0.2165,2.6228,-1.7781,2.5907,799
2015,oregon-ducks,-0.0589,0.3354,-0.2023,0.3813,-0.2103,0.376,-0.3232,3.0688,-1.7569,2.8824,495
2015,penn-state-nittany-lions,-0.1613,0.1159,-0.0518,0.1071,-0.0715,0.1075,-3.4286,2.1492,-1.0,2.1794,7
2015,pittsburgh-panthers,-0.0679,0.1072,-0.0445,0.0917,-0.0575,0.0978,-1.4082,2.1531,-0.8715,1.81,98
2015,san-diego-state-aztecs,-0.0866,0.063,-0.0063,0.0623,-0.0175,0.0601,-2.0,1.2748,-0.1091,1.3848,33
2015,south-florida-bulls,-0.126,0.0695,-0.0498,0.0648,-0.0498,0.0648,-2.8333,1.472,-1.0833,1.4634,6
2015,stanford-cardinal,0.0248,0.2383,-0.241,0.2709,-0.2404,0.2781,0.0796,2.2211,-1.8614,2.1477,829
2015,tcu-horned-frogs,0.0418,0.7944,-0.6543,0.9203,-0.5439,0.853,0.3508,2.2807,-2.0,2.1452,915
2015,temple-owls,-0.0369,0.1081,-0.0544,0.098,-0.0603,0.0989,-0.7461,2.1687,-1.0282,1.9015,445
2015,tennessee-volunteers,-0.1166,0.1739,-0.0408,0.1664,-0.0616,0.1652,-2.1695,2.7775,-0.5411,2.7669,118
2015,texas-am-aggies,-0.1902,0.82,-0.2939,0.9471,-0.3427,0.9805,-1.1076,3.1993,-1.6816,3.0086,446
2015,texas-tech-red-raiders,-0.1348,0.1084,-0.0042,0.0966,-0.002,0.0974,-2.8966,2.0761,0.0171,2.0425,29
2015,toledo-rockets,-0.0304,0.1297,-0.0594,0.1222,-0.0611,0.1234,-0.5947,2.4552,-1.0093,2.2166,375
2015,ucla-bruins,-0.0219,0.3678,-0.2053,0.4591,-0.2106,0.4579,0.1263,2.6854,-1.672,2.5443,586
2015,usc-trojans,-0.0271,0.3699,-0.192,0.4521,-0.1723,0.4182,-0.3004,3.0353,-1.5156,2.6896,466
2015,utah-state-aggies,-0.0734,0.0431,-0.0322,0.0415,-0.0322,0.0415,-1.75,0.9574,-0.75,0.9574,4
2015,utah-utes,-0.1479,0.8487,-0.4881,1.2263,-0.4185,1.0976,-0.1002,2.763,-1.7912,2.6147,808
2015,virginia-tech-hokies,-0.1701,0.1313,-0.0408,0.1127,-0.0465,0.1131,-3.5385,2.3315,-0.7252,2.2326,13
2015,washington-state-cougars,-0.0177,0.1256,-0.0741,0.1046,-0.0669,0.1025,-0.3622,2.4289,-1.3835,1.9198,127
2015,west-virginia-mountaineers,-0.1397,0.1814,-0.0681,0.1614,-0.066,0.1649,-2.5968,2.8369,-1.1077,2.7125,62
2015,western-kentucky-hilltoppers,-0.1179,0.0827,-0.028,0.0726,-0.03,0.0716,-2.6237,1.6346,-0.5591,1.5512,93
2015,wisconsin-badgers,-0.0614,0.1403,-0.0705,0.1376,-0.0837,0.1387,-1.1083,2.4607,-1.1959,2.3297,480
2016,air-force-falcons,-0.1586,0.1374,-0.0232,0.1247,-0.0392,0.1241,-3.2963,2.3174,-0.355,2.4387,27
2016,alabama-crimson-tide,0.12,0.4784,-1.9006,0.5348,-1.8002,0.5184,0.12,0.4784,-1.9999,0.4239,975
2016,arizona-state-sun-devils,-0.1657,0.1445,-0.0566,0.1247,-0.0539,0.1234,-3.3269,2.3155,-1.0126,2.2098,52
2016,arkansas-razorbacks,-0.0562,0.2538,-0.1125,0.2426,-0.1168,0.2456,-0.6596,3.5034,-1.412,3.173,329
2016,auburn-tigers,-0.0382,0.2327,-0.1514,0.2342,-0.1596,0.2365,-0.3846,3.0733,-1.7231,2.788,559
2016,baylor-bears,-0.0375,0.2874,-0.1802,0.2762,-0.1679,0.2705,-0.4146,3.4019,-1.669,3.0886,574
2016,boise-state-broncos,-0.066,0.2431,-0.1071,0.23,-0.1145,0.226,-1.1002,3.5704,-1.3244,3.0677,579
2016,byu-cougars,-0.1219,0.041,-0.0657,0.0365,-0.0657,0.0365,-2.8,0.8367,-1.5,0.7906,5
2016,california-golden-bears,-0.2393,0.2441,-0.0262,0.2089,-0.0946,0.2174,-4.4,3.534,-0.067,3.534,10
2016,central-michigan-chippewas,-0.1099,0.0669,-0.0366,0.0608,-0.0239,0.0625,-2.5,1.4142,-0.7914,1.3679,8
2016,clemson-tigers,-0.0035,0.4564,-0.8319,0.7037,-0.814,0.6975,0.1251,1.2396,-2.0001,1.2118,975
2016,colorado-buffaloes,-0.0212,0.2156,-0.1491,0.2189,-0.1426,0.2129,-0.3462,2.9475,-1.5679,2.7072,569
2016,florida-gators,-0.0306,0.2725,-0.1249,0.2357,-0.1179,0.2337,-0.4143,3.779,-1.4671,3.2063,840
2016,florida-state-seminoles,-0.0071,0.4187,-0.3379,0.6271,-0.3115,0.6057,0.2674,2.9025,-1.8156,2.7568,946
2016,georgia-bulldogs,0.0282,0.3694,-0.1685,0.3305,-0.1052,0.3148,0.0515,4.3145,-1.5925,3.651,291
2016,georgia-tech-yellow-jackets,-0.097,0.0718,-0.0178,0.066,-0.0335,0.0678,-2.2069,1.4486,-0.3451,1.4253,29
2016,houston-cougars,-0.0775,0.3532,-0.2873,0.4097,-0.2843,0.4269,-0.4433,3.203,-1.6345,2.7428,652
2016,indiana-hoosiers,-0.1304,,-0.087,,-0.087,,-3.0,,-2.0,,1
2016,iowa-hawkeyes,-0.0308,0.2924,-0.1428,0.3011,-0.141,0.3,-0.2256,3.8414,-1.57,3.5942,297
2016,kansas-state-wildcats,-0.1657,0.1291,-0.0295,0.1157,-0.0295,0.1157,-3.4583,2.2454,-0.4583,2.2454,24
2016,louisville-cardinals,0.0146,0.3756,-0.3899,0.5511,-0.3701,0.5531,0.488,2.5926,-1.8627,2.4281,955
2016,lsu-tigers,-0.0551,0.3543,-0.1686,0.4301,-0.1681,0.4194,-0.4254,3.7638,-1.4148,3.4415,717
2016,maryland-terrapins,-0.1127,0.0691,-0.0441,0.0651,-0.0699,0.0664,-2.5556,1.424,-0.9556,1.424,9
2016,memphis-tigers,-0.1326,0.0696,-0.0455,0.0643,-0.0455,0.0643,-3.0,1.4142,-1.0,1.4142,2
2016,miami-fl-hurricanes,-0.0461,0.2874,-0.1299,0.2494,-0.149,0.2528,-0.7555,3.99,-1.4212,3.2175,409
2016,michigan-state-spartans,0.0321,0.3227,-0.2119,0.3461,-0.177,0.3408,0.7181,3.3886,-1.7975,3.3527,298
2016,michigan-wolverines,0.0677,0.4898,-0.6256,0.6806,-0.5489,0.6584,0.3231,1.3516,-2.0001,1.2827,975
2016,minnesota-golden-gophers,-0.1519,0.1961,0.1472,0.1738,0.1472,0.1738,-3.0,3.3665,3.0,3.3665,4
2016,navy-midshipmen,-0.0883,0.1803,-0.0491,0.1721,-0.0695,0.174,-1.4909,2.9725,-0.6395,2.9272,220
2016,nebraska-cornhuskers,-0.0142,0.2505,-0.1685,0.2378,-0.1454,0.2331,-0.4057,3.032,-1.6714,2.7225,705
2016,north-carolina-state-wolfpack,-0.0971,0.06,-0.0123,0.056,-0.0123,0.056,-2.25,1.2583,-0.25,1.2583,4
2016,north-carolina-tar-heels,-0.0508,0.2338,-0.0958,0.2236,-0.1261,0.2279,-0.739,3.4898,-1.2332,3.1295,410
2016,north-dakota-state-bison,-0.1454,0.1544,-0.0068,0.1405,-0.0448,0.1489,-2.9722,2.4949,0.0857,2.5428,72
2016,northwestern-wildcats,-0.2381,,-0.0952,,-0.0952,,-5.0,,-2.0,,1
2016,notre-dame-fighting-irish,-0.1131,0.427,-0.2088,0.4739,-0.1888,0.4579,-0.7789,3.3371,-1.7757,3.2805,190
2016,ohio-state-buckeyes,0.0594,0.4111,-0.7894,0.5929,-0.7224,0.5584,0.2205,1.1345,-2.0,1.0574,975
2016,oklahoma-sooners,-0.0199,0.3575,-0.2852,0.4764,-0.2709,0.487,-0.1618,3.0603,-1.7842,2.8287,884
2016,oklahoma-state-cowboys,-0.0462,0.2824,-0.1467,0.2603,-0.1546,0.2597,-0.6394,3.7026,-1.4573,3.2282,599
2016,ole-miss-rebels,-0.0168,0.2879,-0.1499,0.2583,-0.1367,0.2548,-0.1818,3.6529,-1.6667,3.3103,418
2016,oregon-ducks,-0.1385,0.1849,-0.0612,0.1712,-0.0768,0.1732,-2.4221,3.0223,-0.8812,2.8842,154
2016,penn-state-nittany-lions,-0.0111,0.3675,-0.29,0.4386,-0.3048,0.45,0.118,2.9405,-1.7779,2.7775,466
2016,pittsburgh-panthers,-0.1261,0.1976,-0.0446,0.1854,-0.0899,0.1969,-2.1897,3.2542,-0.5365,3.1052,116
2016,san-diego-state-aztecs,-0.0763,0.1693,-0.04,0.1454,-0.0604,0.148,-1.4615,2.9663,-0.5741,2.5246,234
2016,south-florida-bulls,-0.0954,0.1792,-0.0562,0.1644,-0.0818,0.1668,-1.8068,3.1418,-0.8046,2.7653,176
2016,stanford-cardinal,0.0131,0.281,-0.236,0.2951,-0.2056,0.2868,0.2786,2.5741,-1.831,2.3232,585
2016,tcu-horned-frogs,-0.0967,0.384,-0.1512,0.389,-0.1675,0.3856,-1.0966,4.5942,-1.0913,4.1426,207
2016,temple-owls,-0.0889,0.1681,-0.0345,0.1617,-0.0751,0.166,-1.5238,2.9885,-0.4077,2.9141,63
2016,tennessee-volunteers,-0.0633,0.3286,-0.1907,0.3551,-0.1872,0.3515,-0.543,3.248,-1.6778,3.1017,639
2016,texas-am-aggies,-0.0121,0.272,-0.222,0.2818,-0.1992,0.2802,-0.1777,2.9289,-1.6793,2.5646,737
2016,texas-longhorns,0.0199,0.5666,-0.2274,0.6981,-0.1942,0.6803,0.6485,3.8724,-1.6925,3.4486,202
2016,toledo-rockets,-0.0873,0.0819,-0.0025,0.0765,-0.0025,0.0765,-2.0,1.7321,0.0,1.7321,3
2016,troy-trojans,-0.1113,0.1232,-0.0015,0.1075,-0.0437,0.1115,-2.3846,2.0403,0.1273,1.9323,52
2016,tulsa-golden-hurricane,-0.1161,0.0486,-0.0589,0.0497,-0.0589,0.0497,-2.6667,1.0328,-1.3333,1.1255,6
2016,ucla-bruins,-0.0932,0.2852,-0.0662,0.2544,-0.0707,0.2624,-1.6417,4.3864,-0.5444,3.649,120
2016,usc-trojans,0.0376,0.4321,-0.2806,0.4376,-0.2759,0.423,0.0637,3.3937,-1.7823,3.0777,377
2016,utah-utes,-0.0427,0.2526,-0.1219,0.217,-0.1228,0.2147,-0.7818,3.6932,-1.5703,3.0227,637
2016,virginia-tech-hokies,-0.0624,0.1926,-0.1033,0.1854,-0.0938,0.1851,-1.0,3.1786,-1.4592,2.8522,464
2016,wake-forest-demon-deacons,-0.1362,0.0992,-0.0482,0.0924,-0.0482,0.0924,-3.0,2.0,-1.0,2.0,3
2016,washington-huskies,0.024,0.3575,-0.4338,0.3972,-0.4143,0.4053,0.4327,2.1235,-1.9999,1.8684,973
2016,washington-state-cougars,-0.1503,0.2089,-0.071,0.2005,-0.0902,0.204,-2.5531,3.0314,-0.9167,2.9588,273
2016,west-virginia-mountaineers,0.0057,0.2779,-0.1718,0.2701,-0.1436,0.2626,0.1994,3.2486,-1.7934,2.9689,652
2016,western-kentucky-hilltoppers,-0.1461,0.1962,-0.0226,0.1238,-0.0739,0.1308,-2.8421,2.93,-0.2842,2.2154,19
2016,western-michigan-broncos,0.0066,0.2419,-0.1381,0.2451,-0.1259,0.2412,0.2512,3.3105,-1.5547,3.1129,629
2016,wisconsin-badgers,0.0456,0.3095,-0.2832,0.3126,-0.2726,0.3132,0.5755,2.5802,-1.9336,2.2599,921
2017,alabama-crimson-tide,0.1175,0.3525,-1.7547,0.6856,-1.6478,0.6775,0.168,0.4776,-2.0,0.4463,976
2017,arizona-wildcats,-0.0892,0.1285,-0.0592,0.1119,-0.0933,0.1166,-1.7463,2.4268,-1.0933,2.1547,67
2017,army-west-point-black-knights,-0.0794,0.0669,-0.0126,0.0631,-0.0378,0.0644,-1.8333,1.3394,-0.2333,1.3394,18
2017,auburn-tigers,0.0198,0.2794,-0.2357,0.3135,-0.2198,0.3322,0.5036,2.2819,-1.9095,2.1651,973
2017,boise-state-broncos,-0.0704,0.0872,-0.0376,0.0814,-0.0465,0.082,-1.5157,1.782,-0.7275,1.6723,159
2017,byu-cougars,-0.1109,0.1003,-0.0246,0.0937,-0.0246,0.0937,-2.5,2.1213,-0.5,2.1213,2
2017,california-golden-bears,-0.1829,0.1574,-0.0527,0.1201,-0.0224,0.1237,-3.7143,2.6904,-1.0,2.3805,7
2017,clemson-tigers,0.1025,0.5645,-0.8862,0.8557,-0.8561,0.8654,0.4477,1.4234,-1.9999,1.326,976
2017,colorado-buffaloes,-0.1976,0.1317,-0.0551,0.1098,-0.0789,0.114,-4.0492,2.2392,-1.0166,2.1203,61
2017,duke-blue-devils,-0.1617,0.1133,-0.0132,0.1029,-0.0202,0.1035,-3.4231,2.1009,-0.16,2.1226,26
2017,florida-atlantic-owls,-0.0941,0.0771,0.036,0.0708,0.036,0.0708,-2.1333,1.5523,0.8667,1.5523,15
2017,florida-gators,-0.0676,0.1815,-0.0887,0.1818,-0.0903,0.1801,-0.9097,2.8898,-1.2426,2.8226,299
2017,florida-state-seminoles,-0.1311,0.5136,-0.463,0.7307,-0.4684,0.7137,-0.5447,2.8227,-1.9176,2.698,257
2017,fresno-state-bulldogs,-0.0759,0.0348,-0.0345,0.0334,-0.0345,0.0334,-1.8095,0.7726,-0.8095,0.7726,42
2017,georgia-bulldogs,-0.0412,0.2953,-0.5495,0.475,-0.5595,0.4793,-0.1159,1.7153,-1.9903,1.653,975
2017,georgia-tech-yellow-jackets,-0.1343,0.0699,-0.0627,0.051,-0.0807,0.051,-3.0,1.3628,-1.3856,1.0942,15
2017,houston-cougars,-0.3239,0.3312,-0.0563,0.2943,-0.1333,0.3323,-5.375,4.5336,-0.375,4.6885,8
2017,iowa-hawkeyes,-0.0789,0.1673,-0.0011,0.1857,-0.0254,0.1924,-1.3415,2.8863,0.1302,3.308,41
2017,iowa-state-cyclones,-0.0492,0.1803,-0.0713,0.1714,-0.0921,0.1685,-1.0895,2.8054,-0.9267,2.4356,190
2017,kansas-state-wildcats,-0.0292,0.174,-0.1092,0.1814,-0.1115,0.182,-0.2674,2.7077,-1.6333,2.6902,172
2017,kentucky-wildcats,-0.1216,0.0997,0.0123,0.1152,0.0123,0.1152,-2.6667,1.8749,0.25,2.4541,12
2017,louisville-cardinals,0.0151,0.1839,-0.1264,0.1883,-0.1151,0.1905,0.3773,2.6157,-1.7752,2.5158,387
2017,lsu-tigers,-0.0602,0.2394,-0.1311,0.2512,-0.1455,0.2592,-0.662,2.8624,-1.5459,2.5559,719
2017,maryland-terrapins,-0.1544,0.1335,-0.04,0.1105,-0.0633,0.1171,-3.2264,2.2416,-0.7033,2.0693,53
2017,memphis-tigers,-0.032,0.1622,-0.088,0.1621,-0.0853,0.1608,-0.5198,2.6747,-1.3345,2.5238,479
2017,miami-fl-hurricanes,0.007,0.3023,-0.3307,0.4536,-0.2786,0.3995,0.1591,2.0337,-1.9914,1.9272,968
2017,michigan-state-spartans,-0.0534,0.1807,-0.127,0.1858,-0.1349,0.1839,-0.6842,2.5914,-1.7517,2.5386,570
2017,michigan-wolverines,0.001,0.2602,-0.2087,0.3006,-0.1702,0.2785,-0.073,2.5385,-1.6801,2.3112,671
2017,minnesota-golden-gophers,-0.1304,,-0.087,,-0.087,,-3.0,,-2.0,,1
2017,mississippi-state-bulldogs,-0.0133,0.1799,-0.098,0.1887,-0.098,0.1905,-0.0862,2.624,-1.4391,2.5585,487
2017,missouri-tigers,-0.1304,0.0,-0.087,0.0,-0.087,0.0,-3.0,0.0,-2.0,0.0,2
2017,navy-midshipmen,-0.0409,0.0411,-0.0333,0.0408,-0.0409,0.0411,-0.9474,0.9285,-0.7654,0.9285,38
2017,nebraska-cornhuskers,-0.0852,0.0639,-0.0435,0.0615,-0.0435,0.0615,-2.0,1.4142,-1.0,1.4142,2
2017,north-carolina-state-wolfpack,-0.0476,0.1392,-0.0855,0.1294,-0.1001,0.1297,-0.9821,2.4269,-1.3924,2.0533,502
2017,northwestern-wildcats,-0.0475,0.1357,-0.0924,0.1375,-0.1104,0.1406,-0.8309,2.3755,-1.5271,2.2495,278
2017,notre-dame-fighting-irish,-0.0041,0.4094,-0.2512,0.3979,-0.2321,0.3825,-0.0724,2.8243,-1.8163,2.4303,774
2017,ohio-state-buckeyes,0.0626,0.3506,-0.4139,0.4397,-0.4024,0.4415,0.332,1.8839,-1.9999,1.6368,976
2017,oklahoma-sooners,-0.0379,0.4337,-0.6935,0.69,-0.643,0.684,-0.0031,1.5745,-2.0,1.5012,976
2017,oklahoma-state-cowboys,0.0228,0.2952,-0.2127,0.3323,-0.1983,0.326,0.4267,2.4771,-1.9757,2.373,975
2017,oregon-ducks,-0.1456,0.1314,-0.0431,0.1194,-0.0567,0.1193,-2.9398,2.2758,-0.743,2.2474,83
2017,penn-state-nittany-lions,0.0441,0.3089,-0.454,0.4032,-0.3748,0.3633,0.1117,1.6501,-1.9999,1.4973,976
2017,pittsburgh-panthers,-0.1299,0.0848,-0.0423,0.079,-0.0423,0.079,-2.875,1.7269,-0.875,1.7269,8
2017,san-diego-state-aztecs,-0.0297,0.1465,-0.081,0.1445,-0.1027,0.1497,-0.5032,2.5374,-1.3479,2.2912,310
2017,south-carolina-gamecocks,-0.1522,0.1175,-0.0326,0.0909,-0.0308,0.0927,-3.2222,2.1209,-0.6286,1.8703,63
2017,south-florida-bulls,-0.0398,0.2092,-0.1019,0.2091,-0.1178,0.2109,-0.3971,3.1494,-1.4214,2.9546,748
2017,stanford-cardinal,-0.0063,0.1679,-0.1122,0.1724,-0.1027,0.175,0.0483,2.4727,-1.6092,2.3938,704
2017,tcu-horned-frogs,0.0229,0.239,-0.2605,0.2984,-0.2231,0.2846,0.2162,2.0754,-1.8763,1.9395,902
2017,tennessee-volunteers,-0.0946,0.1326,-0.0446,0.1248,-0.0648,0.128,-1.819,2.4837,-0.749,2.3709,105
2017,texas-am-aggies,-0.1051,0.0584,-0.0403,0.0527,-0.0516,0.0525,-2.4118,1.1862,-0.8911,1.1334,51
2017,texas-longhorns,-0.1322,0.2862,-0.0725,0.2738,-0.0806,0.2754,-1.9429,3.3689,-0.7889,3.3689,35
2017,texas-tech-red-raiders,-0.0724,0.1051,-0.0473,0.0813,-0.0663,0.0837,-1.5179,2.0537,-0.9795,1.6078,56
2017,toledo-rockets,-0.0927,0.0576,-0.0331,0.0531,-0.0434,0.0554,-2.1463,1.1739,-0.7357,1.1564,41
2017,troy-trojans,-0.101,0.0566,-0.0445,0.0538,-0.0587,0.0544,-2.3333,1.2111,-1.0003,1.2111,6
2017,tulsa-golden-hurricane,-0.1818,,-0.0909,,-0.0909,,-4.0,,-2.0,,1
2017,ucf-knights,-0.0991,0.4824,-0.2361,0.6072,-0.2472,0.6481,-0.5015,2.2273,-1.8747,2.1965,654
2017,ucla-bruins,-0.1678,0.1351,-0.0457,0.1218,-0.0556,0.1223,-3.3962,2.3724,-0.7741,2.3321,53
2017,usc-trojans,-0.0175,0.3653,-0.3188,0.4904,-0.2908,0.4618,0.0719,2.1608,-1.9313,2.136,974
2017,utah-utes,-0.0933,0.1643,-0.0699,0.1499,-0.0949,0.1522,-1.7034,2.953,-1.1188,2.5679,236
2017,vanderbilt-commodores,-0.125,0.0859,-0.0352,0.0798,-0.038,0.0799,-2.7667,1.675,-0.7047,1.675,30
2017,virginia-cavaliers,-0.1023,0.0708,-0.0348,0.0623,-0.0348,0.0623,-2.3333,1.5055,-0.75,1.4053,6
2017,virginia-tech-hokies,-0.0147,0.1607,-0.1297,0.1624,-0.128,0.1643,-0.2129,2.3666,-1.7782,2.1409,883
2017,wake-forest-demon-deacons,-0.0734,0.0431,-0.0322,0.0415,-0.0322,0.0415,-1.75,0.9574,-0.75,0.9574,4
2017,washington-huskies,0.0105,0.3019,-0.2792,0.3424,-0.2516,0.3364,0.281,2.1941,-1.9756,2.0897,975
2017,washington-state-cougars,-0.0177,0.1853,-0.1349,0.1923,-0.1329,0.1912,-0.1735,2.6262,-1.7085,2.3426,853
2017,west-virginia-mountaineers,-0.0832,0.1494,-0.0594,0.1306,-0.0851,0.1357,-1.5489,2.5899,-1.0579,2.2813,419
2017,wisconsin-badgers,-0.0281,0.4644,-0.4502,0.5951,-0.4632,0.62,0.2203,1.9973,-2.0002,1.8359,976
2018,alabama-crimson-tide,0.058,0.262,-1.9096,0.4178,-1.8573,0.4137,0.059,0.2647,-2.0,0.2481,966
2018,appalachian-state-mountaineers,-0.1262,0.094,-0.0427,0.0826,-0.0573,0.0831,-2.7349,1.8681,-0.853,1.7268,83
2018,arizona-state-sun-devils,-0.0593,0.1484,-0.024,0.1408,-0.0262,0.1409,-1.0233,2.6947,-0.2814,2.5359,43
2018,arizona-wildcats,-0.1793,0.1934,0.0446,0.1671,0.1203,0.167,-3.5,3.1623,1.167,3.1623,8
2018,army-west-point-black-knights,-0.0598,0.2324,-0.0634,0.2388,-0.0851,0.2448,-0.8277,2.9136,-0.7806,2.7679,267
2018,auburn-tigers,-0.0554,0.3426,-0.2655,0.3497,-0.2681,0.3578,-0.1921,2.3562,-1.8154,1.966,458
2018,boise-state-broncos,-0.0568,0.1763,-0.0826,0.1729,-0.1026,0.1779,-0.9481,2.8764,-1.2817,2.5928,482
2018,boston-college-eagles,-0.0707,0.1822,-0.0892,0.1795,-0.1164,0.1869,-1.1841,3.0317,-1.3231,2.7965,201
2018,buffalo-bulls,-0.1186,0.116,0.0488,0.1198,0.0488,0.1198,-2.5556,2.0643,1.1111,2.4468,18
2018,byu-cougars,-0.0381,0.1652,-0.0745,0.1367,-0.0941,0.138,-0.6406,3.0518,-1.2541,2.4876,64
2018,california-golden-bears,-0.2055,0.1743,-0.0473,0.158,-0.069,0.1594,-3.8182,2.8989,-0.6819,2.879,33
2018,cincinnati-bearcats,-0.1097,0.1942,-0.06,0.1791,-0.0951,0.1869,-2.0036,3.0412,-0.8621,2.7779,274
2018,clemson-tigers,0.0085,0.3787,-1.0227,0.6572,-0.98,0.6671,0.1232,0.7055,-1.9999,0.6711,966
2018,colorado-buffaloes,-0.0616,0.1868,-0.0803,0.1776,-0.0946,0.1773,-1.0783,3.0291,-1.2694,2.4741,166
2018,duke-blue-devils,-0.1032,0.132,-0.0568,0.1247,-0.0684,0.1259,-2.0241,2.4987,-0.9842,2.3121,83
2018,florida-atlantic-owls,-0.141,0.1449,-0.006,0.1307,-0.0295,0.1323,-2.9231,2.4987,0.0769,2.4987,13
2018,florida-gators,-0.0136,0.2501,-0.183,0.2653,-0.187,0.2804,-0.026,2.7352,-1.7322,2.4861,692
2018,florida-state-seminoles,-0.0252,0.206,-0.101,0.2121,-0.0845,0.2104,-0.1111,3.1243,-1.3971,3.1243,54
2018,fresno-state-bulldogs,-0.0294,0.1791,-0.0845,0.1694,-0.0887,0.169,-0.5316,3.0792,-1.2565,2.682,316
2018,georgia-bulldogs,0.1116,0.3717,-0.5805,0.4401,-0.5351,0.4288,0.324,1.1729,-1.9999,1.0918,966
2018,georgia-southern-eagles,-0.1443,0.1118,-0.0269,0.1016,-0.0353,0.102,-3.0909,2.0215,-0.4545,2.029,22
2018,houston-cougars,0.0356,0.1548,-0.0811,0.1098,-0.062,0.1031,0.4146,2.8672,-1.4089,1.9912,82
2018,iowa-hawkeyes,-0.0473,0.1849,-0.0736,0.1626,-0.0872,0.1654,-0.8764,3.2228,-1.1478,2.5137,275
2018,iowa-state-cyclones,-0.1122,0.1626,-0.0685,0.1577,-0.0898,0.1583,-2.058,2.7823,-1.0237,2.6345,224
2018,kansas-state-wildcats,-0.1639,0.1784,0.076,0.1588,0.076,0.1588,-3.3333,3.2146,1.6667,3.2146,3
2018,kentucky-wildcats,0.0167,0.1936,-0.1526,0.1956,-0.136,0.1948,0.3094,2.5403,-1.8657,2.4296,737
2018,lsu-tigers,0.0155,0.3272,-0.3358,0.3949,-0.3408,0.4087,0.2489,2.2333,-1.9508,2.0367,928
2018,maryland-terrapins,-0.2434,0.258,-0.054,0.2204,-0.1025,0.2349,-4.4615,3.357,-0.5962,3.4104,13
2018,memphis-tigers,-0.1362,0.0992,-0.0317,0.1029,-0.0317,0.1029,-3.0,2.0,-0.6667,2.3094,3
2018,miami-fl-hurricanes,-0.0158,0.2199,-0.1376,0.235,-0.1321,0.2316,-0.2837,2.652,-1.6288,2.4685,423
2018,michigan-state-spartans,-0.0831,0.2608,-0.1177,0.2682,-0.1249,0.2722,-1.2366,3.5384,-1.2629,3.1151,355
2018,michigan-wolverines,0.0213,0.2352,-0.2795,0.2744,-0.2454,0.2583,0.0997,2.0394,-1.911,1.9659,953
2018,mississippi-state-bulldogs,-0.0574,0.1952,-0.1088,0.1978,-0.1107,0.1978,-0.7065,2.9194,-1.475,2.7974,661
2018,missouri-tigers,-0.1234,0.1245,-0.0387,0.1143,-0.0748,0.1178,-2.5476,2.2835,-0.6813,2.1364,84
2018,north-carolina-state-wolfpack,-0.0752,0.2019,-0.0866,0.2006,-0.0901,0.1988,-1.2691,2.8561,-1.3065,2.5028,301
2018,northwestern-wildcats,-0.0752,0.1678,-0.0729,0.1529,-0.0999,0.1601,-1.3182,2.9348,-1.1832,2.5976,264
2018,notre-dame-fighting-irish,-0.0153,0.26,-0.522,0.3678,-0.5299,0.3848,0.1625,1.4897,-2.0,1.4086,966
2018,ohio-state-buckeyes,0.0071,0.3768,-0.5165,0.4861,-0.5308,0.4993,0.148,1.5269,-1.9792,1.383,966
2018,oklahoma-sooners,-0.0035,0.2566,-0.3822,0.3032,-0.3567,0.3144,0.1491,1.3445,-2.0,1.2808,966
2018,oklahoma-state-cowboys,-0.052,0.1763,-0.0873,0.1733,-0.1019,0.1768,-1.1685,2.8393,-1.3182,2.2762,178
2018,ole-miss-rebels,-0.1876,0.1476,0.0043,0.1207,0.0043,0.1207,-3.8333,2.6394,0.1667,2.4833,6
2018,oregon-ducks,-0.0556,0.2097,-0.1217,0.202,-0.1473,0.2074,-0.6208,2.8851,-1.6585,2.6757,480
2018,penn-state-nittany-lions,-0.0081,0.2337,-0.189,0.2481,-0.1694,0.248,0.1466,2.5088,-1.8975,2.4389,948
2018,pittsburgh-panthers,-0.1006,0.1029,-0.0395,0.0999,-0.079,0.1058,-2.0682,2.0162,-0.7234,2.0124,44
2018,purdue-boilermakers,-0.0928,0.0709,-0.0224,0.0667,-0.0508,0.0682,-2.125,1.4577,-0.458,1.4577,8
2018,san-diego-state-aztecs,-0.1032,0.0699,-0.0243,0.0655,-0.0363,0.0689,-2.3448,1.3961,-0.5031,1.4138,58
2018,south-carolina-gamecocks,-0.1316,0.2038,-0.033,0.1748,-0.0929,0.1823,-2.473,2.8632,-0.3871,2.7873,74
2018,south-florida-bulls,-0.0763,0.1417,-0.068,0.1327,-0.0909,0.1381,-1.4463,2.5978,-1.175,2.2868,177
2018,stanford-cardinal,0.0353,0.2586,-0.1959,0.2533,-0.1689,0.2415,0.0086,2.7884,-1.6924,2.235,464
2018,syracuse-orange,0.0191,0.1917,-0.1247,0.177,-0.1072,0.1758,0.2523,2.7883,-1.6999,2.4887,440
2018,tcu-horned-frogs,-0.0253,0.2486,-0.1464,0.2566,-0.1299,0.2527,-0.062,3.2919,-1.7223,3.153,258
2018,texas-am-aggies,-0.0699,0.1923,-0.0973,0.1907,-0.111,0.1919,-1.1202,2.9836,-1.373,2.7178,491
2018,texas-longhorns,0.0264,0.2282,-0.2015,0.2393,-0.1803,0.2272,0.3611,2.339,-1.8776,2.1084,756
2018,texas-tech-red-raiders,-0.1533,0.1071,-0.0442,0.0971,-0.0459,0.1,-3.2,1.9725,-0.8146,1.9474,45
2018,troy-trojans,-0.1304,0.0,-0.087,0.0,-0.087,0.0,-3.0,0.0,-2.0,0.0,2
2018,uab-blazers,-0.1464,0.1476,-0.0031,0.1231,-0.0108,0.1233,-3.0185,2.4223,0.0944,2.3342,54
2018,ucf-knights,-0.0148,0.2927,-0.2288,0.3058,-0.2142,0.3042,0.1454,2.6066,-1.9182,2.4932,956
2018,usc-trojans,-0.0386,0.2674,-0.1351,0.2372,-0.0991,0.2326,-0.4213,3.7382,-1.7185,3.1875,178
2018,utah-state-aggies,0.008,0.2307,-0.1036,0.2071,-0.0881,0.2059,0.0112,3.486,-1.3038,2.9179,356
2018,utah-utes,-0.0693,0.18,-0.0981,0.1648,-0.1085,0.168,-1.1935,2.9794,-1.491,2.5791,434
2018,virginia-cavaliers,-0.1268,0.1355,-0.047,0.1279,-0.0799,0.1306,-2.4681,2.3577,-0.7814,2.3576,47
2018,virginia-tech-hokies,-0.0418,0.271,-0.1683,0.2793,-0.175,0.2806,-0.4259,3.1576,-1.7129,2.8833,270
2018,washington-huskies,0.0211,0.2826,-0.2181,0.2889,-0.187,0.2863,0.2525,2.7931,-1.8826,2.526,915
2018,washington-state-cougars,-0.0055,0.2027,-0.2087,0.2231,-0.211,0.2227,-0.0628,2.1291,-1.8241,1.9378,541
2018,west-virginia-mountaineers,-0.0018,0.2717,-0.2167,0.2729,-0.1933,0.2781,0.1421,2.7456,-1.9367,2.6474,950
2018,wisconsin-badgers,-0.0225,0.4497,-0.2992,0.6066,-0.2904,0.5918,-0.141,2.6851,-1.8747,2.5558,532
2019,air-force-falcons,-0.0268,0.0766,-0.0402,0.0804,-0.0534,0.086,-0.5594,1.5728,-0.8091,1.5647,143
2019,alabama-crimson-tide,0.1827,0.7065,-1.0288,0.9707,-0.9805,0.9647,0.3206,1.2832,-1.9999,1.1929,1051
2019,appalachian-state-mountaineers,-0.0325,0.1221,-0.0739,0.1167,-0.0821,0.1157,-0.5771,2.2506,-1.3292,2.0224,525
2019,arizona-state-sun-devils,0.0043,0.1336,-0.0761,0.1215,-0.079,0.1204,0.063,2.4811,-1.2878,2.1601,270
2019,arizona-wildcats,-0.123,0.0852,-0.0362,0.0792,-0.0362,0.0792,-2.75,1.7078,-0.75,1.7078,4
2019,army-west-point-black-knights,-0.1803,0.1908,-0.0162,0.1679,-0.0123,0.1801,-3.5287,2.8319,-0.0671,2.9122,87
2019,auburn-tigers,-0.0397,0.4006,-0.2505,0.4707,-0.267,0.4929,-0.0718,2.141,-1.9906,2.0619,1045
2019,baylor-bears,-0.0029,0.249,-0.2038,0.2625,-0.1647,0.2571,0.0873,2.4172,-1.9292,2.3175,676
2019,boise-state-broncos,-0.0,0.1376,-0.0988,0.1306,-0.1058,0.1317,0.013,2.2372,-1.6244,2.074,920
2019,byu-cougars,-0.072,0.0429,-0.0308,0.0413,-0.0308,0.0413,-1.7143,0.9512,-0.7143,0.9512,7
2019,california-golden-bears,-0.0502,0.2229,-0.0786,0.1598,-0.0745,0.1576,-1.1977,3.7582,-1.1789,2.6539,172
2019,cincinnati-bearcats,-0.0108,0.1281,-0.1056,0.1287,-0.1016,0.1297,-0.1353,2.1779,-1.749,2.0152,643
2019,clemson-tigers,-0.0982,0.7118,-1.3157,1.0495,-1.2846,1.0107,-0.0666,1.026,-2.0,0.9403,1051
2019,colorado-buffaloes,-0.114,0.1033,-0.0217,0.0902,-0.0542,0.0918,-2.5,1.8619,-0.417,1.8439,16
2019,florida-atlantic-owls,-0.1172,0.1066,-0.0188,0.1003,-0.0607,0.1086,-2.55,1.9595,-0.2938,2.0005,20
2019,florida-gators,0.0542,0.271,-0.279,0.2907,-0.2222,0.2836,0.5404,1.9447,-2.0,1.8845,1051
2019,fresno-state-bulldogs,-0.1843,0.0761,-0.0932,0.0703,-0.0932,0.0703,-4.0,1.4142,-2.0,1.4142,2
2019,georgia-bulldogs,0.0888,0.333,-0.5267,0.4906,-0.424,0.4455,0.3796,1.1594,-2.0,1.1097,1051
2019,indiana-hoosiers,-0.0787,0.086,-0.0218,0.0917,-0.0281,0.1009,-1.7143,1.6952,-0.402,1.9065,70
2019,iowa-hawkeyes,-0.0328,0.152,-0.119,0.1515,-0.1178,0.1547,-0.4168,2.3971,-1.7855,2.3022,986
2019,iowa-state-cyclones,-0.111,0.1797,-0.0574,0.1718,-0.0769,0.1745,-2.1022,2.6898,-0.8994,2.4445,225
2019,kansas-state-wildcats,-0.0867,0.1432,-0.0683,0.1252,-0.087,0.1273,-1.6904,2.6275,-1.2131,2.2385,239
2019,louisiana-tech-bulldogs,-0.0978,0.0679,-0.0235,0.0623,-0.0169,0.0634,-2.2353,1.3933,-0.5,1.3891,17
2019,lsu-tigers,0.1906,0.6916,-1.2195,0.983,-1.149,0.9515,0.2912,1.1617,-2.0001,1.0509,1051
2019,maryland-terrapins,0.0179,0.1246,-0.0567,0.1272,-0.0582,0.1273,0.5,2.4014,-0.971,2.4014,46
2019,memphis-tigers,-0.0381,0.1526,-0.1071,0.1543,-0.1236,0.1552,-0.6194,2.4241,-1.6197,2.1689,607
2019,miami-fl-hurricanes,-0.2659,0.2714,-0.013,0.2208,0.022,0.2152,-4.7059,3.8204,0.2286,3.6788,17
2019,michigan-state-spartans,-0.0694,0.2264,-0.1017,0.2266,-0.1203,0.2325,-0.9959,3.4766,-1.3304,3.1288,243
2019,michigan-wolverines,0.0006,0.2295,-0.1856,0.2543,-0.1707,0.2456,0.1024,2.3965,-1.8894,2.3322,1016
2019,minnesota-golden-gophers,-0.0029,0.2306,-0.1908,0.248,-0.1545,0.2398,0.0031,2.509,-1.8649,2.3894,645
2019,mississippi-state-bulldogs,-0.2085,0.1402,-0.0521,0.1227,-0.0655,0.1228,-4.2222,2.3365,-0.9101,2.3359,54
2019,missouri-tigers,-0.1357,0.2122,-0.0601,0.1672,-0.088,0.1865,-2.42,3.6019,-0.9004,2.8665,100
2019,navy-midshipmen,-0.0177,0.0982,-0.0677,0.0936,-0.0648,0.0912,-0.3284,1.8348,-1.3273,1.629,338
2019,nebraska-cornhuskers,-0.1534,0.1838,-0.0462,0.1688,-0.0776,0.1704,-2.8182,2.8027,-0.6174,2.7908,55
2019,north-carolina-tar-heels,-0.1279,0.0896,-0.0353,0.0827,-0.0627,0.0845,-2.8235,1.6672,-0.6985,1.6672,17
2019,northwestern-wildcats,-0.1548,0.1649,-0.0406,0.1496,-0.1104,0.1586,-3.15,2.4979,-0.605,2.4979,20
2019,notre-dame-fighting-irish,0.0648,0.2233,-0.2126,0.2298,-0.2042,0.2285,0.6984,1.9672,-1.9929,1.8749,1051
2019,ohio-state-buckeyes,-0.2059,0.7159,-0.9668,1.0483,-0.9424,1.0683,-0.1361,1.2805,-2.0,1.1968,1051
2019,oklahoma-sooners,-0.0723,0.2863,-0.4176,0.3442,-0.434,0.3531,-0.2207,1.306,-1.9999,1.2574,1051
2019,oklahoma-state-cowboys,-0.0428,0.1242,-0.0574,0.1035,-0.0567,0.1038,-0.8493,2.3984,-1.0996,1.9341,272
2019,oregon-ducks,-0.0015,0.2392,-0.2455,0.267,-0.2456,0.2625,0.0438,2.0614,-1.9754,1.9599,1051
2019,penn-state-nittany-lions,0.0025,0.2112,-0.2417,0.2286,-0.2356,0.2322,0.1524,2.1026,-1.9631,2.0213,1050
2019,pittsburgh-panthers,-0.0917,0.0524,-0.0383,0.0469,-0.0439,0.0476,-2.1333,1.1255,-0.8667,1.0601,15
2019,san-diego-state-aztecs,-0.083,0.05,-0.0223,0.0453,-0.0369,0.0467,-1.9462,1.0359,-0.5005,1.0077,93
2019,south-carolina-gamecocks,-0.2416,0.172,-0.0293,0.1543,-0.0293,0.1543,-4.75,2.9861,-0.5,3.1091,4
2019,southern-methodist-mustangs,-0.0311,0.1356,-0.0894,0.1293,-0.0923,0.1291,-0.6089,2.4196,-1.4848,2.0556,537
2019,stanford-cardinal,-0.113,0.1411,-0.072,0.1276,-0.0937,0.1324,-2.1667,2.4885,-1.2972,2.2623,78
2019,syracuse-orange,-0.038,0.1572,-0.0702,0.1549,-0.0666,0.1549,-0.5,2.7325,-1.1278,2.6542,90
2019,tcu-horned-frogs,-0.2766,0.2926,-0.0472,0.2471,-0.098,0.2529,-4.7321,3.8019,-0.3085,3.7486,56
2019,temple-owls,-0.121,0.0743,-0.0275,0.0683,0.0009,0.0679,-2.7143,1.4899,-0.5571,1.4805,14
2019,tennessee-volunteers,-0.0843,0.0369,-0.0426,0.0355,-0.0426,0.0355,-2.0,0.8165,-1.0,0.8165,4
2019,texas-am-aggies,-0.0981,0.2483,-0.1301,0.2556,-0.1384,0.2583,-1.3621,3.1752,-1.4146,2.9166,428
2019,texas-longhorns,-0.0411,0.2701,-0.1964,0.3039,-0.2034,0.3031,-0.2018,2.4535,-1.7655,2.4142,664
2019,tulane-green-wave,-0.1066,0.0669,-0.0275,0.0636,-0.0375,0.074,-2.4242,1.37,-0.577,1.3963,33
2019,uab-blazers,-0.1304,,-0.087,,-0.087,,-3.0,,-2.0,,1
2019,ucf-knights,-0.0209,0.1729,-0.0954,0.1763,-0.104,0.1775,-0.2714,2.7597,-1.3373,2.5947,420
2019,usc-trojans,-0.0653,0.1096,-0.054,0.1056,-0.069,0.1083,-1.2596,2.0414,-1.0124,1.9815,235
2019,utah-state-aggies,-0.2042,0.2322,0.0426,0.2091,0.0426,0.2091,-4.0,4.2426,1.0,4.2426,2
2019,utah-utes,0.0159,0.2411,-0.2289,0.2648,-0.2078,0.2611,0.3486,2.258,-1.9409,2.1988,1050
2019,virginia-cavaliers,-0.0437,0.1443,-0.0556,0.1308,-0.0685,0.1337,-0.8447,2.7065,-0.9236,2.3588,425
2019,virginia-tech-hokies,-0.0416,0.0778,-0.0549,0.0615,-0.0646,0.0632,-0.8919,1.6681,-1.1829,1.3134,74
2019,wake-forest-demon-deacons,-0.0528,0.1264,-0.0689,0.1175,-0.0846,0.1179,-1.023,2.427,-1.2468,2.1608,304
2019,washington-huskies,-0.0259,0.1857,-0.1149,0.1861,-0.1185,0.1849,-0.3969,2.7775,-1.4833,2.4943,393
2019,washington-state-cougars,-0.0511,0.1612,-0.0895,0.1647,-0.1075,0.1694,-0.7636,2.5136,-1.436,2.4536,220
2019,west-virginia-mountaineers,-0.1304,,-0.087,,-0.087,,-3.0,,-2.0,,1
2019,wisconsin-badgers,0.0083,0.2077,-0.2006,0.2281,-0.1775,0.2296,0.2584,2.3247,-1.9471,2.2924,1037
2020,air-force-falcons,-0.1908,0.1109,-0.0435,0.0955,-0.0435,0.0955,-4.0,2.0817,-0.8571,2.0354,7
2020,alabama-crimson-tide,-0.0181,0.3076,-1.5242,0.6753,-1.518,0.7032,0.0247,0.4224,-1.9999,0.3915,1051
2020,appalachian-state-mountaineers,-0.1398,0.1288,-0.0651,0.1184,-0.0844,0.1232,-2.7901,2.1489,-1.2006,2.1196,81
2020,arizona-state-sun-devils,-0.2332,0.1973,-0.0364,0.125,-0.0471,0.1236,-4.4444,3.105,-0.5185,2.3611,27
2020,arkansas-razorbacks,-0.1443,0.1634,0.005,0.1351,0.0094,0.133,-2.9286,2.6736,0.1191,2.5607,14
2020,arkansas-state-red-wolves,-0.1148,0.1066,-0.0122,0.0965,-0.0523,0.0979,-2.5,1.9442,-0.1397,1.9099,26
2020,army-west-point-black-knights,-0.1159,0.1527,-0.0622,0.145,-0.0838,0.1517,-2.2081,2.5659,-1.0253,2.4309,197
2020,auburn-tigers,-0.006,0.3219,-0.1882,0.3377,-0.1699,0.3221,-0.246,3.2866,-1.5625,2.8998,569
2020,ball-state-cardinals,-0.0138,0.0573,-0.0652,0.0588,-0.0587,0.0586,-0.2679,1.243,-1.4139,1.243,56
2020,baylor-bears,-0.1863,0.168,-0.0485,0.1454,-0.0821,0.1514,-3.726,2.5834,-0.7636,2.5228,73
2020,boise-state-broncos,-0.1143,0.1542,-0.0481,0.1459,-0.0823,0.1527,-2.1969,2.7575,-0.7366,2.6188,127
2020,boston-college-eagles,-0.1402,0.0797,-0.0459,0.0721,-0.0617,0.072,-3.0952,1.5461,-0.9524,1.5117,21
2020,buffalo-bulls,-0.065,0.1006,-0.0278,0.0941,-0.0484,0.0973,-1.3529,1.9917,-0.4924,1.8886,153
2020,byu-cougars,-0.0186,0.3153,-0.2224,0.3494,-0.2253,0.3543,0.1027,2.8921,-1.8321,2.7687,964
2020,california-golden-bears,-0.1636,0.1103,-0.0647,0.1001,-0.0647,0.1001,-3.5,1.9748,-1.3333,2.0656,6
2020,cincinnati-bearcats,0.0009,0.2832,-0.2896,0.3005,-0.2791,0.3116,0.311,2.3066,-1.9255,2.196,1032
2020,clemson-tigers,0.0971,0.4019,-1.2979,0.8104,-1.2125,0.7342,0.0885,0.5862,-2.0,0.5189,1051
2020,coastal-carolina-chanticleers,0.0373,0.2303,-0.1605,0.2334,-0.1278,0.2255,0.5783,2.8992,-1.7598,2.566,683
2020,colorado-buffaloes,-0.024,0.1205,-0.0743,0.1243,-0.0992,0.126,-0.3934,2.2897,-1.3314,2.2348,61
2020,florida-atlantic-owls,-0.2381,,-0.0952,,-0.0952,,-5.0,,-2.0,,1
2020,florida-gators,0.0758,0.2889,-0.3326,0.3045,-0.3058,0.3036,0.5167,1.8285,-1.9999,1.7588,1051
2020,florida-state-seminoles,-0.139,0.1401,-0.0041,0.1288,-0.0041,0.1288,-3.0,2.8284,0.0,2.8284,2
2020,georgia-bulldogs,0.0554,0.3168,-0.3952,0.3909,-0.3604,0.3817,0.2464,1.6662,-1.9999,1.5721,1051
2020,georgia-tech-yellow-jackets,-0.1977,0.2489,0.0056,0.2141,-0.0567,0.222,-3.6316,3.4191,0.5904,3.4191,19
2020,houston-cougars,-0.2381,,-0.0952,,-0.0952,,-5.0,,-2.0,,1
2020,indiana-hoosiers,0.0583,0.1963,-0.2121,0.1972,-0.1852,0.1963,0.5816,2.0124,-1.9248,1.9359,619
2020,iowa-hawkeyes,-0.0406,0.1478,-0.1051,0.1438,-0.1089,0.145,-0.7171,2.5249,-1.6489,2.1793,350
2020,iowa-state-cyclones,0.0073,0.1891,-0.1506,0.1948,-0.1456,0.1951,0.1341,2.5721,-1.7138,2.416,798
2020,kansas-state-wildcats,-0.1484,0.4201,-0.1349,0.3787,-0.171,0.3903,-1.7678,4.3924,-1.3425,3.7751,211
2020,kentucky-wildcats,-0.1234,0.1736,-0.0616,0.166,-0.0781,0.1721,-2.1538,2.8276,-0.9104,2.8078,104
2020,liberty-flames,-0.0604,0.167,-0.0682,0.1618,-0.0796,0.1647,-1.0023,2.8445,-1.0419,2.6084,429
2020,louisiana-lafayette-ragin-cajuns,-0.0703,0.2012,-0.094,0.2008,-0.1106,0.2048,-1.0767,3.0742,-1.2644,2.8216,730
2020,louisville-cardinals,-0.0611,0.1984,-0.0829,0.1864,-0.0918,0.1884,-0.9767,3.3183,-1.1576,2.9802,86
2020,lsu-tigers,-0.1376,0.7418,-0.4704,0.9652,-0.4485,0.9446,-0.1684,3.3522,-1.8028,3.2507,291
2020,marshall-thundering-herd,-0.0061,0.1993,-0.0881,0.1772,-0.0704,0.1756,-0.1651,3.2852,-1.2234,2.8472,545
2020,maryland-terrapins,-0.1304,,-0.087,,-0.087,,-3.0,,-2.0,,1
2020,memphis-tigers,-0.0606,0.2118,-0.0802,0.1535,-0.0739,0.1512,-1.2618,3.6501,-1.2096,2.6232,233
2020,miami-fl-hurricanes,0.0167,0.2649,-0.2112,0.2823,-0.2106,0.2783,0.2931,2.4544,-1.9419,2.2958,993
2020,michigan-wolverines,-0.1074,0.2452,-0.1515,0.2481,-0.1673,0.2539,-1.3195,3.0219,-1.8506,2.8737,338
2020,minnesota-golden-gophers,-0.1882,0.3222,-0.1059,0.2837,-0.1661,0.3011,-2.7207,4.1095,-1.1671,3.6622,179
2020,mississippi-state-bulldogs,-0.2304,0.4609,-0.175,0.4674,-0.1784,0.4647,-2.4699,4.538,-1.2747,4.2917,83
2020,missouri-tigers,-0.1207,0.059,-0.0614,0.058,-0.0614,0.058,-2.75,1.2583,-1.375,1.315,4
2020,navy-midshipmen,-0.3,,-0.1,,-0.1,,-6.0,,-2.0,,1
2020,north-carolina-state-wolfpack,-0.1171,0.1236,-0.0525,0.1094,-0.0698,0.1169,-2.3894,2.1304,-0.9933,2.0234,208
2020,north-carolina-tar-heels,0.0133,0.2479,-0.1591,0.2165,-0.1526,0.2094,-0.1422,2.8367,-1.734,2.3629,851
2020,north-dakota-state-bison,-0.1818,,-0.0909,,-0.0909,,-4.0,,-2.0,,1
2020,northwestern-wildcats,-0.0072,0.2183,-0.136,0.2124,-0.13,0.2109,-0.0735,2.9212,-1.5514,2.7143,517
2020,notre-dame-fighting-irish,0.0989,0.2817,-0.6203,0.4161,-0.565,0.3863,0.3454,1.1108,-2.0,0.9979,1051
2020,ohio-state-buckeyes,-0.2387,0.658,-0.8245,0.612,-0.8239,0.6471,-0.4949,1.3969,-1.9999,0.9893,891
2020,oklahoma-sooners,-0.001,0.269,-0.2594,0.324,-0.2331,0.289,-0.2066,2.4648,-1.7815,2.2484,881
2020,oklahoma-state-cowboys,0.0073,0.2948,-0.1981,0.2959,-0.1886,0.2846,-0.0592,2.9099,-1.8307,2.6839,929
2020,ole-miss-rebels,-0.5896,0.9317,-0.0889,0.1193,-0.0889,0.1193,-6.6,6.5803,-1.2,1.7889,5
2020,oregon-ducks,-0.1904,0.425,-0.2677,0.4087,-0.25,0.4098,-1.2935,3.2356,-1.8808,2.9719,644
2020,penn-state-nittany-lions,-0.0801,0.3268,-0.299,0.3448,-0.2615,0.3403,-0.4762,2.611,-1.9816,2.2337,336
2020,pittsburgh-panthers,-0.1182,0.1903,-0.0613,0.1631,-0.0623,0.1627,-2.0694,3.2011,-0.93,2.8106,144
2020,purdue-boilermakers,-0.1615,0.1077,-0.0216,0.0987,-0.0147,0.0962,-3.4444,2.0683,-0.3702,2.0979,9
2020,san-diego-state-aztecs,-0.0668,0.0402,-0.0257,0.0387,-0.0257,0.0387,-1.6,0.8944,-0.6,0.8944,5
2020,san-jose-state-spartans,-0.0295,0.1457,-0.0434,0.1472,-0.0548,0.1462,-0.5119,2.5827,-0.6131,2.4323,168
2020,south-carolina-gamecocks,-0.2042,0.2322,0.0426,0.2091,0.0426,0.2091,-4.0,4.2426,1.0,4.2426,2
2020,south-florida-bulls,-0.3,,-0.1,,-0.1,,-6.0,,-2.0,,1
2020,southern-methodist-mustangs,-0.0597,0.2616,-0.1075,0.2684,-0.1379,0.2787,-0.6429,3.5212,-1.2383,3.3365,392
2020,tcu-horned-frogs,-0.1965,0.1343,-0.0496,0.1088,-0.0443,0.1115,-4.02,2.2812,-0.888,2.1072,50
2020,tennessee-volunteers,-0.0328,0.3141,-0.1551,0.3161,-0.1564,0.3183,-0.1038,3.7667,-1.7253,3.4869,318
2020,texas-am-aggies,0.0668,0.2997,-0.3294,0.3261,-0.2927,0.3229,0.4742,2.231,-1.9629,2.0649,1029
2020,texas-longhorns,-0.003,0.2127,-0.1329,0.217,-0.1291,0.2104,-0.025,2.6947,-1.5814,2.503,719
2020,texas-tech-red-raiders,-0.2381,0.0,-0.0952,0.0,-0.0952,0.0,-5.0,0.0,-2.0,0.0,2
2020,tulsa-golden-hurricane,-0.0795,0.1838,-0.0609,0.1581,-0.0725,0.1582,-1.4161,3.016,-0.9456,2.6015,435
2020,uab-blazers,-0.3059,0.4575,-0.0619,0.3732,-0.1116,0.4305,-4.6667,4.4197,-0.4762,4.4101,21
2020,ucf-knights,0.0369,0.2566,-0.122,0.2068,-0.0844,0.1989,0.1364,3.4609,-1.4454,2.7459,286
2020,usc-trojans,-0.0722,0.244,-0.1186,0.2269,-0.1282,0.2283,-0.9023,3.4281,-1.5254,3.0992,696
2020,utah-utes,-0.1773,0.2534,-0.0507,0.1728,-0.0485,0.1732,-3.0488,4.1955,-0.6905,3.0852,82
2020,virginia-cavaliers,-0.2236,0.2063,-0.0423,0.1544,-0.0708,0.1588,-4.25,3.1242,-0.6223,2.7721,24
2020,virginia-tech-hokies,-0.0972,0.2464,-0.0947,0.2334,-0.1175,0.2377,-1.3994,3.6435,-1.192,3.3069,318
2020,wake-forest-demon-deacons,-0.0935,0.0381,-0.0514,0.0366,-0.0514,0.0366,-2.2,0.8367,-1.2,0.8367,5
2020,washington-huskies,-0.1555,0.1689,-0.0531,0.1302,-0.0625,0.132,-2.9655,2.9431,-0.9469,2.4314,87
2020,west-virginia-mountaineers,-0.2176,0.1822,-0.0343,0.1571,-0.0439,0.1597,-4.2273,2.8652,-0.4369,2.8809,66
2020,wisconsin-badgers,-0.0797,0.3338,-0.2077,0.3287,-0.2208,0.3327,-0.7031,3.2928,-1.9223,2.9598,667
2021,air-force-falcons,-0.0899,0.0437,-0.0269,0.0413,-0.0269,0.0413,-2.1111,0.928,-0.6111,0.928,9
2021,alabama-crimson-tide,0.0805,0.4424,-1.2834,0.8055,-1.2402,0.7488,0.1733,0.9379,-2.0,0.9021,998
2021,appalachian-state-mountaineers,-0.1222,0.0955,-0.006,0.0874,-0.0065,0.0891,-2.678,1.833,-0.0556,1.8621,59
2021,arizona-state-sun-devils,-0.0567,0.2044,-0.0857,0.1903,-0.105,0.1953,-0.883,3.2212,-1.2686,2.8536,265
2021,arkansas-razorbacks,-0.0435,0.2444,-0.1157,0.2592,-0.1308,0.2739,-0.6281,3.4124,-1.2113,2.9939,605
2021,army-west-point-black-knights,-0.099,0.0272,-0.0568,0.0261,-0.0568,0.0261,-2.3333,0.5774,-1.3333,0.5774,3
2021,auburn-tigers,-0.0281,0.2101,-0.1038,0.1941,-0.1267,0.1949,-0.3988,3.3194,-1.3865,2.8653,484
2021,ball-state-cardinals,-0.0945,0.0697,-0.0095,0.0651,-0.0095,0.0651,-2.1667,1.472,-0.1667,1.472,6
2021,baylor-bears,0.0036,0.1789,-0.1993,0.2142,-0.1995,0.2016,0.0762,2.2337,-1.7912,2.0309,630
2021,boise-state-broncos,-0.0734,0.0431,-0.0322,0.0415,-0.0322,0.0415,-1.75,0.9574,-0.75,0.9574,4
2021,boston-college-eagles,-0.1593,0.1091,-0.0503,0.0994,-0.0793,0.1049,-3.4,1.9149,-0.98,1.9337,25
2021,byu-cougars,0.0241,0.2032,-0.1484,0.2006,-0.1271,0.2004,0.419,2.7811,-1.7621,2.5847,747
2021,cincinnati-bearcats,0.0551,0.4882,-0.644,0.5535,-0.6044,0.5621,0.2665,1.6227,-2.0,1.4627,998
2021,clemson-tigers,-0.0367,0.36,-0.2874,0.5558,-0.279,0.547,-0.3078,2.8144,-1.4749,2.319,562
2021,coastal-carolina-chanticleers,-0.0297,0.247,-0.1146,0.2455,-0.1096,0.2467,-0.136,3.3243,-1.3255,3.2024,603
2021,florida-gators,-0.0473,0.3138,-0.1985,0.3424,-0.1952,0.3454,-0.1142,3.1076,-1.7076,3.089,429
2021,florida-state-seminoles,-0.0852,0.0639,-0.0435,0.0615,-0.0435,0.0615,-2.0,1.4142,-1.0,1.4142,2
2021,fresno-state-bulldogs,-0.0357,0.1514,-0.0856,0.1286,-0.0862,0.1331,-0.6906,2.7945,-1.4676,2.2632,139
2021,georgia-bulldogs,-0.0378,0.3051,-1.5614,0.6646,-1.5568,0.6709,-0.0361,0.4873,-1.9999,0.4523,998
2021,houston-cougars,-0.0183,0.2266,-0.1161,0.2274,-0.1193,0.2287,0.0,3.3177,-1.5014,3.1931,420
2021,indiana-hoosiers,-0.065,0.2449,-0.1207,0.2507,-0.1426,0.2547,-0.8659,3.579,-1.4845,3.2658,82
2021,iowa-hawkeyes,0.0187,0.298,-0.3084,0.3874,-0.3031,0.3816,0.1462,2.5457,-1.8221,2.4491,951
2021,iowa-state-cyclones,0.0347,0.2639,-0.1885,0.2738,-0.1438,0.2622,0.4061,3.1039,-1.6928,2.8046,330
2021,kansas-state-wildcats,-0.1414,0.1637,-0.0371,0.1461,-0.0726,0.1527,-2.7857,2.5847,-0.5423,2.5751,56
2021,kentucky-wildcats,-0.0422,0.2158,-0.1424,0.226,-0.1261,0.2231,-0.5339,2.8446,-1.6516,2.5776,457
2021,liberty-flames,-0.2061,0.1821,-0.0163,0.1663,-0.0555,0.1715,-4.02,2.889,-0.0562,3.0442,50
2021,louisiana-lafayette-ragin-cajuns,-0.0459,0.2043,-0.0785,0.1838,-0.0707,0.1844,-0.7995,3.2938,-1.1329,2.8956,434
2021,louisville-cardinals,-0.1304,,-0.087,,-0.087,,-3.0,,-2.0,,1
2021,lsu-tigers,-0.0863,0.2487,-0.1174,0.2597,-0.1346,0.2612,-1.2959,3.5673,-1.3057,3.2173,98
2021,maryland-terrapins,-0.1723,0.125,-0.0272,0.1135,-0.0224,0.1153,-3.5897,2.2445,-0.4297,2.2658,39
2021,miami-fl-hurricanes,-0.0477,0.2589,-0.1155,0.2472,-0.1311,0.2488,-0.763,3.6777,-1.3972,3.1384,135
2021,michigan-state-spartans,-0.0056,0.2777,-0.2565,0.3218,-0.2363,0.3308,0.1727,2.3059,-1.944,2.1369,822
2021,michigan-wolverines,0.0167,0.3034,-0.4036,0.4637,-0.3735,0.4383,-0.0816,1.9737,-1.9162,1.7148,858
2021,minnesota-golden-gophers,-0.1403,0.1177,-0.0167,0.1034,-0.0062,0.1047,-2.9828,2.148,-0.244,2.1046,58
2021,mississippi-state-bulldogs,-0.1648,0.1401,-0.0177,0.1247,-0.0467,0.1249,-3.4032,2.3502,-0.2178,2.3937,62
2021,nevada-wolf-pack,-0.1702,0.0993,-0.0475,0.0798,-0.0443,0.0811,-3.625,1.9621,-0.95,1.7259,16
2021,north-carolina-state-wolfpack,-0.0675,0.1633,-0.0764,0.1453,-0.0895,0.1476,-1.2135,2.8649,-1.2488,2.4893,562
2021,north-carolina-tar-heels,-0.056,0.2045,-0.125,0.221,-0.1339,0.2171,-0.8173,2.7898,-1.3876,2.6723,208
2021,northwestern-wildcats,-0.0852,0.0522,-0.0435,0.0502,-0.0435,0.0502,-2.0,1.1547,-1.0,1.1547,4
2021,notre-dame-fighting-irish,0.046,0.2497,-0.2707,0.262,-0.2356,0.2603,0.477,2.1228,-2.0,2.0451,998
2021,ohio-state-buckeyes,0.0028,0.3978,-0.452,0.4796,-0.4482,0.5012,0.1683,1.5841,-2.0,1.3917,998
2021,oklahoma-sooners,0.0216,0.417,-0.522,0.57,-0.4764,0.5621,0.1263,1.6118,-2.0001,1.5346,998
2021,oklahoma-state-cowboys,-0.0294,0.3074,-0.2535,0.3493,-0.2651,0.3679,-0.0605,2.4921,-1.8854,2.1425,794
2021,ole-miss-rebels,0.0052,0.1868,-0.1857,0.1971,-0.1894,0.1976,0.0988,2.162,-1.8869,2.0174,951
2021,oregon-ducks,0.0127,0.3255,-0.3593,0.3808,-0.3041,0.3676,0.1844,2.3498,-1.9464,2.2195,987
2021,oregon-state-beavers,-0.121,0.1375,0.085,0.1426,0.085,0.1426,-2.5333,2.3865,1.7333,2.8402,15
2021,penn-state-nittany-lions,0.0196,0.3301,-0.2937,0.3722,-0.2807,0.3649,-0.0886,2.7795,-1.8456,2.4563,643
2021,pittsburgh-panthers,-0.0436,0.1718,-0.119,0.1632,-0.1225,0.1655,-0.697,2.7027,-1.6817,2.3224,495
2021,purdue-boilermakers,-0.1951,0.1843,-0.0356,0.1585,-0.0546,0.1622,-3.7907,2.8661,-0.4663,2.8267,86
2021,rutgers-scarlet-knights,-0.3,,-0.1,,-0.1,,-6.0,,-2.0,,1
2021,san-diego-state-aztecs,-0.0815,0.1541,-0.0511,0.1508,-0.0729,0.1529,-1.5057,2.6593,-0.7631,2.5528,522
2021,southern-methodist-mustangs,-0.0723,0.1234,-0.0695,0.1251,-0.0774,0.1238,-1.2797,2.2444,-1.1859,2.2561,286
2021,stanford-cardinal,-0.1589,0.1015,-0.0786,0.0753,-0.0868,0.074,-3.4286,1.8127,-1.6669,1.4907,7
2021,tcu-horned-frogs,-0.1908,0.1708,-0.0148,0.145,-0.0286,0.1459,-3.7831,2.7321,-0.0589,2.6495,83
2021,texas-am-aggies,-0.0134,0.2664,-0.2225,0.3071,-0.1868,0.2835,-0.0976,2.6679,-1.8318,2.382,850
2021,texas-longhorns,-0.0865,0.1876,-0.098,0.1824,-0.1042,0.1808,-1.4519,3.0315,-1.3787,2.6982,239
2021,texas-tech-red-raiders,-0.1319,0.0493,-0.0732,0.0274,-0.0732,0.0274,-3.0,1.0,-1.6667,0.5774,3
2021,uab-blazers,-0.2381,,-0.0952,,-0.0952,,-5.0,,-2.0,,1
2021,ucf-knights,-0.2004,0.1979,-0.0534,0.1753,-0.0776,0.1794,-3.9091,2.7349,-0.7653,2.736,44
2021,ucla-bruins,-0.0514,0.3072,-0.1483,0.3298,-0.1406,0.3234,-0.3094,3.2143,-1.5376,3.1941,223
2021,usc-trojans,-0.0586,0.2778,-0.1749,0.2925,-0.1839,0.3011,-0.4752,3.2548,-1.8136,3.0613,141
2021,utah-state-aggies,-0.1168,0.1366,-0.0278,0.1288,-0.0693,0.1365,-2.3529,2.3488,-0.3769,2.3356,85
2021,utah-utes,-0.0195,0.2453,-0.1331,0.2405,-0.1307,0.2385,-0.2934,3.2179,-1.4383,2.899,409
2021,utsa-roadrunners,0.0155,0.1972,-0.1026,0.185,-0.0862,0.1783,0.0991,3.0427,-1.4821,2.545,434
2021,virginia-tech-hokies,-0.0086,0.1989,-0.109,0.1816,-0.1062,0.1798,-0.2074,3.1696,-1.529,2.7035,135
2021,wake-forest-demon-deacons,0.0014,0.1813,-0.1439,0.1761,-0.1251,0.1724,0.1499,2.6129,-1.8571,2.4085,707
2021,washington-huskies,-0.1566,0.4895,-0.1611,0.4911,-0.2177,0.5117,-1.2419,4.1555,-1.3149,4.1555,62
2021,west-virginia-mountaineers,-0.1554,0.084,-0.0627,0.0777,-0.0381,0.0806,-3.4,1.6733,-1.3336,1.6996,5
2021,wisconsin-badgers,-0.0554,0.2451,-0.1105,0.2278,-0.109,0.2295,-0.7957,3.59,-1.375,3.1144,470
2022,air-force-falcons,-0.1283,0.1067,-0.028,0.0912,-0.0412,0.0988,-2.7917,1.8411,-0.514,1.7638,24
2022,alabama-crimson-tide,0.0803,0.4842,-0.7992,0.8279,-0.7461,0.7739,0.1984,1.0184,-2.0,0.9651,1008
2022,appalachian-state-mountaineers,-0.2141,0.1977,-0.0315,0.1699,-0.0547,0.1734,-4.1282,2.9485,-0.3309,2.8986,39
2022,arkansas-razorbacks,-0.0307,0.33,-0.174,0.3196,-0.1542,0.3176,-0.3633,3.821,-1.6261,3.4819,311
2022,auburn-tigers,-0.9697,0.6823,-0.1515,0.0525,-0.1515,0.0525,-11.3333,6.3509,-2.0,0.0,3
2022,baylor-bears,0.0065,0.3093,-0.1723,0.2989,-0.1725,0.2945,0.1408,3.5808,-1.6787,3.2392,355
2022,boise-state-broncos,-0.1208,0.083,-0.0413,0.0781,-0.0533,0.0839,-2.6905,1.5693,-0.8601,1.607,42
2022,byu-cougars,-0.0663,0.2514,-0.1229,0.2495,-0.1383,0.2512,-0.8177,3.5401,-1.4067,3.129,351
2022,cincinnati-bearcats,-0.0972,0.1951,-0.071,0.1715,-0.0872,0.1737,-1.6383,3.0506,-1.0797,2.7827,470
2022,clemson-tigers,0.0428,0.3641,-0.3911,0.3993,-0.3604,0.4038,0.3373,2.0235,-1.9999,1.9275,1008
2022,coastal-carolina-chanticleers,-0.07,0.1038,-0.0522,0.0956,-0.0762,0.0989,-1.45,2.0297,-1.0234,1.8329,140
2022,duke-blue-devils,-0.101,0.0588,-0.0419,0.0513,-0.0586,0.0565,-2.3214,1.2188,-0.9357,1.1183,28
2022,florida-gators,-0.0655,0.3572,-0.143,0.3537,-0.1485,0.3498,-0.8159,4.4453,-1.3259,3.8609,201
2022,florida-state-seminoles,-0.0078,0.2661,-0.1254,0.2234,-0.1293,0.2252,-0.2905,3.458,-1.5337,2.7197,451
2022,fresno-state-bulldogs,-0.1016,0.0946,-0.035,0.0876,-0.0341,0.0874,-2.1467,1.9009,-0.6578,1.8175,75
2022,georgia-bulldogs,0.1809,0.6135,-1.7609,0.8024,-1.7398,0.8128,0.2004,0.6424,-2.0,0.5669,1008
2022,houston-cougars,-0.2146,0.2402,-0.0576,0.2154,-0.0819,0.2163,-3.641,3.4715,-0.5974,3.4774,78
2022,illinois-fighting-illini,0.0009,0.1387,-0.1049,0.1317,-0.1045,0.1308,-0.0137,2.4126,-1.6376,2.0895,291
2022,iowa-hawkeyes,-0.27,0.1967,-0.0608,0.1649,-0.0771,0.1666,-5.0909,2.9407,-0.8993,2.8656,33
2022,iowa-state-cyclones,-0.1818,,-0.0909,,-0.0909,,-4.0,,-2.0,,1
2022,james-madison-dukes,-0.1173,0.0918,-0.0191,0.08,-0.0372,0.0824,-2.5862,1.7872,-0.3382,1.6896,58
2022,kansas-jayhawks,-0.0572,0.1482,-0.0739,0.1439,-0.0839,0.1436,-1.0281,2.622,-1.1759,2.3557,178
2022,kansas-state-wildcats,-0.0597,0.2152,-0.1349,0.2202,-0.1428,0.2237,-0.6877,2.6948,-1.6362,2.6252,746
2022,kentucky-wildcats,0.0003,0.2298,-0.1666,0.2307,-0.1786,0.2312,-0.2022,2.7318,-1.7008,2.4386,539
2022,liberty-flames,-0.0135,0.1206,-0.0619,0.1141,-0.0668,0.112,-0.2333,2.3181,-1.0755,2.1131,120
2022,lsu-tigers,-0.0065,0.2378,-0.2057,0.228,-0.1947,0.2226,-0.3182,2.7005,-1.8563,2.2557,572
2022,marshall-thundering-herd,-0.186,0.2217,-0.0227,0.1941,-0.0944,0.2049,-3.5417,3.05,-0.0417,3.05,24
2022,maryland-terrapins,-0.1237,0.066,-0.0307,0.0641,-0.0351,0.0636,-2.7857,1.3432,-0.65,1.4211,28
2022,miami-fl-hurricanes,-0.0571,0.4421,-0.1898,0.4801,-0.1894,0.4761,-0.0909,4.2206,-1.49,4.0815,209
2022,michigan-state-spartans,-0.0224,0.3748,-0.1911,0.3914,-0.1194,0.3769,0.0574,4.1967,-1.5304,4.0057,209
2022,michigan-wolverines,0.0266,0.2814,-0.6158,0.373,-0.5714,0.3958,0.1528,1.1206,-2.0001,1.0109,1008
2022,minnesota-golden-gophers,-0.1563,0.297,-0.0551,0.2932,-0.0966,0.3353,-2.4019,3.7539,-0.3952,3.7738,107
2022,mississippi-state-bulldogs,-0.041,0.1286,-0.0758,0.1037,-0.0882,0.1077,-0.851,2.35,-1.3552,1.8395,302
2022,north-carolina-state-wolfpack,-0.0109,0.2514,-0.1378,0.2508,-0.1158,0.2448,-0.1537,3.0768,-1.5959,2.8543,709
2022,north-carolina-tar-heels,-0.0474,0.1924,-0.1082,0.171,-0.1061,0.1656,-0.7233,3.0014,-1.5186,2.4569,459
2022,notre-dame-fighting-irish,0.0405,0.2704,-0.1797,0.2873,-0.1595,0.2713,0.3366,2.6888,-1.7969,2.4163,514
2022,ohio-state-buckeyes,-0.1517,0.5044,-0.9998,0.7884,-1.039,0.8052,-0.1637,0.7417,-1.9999,0.6752,1008
2022,oklahoma-sooners,0.069,0.3819,-0.3146,0.3865,-0.2239,0.3755,0.623,3.0934,-1.8985,2.9797,313
2022,oklahoma-state-cowboys,0.0297,0.2832,-0.2352,0.2762,-0.1844,0.2702,0.359,2.6247,-1.9342,2.4421,663
2022,ole-miss-rebels,-0.0344,0.2248,-0.1813,0.234,-0.1673,0.235,-0.3367,2.7952,-1.774,2.7012,781
2022,oregon-ducks,0.0008,0.2081,-0.1983,0.2115,-0.1895,0.2111,0.0397,2.4291,-1.894,2.1325,931
2022,oregon-state-beavers,-0.1042,0.1653,-0.1064,0.1575,-0.1317,0.1675,-1.6016,2.2339,-1.525,2.0685,369
2022,penn-state-nittany-lions,-0.0203,0.2914,-0.2032,0.2842,-0.2102,0.2885,-0.1235,3.0092,-1.8256,2.6062,907
2022,pittsburgh-panthers,-0.0549,0.2374,-0.0873,0.2269,-0.0872,0.2265,-0.7552,3.5604,-1.1287,3.2062,286
2022,purdue-boilermakers,-0.1382,0.0942,-0.0396,0.0843,-0.058,0.0862,-3.0159,1.7459,-0.8029,1.7435,63
2022,south-alabama-jaguars,-0.1317,0.0883,-0.0316,0.0859,-0.0339,0.0959,-2.9,1.792,-0.633,1.8886,10
2022,south-carolina-gamecocks,-0.0508,0.1253,-0.0703,0.1276,-0.0757,0.1291,-0.9389,2.3048,-1.2182,2.2385,229
2022,syracuse-orange,0.0024,0.1656,-0.1083,0.1721,-0.1051,0.1724,0.1821,2.547,-1.5192,2.4683,291
2022,tcu-horned-frogs,0.0193,0.2241,-0.4607,0.3212,-0.437,0.2833,0.0435,1.1918,-1.9999,1.1482,690
2022,tennessee-volunteers,-0.0895,0.462,-0.5068,0.7442,-0.5146,0.7906,-0.2254,2.2829,-1.8931,1.954,954
2022,texas-am-aggies,-0.0297,0.3262,-0.2464,0.3653,-0.2562,0.3608,-0.6519,3.0383,-1.6126,2.7061,270
2022,texas-longhorns,-0.0878,0.2338,-0.0778,0.1896,-0.0954,0.1924,-1.3628,3.5133,-1.1322,2.9447,521
2022,texas-tech-red-raiders,-0.0977,0.0655,0.003,0.0593,0.003,0.0593,-2.2381,1.3381,0.119,1.3125,21
2022,troy-trojans,-0.0166,0.1137,-0.0541,0.084,-0.0588,0.083,-0.4529,2.3206,-1.0589,1.6796,170
2022,tulane-green-wave,-0.0086,0.1635,-0.1155,0.1695,-0.1067,0.1658,-0.1856,2.4131,-1.5674,2.2733,555
2022,ucf-knights,-0.0426,0.1237,-0.06,0.1146,-0.0833,0.1174,-0.8427,2.3262,-1.0176,2.0821,267
2022,ucla-bruins,0.006,0.1802,-0.1655,0.1862,-0.15,0.1874,0.1197,2.2795,-1.875,2.1992,685
2022,usc-trojans,0.0513,0.344,-0.3171,0.3662,-0.2717,0.3638,0.6337,2.5112,-1.9652,2.4615,1002
2022,utah-utes,0.0456,0.2829,-0.2114,0.2903,-0.1886,0.2929,0.743,2.9184,-1.9367,2.7957,996
2022,utsa-roadrunners,-0.0563,0.1104,-0.0495,0.0995,-0.0716,0.1025,-1.1657,2.1813,-0.9591,1.8501,169
2022,wake-forest-demon-deacons,-0.0569,0.2344,-0.1355,0.2225,-0.1543,0.2268,-0.6966,3.1376,-1.6298,2.8734,557
2022,washington-huskies,-0.0117,0.1906,-0.1644,0.2016,-0.1427,0.2028,-0.0764,2.4372,-1.7324,2.3729,537
2022,washington-state-cougars,-0.2232,0.236,-0.0151,0.2004,-0.0197,0.2079,-4.1481,3.2179,0.0484,3.2754,54
2022,wisconsin-badgers,-0.028,0.2759,-0.112,0.2729,-0.1444,0.277,0.0678,3.9951,-1.2536,3.7982,118
2023,air-force-falcons,-0.0012,0.1318,-0.0932,0.128,-0.1022,0.127,-0.0226,2.3978,-1.6018,2.1458,221
2023,alabama-crimson-tide,-0.031,0.2117,-0.3218,0.297,-0.3225,0.2933,-0.0743,1.3711,-2.0,1.3138,996
2023,arizona-wildcats,0.0149,0.1268,-0.1321,0.1342,-0.144,0.1353,0.2266,1.8401,-1.7954,1.7918,353
2023,arkansas-razorbacks,-0.2233,0.1753,-0.0625,0.155,-0.129,0.162,-4.3684,2.7931,-0.9895,2.813,19
2023,auburn-tigers,-0.1506,0.0793,-0.0462,0.0778,-0.0462,0.0778,-3.3333,1.5275,-1.0,1.7321,3
2023,baylor-bears,-0.1304,,-0.087,,-0.087,,-3.0,,-2.0,,1
2023,boise-state-broncos,-0.1092,0.0934,-0.0231,0.0868,-0.0665,0.0898,-2.4286,1.8127,-0.4286,1.8127,7
2023,clemson-tigers,-0.0809,0.2134,-0.1073,0.23,-0.0972,0.2118,-1.6569,2.8062,-1.1664,2.3465,274
2023,coastal-carolina-chanticleers,-0.1304,,-0.087,,-0.087,,-3.0,,-2.0,,1
2023,colorado-buffaloes,-0.0672,0.225,-0.1079,0.2269,-0.1413,0.234,-0.8289,3.0608,-1.4473,3.008,187
2023,duke-blue-devils,-0.0288,0.1802,-0.1155,0.1724,-0.1238,0.1762,-0.2854,2.7115,-1.7264,2.5231,494
2023,florida-gators,-0.0683,0.1283,-0.0686,0.1176,-0.0812,0.1202,-1.3152,2.2723,-1.2856,2.0404,92
2023,florida-state-seminoles,-0.167,0.6418,-0.6954,0.8494,-0.7083,0.8884,-0.1817,1.4312,-2.0001,1.4057,996
2023,fresno-state-bulldogs,-0.0763,0.0764,-0.0431,0.0677,-0.0685,0.0703,-1.696,1.5823,-0.9239,1.4127,125
2023,georgia-bulldogs,0.2364,0.6444,-1.7369,0.8394,-1.5494,0.7489,0.238,0.715,-2.0,0.6724,996
2023,iowa-hawkeyes,-0.0735,0.128,-0.0648,0.1116,-0.0718,0.1124,-1.4943,2.4052,-1.1602,2.0466,435
2023,james-madison-dukes,-0.0532,0.142,-0.0497,0.1284,-0.0642,0.13,-1.0963,2.6323,-0.8407,2.2215,405
2023,kansas-jayhawks,-0.0694,0.1224,-0.0749,0.1194,-0.082,0.1191,-1.2906,2.2417,-1.3294,2.0455,265
2023,kansas-state-wildcats,-0.0117,0.1891,-0.093,0.177,-0.0928,0.1765,-0.3206,3.0663,-1.3472,2.5389,496
2023,kentucky-wildcats,-0.0546,0.1304,-0.0708,0.1222,-0.0934,0.1243,-1.0833,2.4652,-1.2771,2.0999,120
2023,liberty-flames,-0.0347,0.1553,-0.0521,0.1427,-0.0615,0.1402,-0.6519,2.8102,-0.7979,2.4972,316
2023,louisville-cardinals,0.0138,0.1617,-0.1428,0.1634,-0.1174,0.1566,0.1543,2.3831,-1.7281,2.2428,661
2023,lsu-tigers,-0.0059,0.2246,-0.1774,0.2564,-0.1694,0.2638,-0.0218,2.5092,-1.8578,2.4264,962
2023,maryland-terrapins,-0.0775,0.0639,-0.0371,0.0622,-0.0562,0.0681,-1.75,1.3128,-0.7983,1.3136,48
2023,memphis-tigers,-0.102,0.0847,-0.0075,0.0785,-0.0164,0.0789,-2.2857,1.6838,-0.0857,1.6838,14
2023,miami-fl-hurricanes,-0.0385,0.1445,-0.1022,0.1552,-0.1268,0.1589,-0.539,2.3283,-1.5928,2.3775,269
2023,miami-oh-redhawks,-0.0719,0.0337,-0.0307,0.0324,-0.0307,0.0324,-1.7222,0.7519,-0.7222,0.7519,18
2023,michigan-wolverines,0.1222,0.6185,-1.2542,0.9188,-1.0849,0.8728,0.3404,1.0693,-2.0,1.022,996
2023,minnesota-golden-gophers,-0.0846,0.0452,-0.0429,0.0435,-0.0429,0.0435,-2.0,1.0,-1.0,1.0,3
2023,mississippi-state-bulldogs,-0.1818,,-0.0909,,-0.0909,,-4.0,,-2.0,,1
2023,missouri-tigers,0.0063,0.1513,-0.1568,0.164,-0.1377,0.1562,-0.0207,1.9419,-1.7712,1.8163,723
2023,north-carolina-state-wolfpack,-0.0168,0.1225,-0.0741,0.1163,-0.079,0.1179,-0.2959,2.3652,-1.334,2.1334,196
2023,north-carolina-tar-heels,-0.0205,0.1677,-0.1299,0.1732,-0.1118,0.1739,-0.2234,2.5601,-1.6783,2.429,658
2023,notre-dame-fighting-irish,0.0048,0.1873,-0.167,0.2082,-0.1549,0.21,0.1509,2.055,-1.8798,1.9637,974
2023,ohio-state-buckeyes,-0.0096,0.4858,-0.6576,0.6909,-0.6769,0.6979,0.1054,1.2838,-2.0001,1.2095,996
2023,oklahoma-sooners,-0.0015,0.2338,-0.214,0.3018,-0.2187,0.3159,0.1965,2.1296,-1.9105,2.1,977
2023,oklahoma-state-cowboys,-0.0193,0.152,-0.1075,0.1359,-0.1111,0.1342,-0.3634,2.5938,-1.7341,2.1764,344
2023,ole-miss-rebels,-0.0109,0.1388,-0.1642,0.1473,-0.1655,0.1483,-0.0297,1.872,-1.9138,1.7964,977
2023,oregon-ducks,0.0213,0.1716,-0.2739,0.1934,-0.2608,0.188,0.1747,1.3781,-2.0,1.3153,996
2023,oregon-state-beavers,0.0233,0.1618,-0.1411,0.1549,-0.1369,0.155,0.3508,2.3024,-1.8579,2.0658,918
2023,penn-state-nittany-lions,-0.0264,0.2541,-0.2986,0.2976,-0.2969,0.3117,0.0482,1.5958,-2.0,1.5475,996
2023,pittsburgh-panthers,-0.2,0.1622,0.0263,0.1457,0.0263,0.1457,-4.0,2.9665,0.6667,2.9777,6
2023,south-carolina-gamecocks,-0.1564,0.1141,-0.0288,0.1033,-0.0209,0.1029,-3.3182,2.1018,-0.4852,2.1018,22
2023,southern-methodist-mustangs,-0.0085,0.173,-0.0735,0.1407,-0.0744,0.1411,-0.2781,3.0815,-1.2169,2.3936,151
2023,syracuse-orange,-0.0863,0.0669,-0.0019,0.0625,-0.0019,0.0625,-2.0,1.4142,0.0,1.4142,4
2023,tcu-horned-frogs,0.0043,0.2341,-0.0874,0.2105,-0.1036,0.2143,0.0513,3.881,-1.1448,3.0998,78
2023,tennessee-volunteers,-0.0132,0.1824,-0.1263,0.1826,-0.1184,0.1774,-0.2333,2.6134,-1.629,2.3978,806
2023,texas-am-aggies,-0.1695,0.1903,-0.0589,0.1754,-0.0685,0.1751,-2.9184,3.0109,-0.7853,2.9708,98
2023,texas-longhorns,0.0567,0.4389,-0.4723,0.6596,-0.4344,0.6314,0.3996,1.5365,-2.0,1.4761,996
2023,texas-tech-red-raiders,-0.1904,0.2484,-0.0512,0.2208,-0.0985,0.2295,-3.6071,2.8589,-0.6071,2.8589,28
2023,toledo-rockets,-0.0514,0.0995,-0.0227,0.0924,-0.0474,0.0976,-1.0638,2.0256,-0.4229,1.8954,141
2023,troy-trojans,-0.1022,0.0797,-0.0129,0.0744,-0.0194,0.0741,-2.3,1.5884,-0.2175,1.599,40
2023,tulane-green-wave,-0.0452,0.1668,-0.0828,0.1584,-0.1065,0.1632,-0.7675,2.8081,-1.3091,2.4831,615
2023,ucla-bruins,-0.0317,0.1502,-0.0655,0.138,-0.092,0.1394,-0.5407,2.7231,-1.0878,2.4032,344
2023,unlv-rebels,-0.0963,0.0585,-0.0384,0.0554,-0.0541,0.0563,-2.2222,1.1875,-0.8519,1.1866,27
2023,usc-trojans,-0.0357,0.2872,-0.2881,0.3581,-0.2598,0.3396,-0.3934,2.1155,-1.7515,1.9516,610
2023,utah-utes,0.0001,0.1875,-0.1618,0.1838,-0.143,0.1797,0.1032,2.3627,-1.9223,2.0724,785
2023,utsa-roadrunners,-0.1051,0.0671,-0.0287,0.0637,-0.0211,0.0637,-2.3929,1.37,-0.6041,1.392,28
2023,washington-huskies,-0.1013,0.464,-0.5552,0.619,-0.582,0.6542,-0.1596,1.505,-2.0001,1.4527,996
2023,washington-state-cougars,-0.0137,0.1593,-0.1123,0.1693,-0.1428,0.1734,-0.0944,2.3771,-1.559,2.3664,286
2023,west-virginia-mountaineers,-0.1353,0.0869,-0.0399,0.077,-0.0542,0.0782,-2.9744,1.6778,-0.8069,1.6084,39
2023,wisconsin-badgers,-0.0171,0.1675,-0.0853,0.1673,-0.0777,0.1682,-0.2028,2.9445,-1.3138,2.7556,143
2023,wyoming-cowboys,-0.1231,0.0902,-0.0137,0.0836,-0.006,0.0842,-2.7222,1.6735,-0.2222,1.7407,18
2024,alabama-crimson-tide,0.1545,0.3173,-0.4921,0.3678,-0.4482,0.3633,0.6913,1.2292,-1.9999,1.2169,311
2024,arizona-wildcats,-0.0338,0.2048,-0.0962,0.2132,-0.1174,0.2172,-0.2934,2.8056,-1.4428,2.7551,167
2024,arkansas-razorbacks,-0.1304,,-0.087,,-0.087,,-3.0,,-2.0,,1
2024,auburn-tigers,-0.1162,0.0569,-0.0303,0.0525,-0.0303,0.0525,-2.6667,1.1547,-0.6667,1.1547,3
2024,boise-state-broncos,-0.1581,0.1664,-0.0267,0.1457,-0.061,0.1566,-3.1798,2.4843,-0.32,2.5058,89
2024,boston-college-eagles,-0.1565,0.1672,-0.028,0.1512,-0.0376,0.1684,-3.0429,2.7894,-0.2997,2.7353,70
2024,byu-cougars,-0.1361,0.1967,-0.122,0.1945,-0.1361,0.1967,-2.1698,2.8604,-1.9008,2.8604,53
2024,california-golden-bears,-0.2269,0.1252,-0.098,0.0813,-0.098,0.0813,-4.6667,2.0817,-2.0,1.5,3
2024,clemson-tigers,-0.0419,0.198,-0.1128,0.2016,-0.1159,0.2008,-0.626,3.0219,-1.5155,2.8384,262
2024,florida-state-seminoles,-0.0042,0.3304,-0.2756,0.3616,-0.2383,0.3546,0.3387,2.7338,-2.0003,2.7338,62
2024,georgia-bulldogs,0.045,0.5354,-1.7124,0.8425,-1.6217,0.8177,0.1029,0.6689,-2.0,0.6573,311
2024,georgia-tech-yellow-jackets,-0.0974,0.1445,-0.0535,0.1411,-0.0474,0.1408,-1.7353,2.6205,-0.8553,2.6205,34
2024,illinois-fighting-illini,-0.0862,0.1761,-0.0859,0.1752,-0.1135,0.1841,-1.5,2.8811,-1.3163,2.6042,124
2024,indiana-hoosiers,-0.1164,0.1208,0.0098,0.111,-0.0145,0.1109,-2.5,2.0469,0.3542,2.1244,30
2024,iowa-hawkeyes,-0.1018,0.2058,-0.0657,0.1877,-0.1057,0.1943,-1.7453,3.2923,-0.938,2.942,106
2024,iowa-state-cyclones,-0.0723,0.1878,-0.1154,0.1862,-0.1471,0.1889,-1.0056,2.9794,-1.712,2.7686,180
2024,james-madison-dukes,-0.0577,0.0501,0.0251,0.0469,0.0251,0.0469,-1.375,1.0607,0.625,1.0607,8
2024,kansas-jayhawks,-0.0156,0.1637,-0.0904,0.159,-0.1085,0.1647,-0.1364,2.8137,-1.4875,2.5761,110
2024,kansas-state-wildcats,-0.0254,0.1554,-0.1359,0.1589,-0.124,0.1552,-0.2833,2.1672,-1.8338,2.1013,293
2024,liberty-flames,-0.1217,0.1031,-0.0131,0.0994,-0.0336,0.1018,-2.6522,1.9214,-0.197,2.0527,23
2024,louisville-cardinals,-0.0213,0.1686,-0.1,0.1657,-0.1009,0.1647,-0.3052,2.8418,-1.532,2.5459,249
2024,lsu-tigers,0.0644,0.1797,-0.1392,0.1784,-0.1179,0.1754,1.1049,2.5318,-1.8856,2.4654,305
2024,memphis-tigers,-0.1348,0.1328,-0.0097,0.1262,-0.0449,0.1353,-2.7755,2.3118,-0.0373,2.4398,49
2024,miami-fl-hurricanes,-0.0777,0.4033,-0.2877,0.4169,-0.2553,0.411,-0.3627,2.9911,-1.955,2.8634,306
2024,michigan-wolverines,0.0486,0.2665,-0.1976,0.2966,-0.1795,0.3024,0.7318,2.6194,-1.9282,2.606,302
2024,missouri-tigers,0.0923,0.3539,-0.2734,0.3022,-0.2632,0.3012,0.6881,2.5239,-2.0,2.2258,311
2024,nebraska-cornhuskers,-0.0983,0.2076,-0.0631,0.1841,-0.096,0.1881,-1.598,3.1662,-0.9051,2.9654,102
2024,north-carolina-state-wolfpack,-0.0978,0.1957,-0.0394,0.1884,-0.0748,0.1948,-1.6053,2.9937,-0.4162,2.9872,76
2024,north-carolina-tar-heels,-0.2269,0.1252,-0.0944,0.0096,-0.0944,0.0096,-4.6667,2.0817,-2.0,0.0,3
2024,northern-illinois-huskies,-0.0893,0.1509,-0.0403,0.1352,-0.0608,0.1382,-1.6522,2.8119,-0.6168,2.5604,69
2024,notre-dame-fighting-irish,0.09,0.267,-0.2306,0.3239,-0.21,0.3326,0.9392,2.5795,-1.8249,2.5816,296
2024,ohio-state-buckeyes,-0.1527,0.5722,-1.069,0.8928,-1.1174,0.9155,-0.119,0.8242,-1.9998,0.8009,311
2024,oklahoma-sooners,-0.0257,0.2416,-0.1502,0.2524,-0.1532,0.2558,-0.1225,2.8158,-1.8642,2.7181,302
2024,oklahoma-state-cowboys,0.0109,0.1723,-0.1427,0.1719,-0.1519,0.1778,0.268,2.3637,-1.9456,2.2742,306
2024,ole-miss-rebels,-0.0058,0.3747,-0.4505,0.4105,-0.4194,0.4188,0.1865,1.7971,-2.0001,1.7439,311
2024,oregon-ducks,-0.0307,0.3789,-0.4148,0.4774,-0.4216,0.4621,0.0547,2.0097,-2.0003,1.9666,311
2024,penn-state-nittany-lions,-0.0103,0.2748,-0.2852,0.2943,-0.3102,0.3032,0.1125,1.9152,-1.9997,1.8155,311
2024,pittsburgh-panthers,-0.1099,0.0831,-0.0314,0.0776,-0.0672,0.0799,-2.4667,1.5523,-0.6337,1.5523,15
2024,south-carolina-gamecocks,-0.1584,0.1082,-0.0369,0.0991,-0.0369,0.0991,-3.4,2.0736,-0.7,2.0797,5
2024,southern-methodist-mustangs,-0.1345,0.0949,-0.0455,0.0878,-0.0652,0.0898,-2.9474,1.7151,-0.923,1.7414,19
2024,syracuse-orange,-0.1292,0.1032,-0.0285,0.0965,-0.0581,0.1067,-2.8095,1.8641,-0.5088,1.9015,42
2024,tennessee-volunteers,0.0587,0.3558,-0.3187,0.42,-0.2794,0.4075,0.5469,2.4997,-1.9722,2.3938,309
2024,texas-am-aggies,-0.1161,0.1846,-0.0459,0.1742,-0.0705,0.1754,-2.1511,2.995,-0.5666,2.7487,139
2024,texas-longhorns,0.1849,0.553,-1.1831,0.8623,-1.0177,0.7147,0.2058,0.7638,-2.0,0.6968,311
2024,toledo-rockets,-0.1319,0.0493,-0.0666,0.0464,-0.0666,0.0464,-3.0,1.0,-1.5,1.0,3
2024,tulane-green-wave,-0.21,0.0398,-0.0931,0.0031,-0.0931,0.0031,-4.5,0.7071,-2.0,0.0,2
2024,ucf-knights,-0.1304,,-0.087,,-0.087,,-3.0,,-2.0,,1
2024,unlv-rebels,-0.1533,0.1428,-0.0169,0.1278,-0.0155,0.1264,-3.1667,2.4319,-0.1863,2.4491,36
2024,usc-trojans,-0.0844,0.4495,-0.2195,0.4862,-0.2287,0.4892,-0.4152,2.6102,-1.8754,2.2475,289
2024,utah-utes,-0.1208,0.3761,-0.2665,0.3945,-0.3085,0.4101,-0.5916,2.7186,-2.0,2.5864,311
2024,utsa-roadrunners,-0.1362,0.0992,-0.0317,0.1029,-0.0317,0.1029,-3.0,2.0,-0.6667,2.3094,3
2024,vanderbilt-commodores,-0.123,0.1281,0.0564,0.1135,0.0564,0.1135,-2.6,2.4129,1.3,2.3711,10
2024,virginia-tech-hokies,-0.1674,0.1287,-0.0458,0.116,-0.0774,0.119,-3.5,2.1767,-0.808,2.1767,22
2024,washington-huskies,-0.1839,0.1648,0.002,0.15,-0.0116,0.1523,-3.6842,2.7091,0.1632,2.8715,19
2024,washington-state-cougars,-0.1217,0.0861,-0.0246,0.0817,-0.0268,0.0823,-2.6944,1.6873,-0.4647,1.7352,36
2024,west-virginia-mountaineers,-0.1248,0.0601,-0.0527,0.0562,-0.0816,0.0578,-2.8333,1.169,-1.1663,1.169,6
2024,wisconsin-badgers,-0.2347,0.1826,-0.0421,0.1253,-0.0421,0.1253,-4.5714,2.9358,-0.7143,2.4976,7
