season,team,bias1_mean,bias1_std,bias2_mean,bias2_std,bias3_mean,bias3_std
2014,air-force-falcons,-0.113,0.0936,-0.0095,0.0896,-0.0358,0.0877
2014,alabama-crimson-tide,0.2241,0.7347,-0.9025,0.946,-0.849,0.9708
2014,arizona-state-sun-devils,0.0017,0.2256,-0.1629,0.2311,-0.1504,0.2307
2014,arizona-wildcats,-0.0246,0.3141,-0.188,0.3483,-0.1894,0.3459
2014,arkansas-razorbacks,-0.1866,0.2407,-0.0309,0.1661,-0.0456,0.1669
2014,auburn-tigers,-0.0042,0.4433,-0.4772,0.6308,-0.4475,0.6567
2014,baylor-bears,-0.0207,0.3502,-0.3687,0.4192,-0.3479,0.4167
2014,boise-state-broncos,-0.0828,0.2033,-0.0918,0.2194,-0.1132,0.2257
2014,boston-college-eagles,-0.2626,0.1547,-0.047,0.1351,-0.0633,0.1393
2014,byu-cougars,-0.1,0.3096,-0.0872,0.2932,-0.122,0.3001
2014,cincinnati-bearcats,-0.1541,0.0929,-0.0322,0.0876,-0.0281,0.0868
2014,clemson-tigers,-0.0515,0.1955,-0.1021,0.1952,-0.129,0.1964
2014,colorado-state-rams,-0.0655,0.1253,-0.0357,0.1352,-0.038,0.1337
2014,duke-blue-devils,-0.1037,0.132,-0.0498,0.131,-0.0671,0.1361
2014,east-carolina-pirates,-0.0254,0.1545,-0.0881,0.153,-0.0902,0.1544
2014,florida-gators,-0.2113,0.1753,-0.0428,0.1542,-0.0729,0.157
2014,florida-state-seminoles,0.2726,0.9887,-1.5755,1.1003,-1.3851,1.021
2014,georgia-bulldogs,-0.0171,0.4319,-0.2734,0.5479,-0.2615,0.5465
2014,georgia-tech-yellow-jackets,-0.0051,0.17,-0.1472,0.179,-0.1493,0.178
2014,iowa-hawkeyes,-0.1972,0.1922,-0.0242,0.1787,-0.0325,0.1811
2014,kansas-state-wildcats,-0.0305,0.2323,-0.1694,0.2495,-0.169,0.2514
2014,kentucky-wildcats,-0.1797,0.1757,-0.0229,0.1545,-0.0422,0.1565
2014,louisville-cardinals,-0.0803,0.1889,-0.0772,0.1792,-0.1015,0.1861
2014,lsu-tigers,-0.0966,0.4902,-0.18,0.5059,-0.208,0.5342
2014,marshall-thundering-herd,-0.067,0.1733,-0.0469,0.1636,-0.0703,0.1713
2014,maryland-terrapins,-0.1304,,-0.087,,-0.087,
2014,memphis-tigers,-0.0871,0.0636,-0.0401,0.0591,-0.0392,0.0596
2014,miami-fl-hurricanes,-0.2396,0.1653,-0.0402,0.1314,-0.0402,0.1314
2014,michigan-state-spartans,0.0492,0.3275,-0.293,0.3602,-0.2637,0.3636
2014,michigan-wolverines,-0.1981,0.2071,-0.0128,0.1867,-0.0709,0.2097
2014,minnesota-golden-gophers,-0.0861,0.1077,-0.0495,0.0935,-0.07,0.0982
2014,mississippi-state-bulldogs,0.0889,0.5203,-0.9266,0.965,-0.8195,0.8713
2014,missouri-tigers,-0.0612,0.257,-0.1116,0.242,-0.1203,0.2425
2014,nebraska-cornhuskers,-0.0531,0.2059,-0.114,0.1954,-0.1142,0.1954
2014,north-carolina-tar-heels,-0.1647,0.1936,-0.0931,0.1685,-0.1366,0.1742
2014,north-dakota-state-bison,-0.1304,0.0,-0.087,0.0,-0.087,0.0
2014,northern-illinois-huskies,-0.0929,0.0638,-0.0081,0.0595,-0.0081,0.0595
2014,northwestern-wildcats,-0.1917,0.1532,-0.0045,0.135,-0.0045,0.135
2014,notre-dame-fighting-irish,0.056,0.3143,-0.2735,0.3422,-0.2271,0.3307
2014,ohio-state-buckeyes,0.0017,0.3139,-0.3727,0.5669,-0.376,0.5641
2014,oklahoma-sooners,-0.1207,0.572,-0.452,0.8259,-0.4329,0.8027
2014,oklahoma-state-cowboys,-0.0959,0.3227,-0.0947,0.2772,-0.1073,0.2817
2014,ole-miss-rebels,0.014,0.3222,-0.3189,0.4378,-0.2944,0.4384
2014,oregon-ducks,0.0034,0.6069,-0.8672,0.9309,-0.7881,0.8533
2014,oregon-state-beavers,-0.2457,0.1192,-0.1019,0.1054,-0.1019,0.1054
2014,penn-state-nittany-lions,-0.2418,0.2558,-0.0594,0.2188,-0.0939,0.2278
2014,pittsburgh-panthers,-0.2808,0.173,-0.0753,0.1394,-0.0753,0.1394
2014,rutgers-scarlet-knights,-0.1293,0.1,-0.0394,0.0604,-0.0394,0.0604
2014,south-carolina-gamecocks,-0.0601,0.3018,-0.173,0.3352,-0.1793,0.3344
2014,stanford-cardinal,-0.0567,0.4026,-0.1686,0.4237,-0.1769,0.421
2014,tcu-horned-frogs,-0.0946,0.4291,-0.424,0.5179,-0.4362,0.526
2014,tennessee-volunteers,-0.3936,0.2168,-0.125,0.1758,-0.125,0.1758
2014,texas-am-aggies,-0.1987,0.9959,-0.4934,1.2895,-0.5047,1.3164
2014,texas-longhorns,-0.211,0.1207,-0.0617,0.1026,-0.0702,0.1084
2014,texas-tech-red-raiders,-0.1297,0.0745,-0.059,0.0715,-0.0818,0.0705
2014,ucf-knights,-0.3143,0.3834,-0.089,0.311,-0.123,0.3202
2014,ucla-bruins,0.003,0.3458,-0.2032,0.3738,-0.1769,0.3646
2014,usc-trojans,-0.0434,0.2126,-0.1227,0.2306,-0.1371,0.2343
2014,utah-state-aggies,-0.1677,0.0783,-0.0553,0.071,-0.0553,0.071
2014,utah-utes,-0.0589,0.1668,-0.0883,0.1647,-0.0869,0.1651
2014,virginia-cavaliers,-0.1326,0.0696,-0.0455,0.0643,-0.0455,0.0643
2014,virginia-tech-hokies,-0.1504,0.3011,-0.1417,0.2942,-0.1024,0.2857
2014,washington-huskies,-0.1238,0.1038,-0.0222,0.1016,-0.0262,0.1032
2014,west-virginia-mountaineers,-0.1165,0.2305,-0.0768,0.2057,-0.0979,0.2154
2014,wisconsin-badgers,-0.0343,0.2292,-0.1448,0.2428,-0.1392,0.2381
2015,air-force-falcons,-0.0963,0.0962,0.0114,0.0884,0.0114,0.0884
2015,alabama-crimson-tide,-0.0231,0.5152,-0.7476,0.8118,-0.7365,0.8145
2015,appalachian-state-mountaineers,-0.1089,0.0611,-0.0549,0.0429,-0.0549,0.0429
2015,arizona-state-sun-devils,-0.0251,0.2504,-0.1208,0.2523,-0.126,0.2475
2015,arizona-wildcats,-0.0259,0.2068,-0.097,0.1582,-0.1049,0.1612
2015,arkansas-razorbacks,-0.1033,0.3259,-0.0996,0.3129,-0.1141,0.3144
2015,auburn-tigers,-0.1713,0.6859,-0.4571,0.8065,-0.417,0.7684
2015,baylor-bears,0.1399,0.7088,-0.6934,1.0044,-0.5717,0.944
2015,boise-state-broncos,-0.0694,0.15,-0.0626,0.1348,-0.0814,0.1436
2015,bowling-green-falcons,-0.205,0.2123,-0.066,0.0584,-0.066,0.0584
2015,byu-cougars,-0.0541,0.169,-0.0689,0.1463,-0.0935,0.152
2015,california-golden-bears,-0.0593,0.137,-0.0724,0.1317,-0.0871,0.1349
2015,cincinnati-bearcats,-0.4444,,-0.1111,,-0.1111,
2015,clemson-tigers,0.0698,0.6064,-0.9969,1.0029,-0.8754,0.9114
2015,duke-blue-devils,-0.057,0.1118,-0.0675,0.1118,-0.0911,0.1142
2015,florida-gators,-0.0441,0.4074,-0.2336,0.477,-0.2219,0.4965
2015,florida-state-seminoles,-0.0067,0.319,-0.2239,0.3466,-0.2062,0.3411
2015,georgia-bulldogs,-0.0513,0.4934,-0.2878,0.5462,-0.239,0.5144
2015,georgia-tech-yellow-jackets,-0.0123,0.2356,-0.1474,0.2573,-0.159,0.2666
2015,houston-cougars,-0.0067,0.2015,-0.1369,0.2215,-0.1228,0.2129
2015,iowa-hawkeyes,0.0439,0.2838,-0.3025,0.3319,-0.2941,0.3218
2015,kansas-state-wildcats,-0.1278,0.0837,-0.0178,0.0715,-0.0325,0.0728
2015,kentucky-wildcats,-0.0852,0.0639,-0.0435,0.0615,-0.0435,0.0615
2015,louisville-cardinals,-0.1338,0.073,-0.0466,0.0674,-0.0466,0.0674
2015,lsu-tigers,-0.1388,0.6312,-0.4199,0.8529,-0.4232,0.8633
2015,memphis-tigers,-0.0856,0.1933,-0.1109,0.2139,-0.1155,0.2132
2015,miami-fl-hurricanes,-0.1123,0.0876,-0.0091,0.0841,-0.0091,0.0841
2015,michigan-state-spartans,-0.0357,0.601,-0.6002,0.7516,-0.5627,0.7211
2015,michigan-wolverines,-0.0459,0.2445,-0.1724,0.2627,-0.1927,0.2717
2015,minnesota-golden-gophers,-0.1786,0.1695,-0.0087,0.1509,-0.0087,0.1509
2015,mississippi-state-bulldogs,-0.0773,0.1449,-0.0458,0.1275,-0.0752,0.1283
2015,missouri-tigers,-0.1182,0.1363,-0.068,0.1268,-0.0677,0.1261
2015,navy-midshipmen,-0.0298,0.1574,-0.1016,0.1643,-0.0925,0.1644
2015,north-carolina-state-wolfpack,-0.1998,0.1192,-0.0228,0.1376,-0.0161,0.1333
2015,north-carolina-tar-heels,0.0345,0.2033,-0.171,0.2199,-0.1489,0.2155
2015,northwestern-wildcats,0.0004,0.2366,-0.1235,0.2594,-0.1341,0.2598
2015,notre-dame-fighting-irish,0.0135,0.3742,-0.3295,0.452,-0.3111,0.4561
2015,ohio-state-buckeyes,0.5121,1.4817,-1.5035,1.3058,-1.1729,1.1203
2015,oklahoma-sooners,-0.0487,0.2845,-0.2897,0.3596,-0.2957,0.368
2015,oklahoma-state-cowboys,-0.0046,0.2339,-0.2064,0.304,-0.2078,0.299
2015,ole-miss-rebels,-0.0723,0.5428,-0.3302,0.8497,-0.3377,0.8638
2015,oregon-ducks,-0.0589,0.3354,-0.2023,0.3813,-0.2103,0.376
2015,penn-state-nittany-lions,-0.1613,0.1159,-0.0518,0.1071,-0.0715,0.1075
2015,pittsburgh-panthers,-0.0679,0.1072,-0.0445,0.0917,-0.0575,0.0978
2015,san-diego-state-aztecs,-0.0866,0.063,-0.0063,0.0623,-0.0175,0.0601
2015,south-florida-bulls,-0.126,0.0695,-0.0498,0.0648,-0.0498,0.0648
2015,stanford-cardinal,0.0248,0.2383,-0.241,0.2709,-0.2404,0.2781
2015,tcu-horned-frogs,0.0418,0.7944,-0.6543,0.9203,-0.5439,0.853
2015,temple-owls,-0.0369,0.1081,-0.0544,0.098,-0.0603,0.0989
2015,tennessee-volunteers,-0.1166,0.1739,-0.0408,0.1664,-0.0616,0.1652
2015,texas-am-aggies,-0.1902,0.82,-0.2939,0.9471,-0.3427,0.9805
2015,texas-tech-red-raiders,-0.1348,0.1084,-0.0042,0.0966,-0.002,0.0974
2015,toledo-rockets,-0.0304,0.1297,-0.0594,0.1222,-0.0611,0.1234
2015,ucla-bruins,-0.0219,0.3678,-0.2053,0.4591,-0.2106,0.4579
2015,usc-trojans,-0.0271,0.3699,-0.192,0.4521,-0.1723,0.4182
2015,utah-state-aggies,-0.0734,0.0431,-0.0322,0.0415,-0.0322,0.0415
2015,utah-utes,-0.1479,0.8487,-0.4881,1.2263,-0.4185,1.0976
2015,virginia-tech-hokies,-0.1701,0.1313,-0.0408,0.1127,-0.0465,0.1131
2015,washington-state-cougars,-0.0177,0.1256,-0.0741,0.1046,-0.0669,0.1025
2015,west-virginia-mountaineers,-0.1397,0.1814,-0.0681,0.1614,-0.066,0.1649
2015,western-kentucky-hilltoppers,-0.1179,0.0827,-0.028,0.0726,-0.03,0.0716
2015,wisconsin-badgers,-0.0614,0.1403,-0.0705,0.1376,-0.0837,0.1387
2016,air-force-falcons,-0.1586,0.1374,-0.0232,0.1247,-0.0392,0.1241
2016,alabama-crimson-tide,0.12,0.4784,-1.9006,0.5348,-1.8002,0.5184
2016,arizona-state-sun-devils,-0.1657,0.1445,-0.0566,0.1247,-0.0539,0.1234
2016,arkansas-razorbacks,-0.0562,0.2538,-0.1125,0.2426,-0.1168,0.2456
2016,auburn-tigers,-0.0382,0.2327,-0.1514,0.2342,-0.1596,0.2365
2016,baylor-bears,-0.0375,0.2874,-0.1802,0.2762,-0.1679,0.2705
2016,boise-state-broncos,-0.066,0.2431,-0.1071,0.23,-0.1145,0.226
2016,byu-cougars,-0.1219,0.041,-0.0657,0.0365,-0.0657,0.0365
2016,california-golden-bears,-0.2393,0.2441,-0.0262,0.2089,-0.0946,0.2174
2016,central-michigan-chippewas,-0.1099,0.0669,-0.0366,0.0608,-0.0239,0.0625
2016,clemson-tigers,-0.0035,0.4564,-0.8319,0.7037,-0.814,0.6975
2016,colorado-buffaloes,-0.0212,0.2156,-0.1491,0.2189,-0.1426,0.2129
2016,florida-gators,-0.0306,0.2725,-0.1249,0.2357,-0.1179,0.2337
2016,florida-state-seminoles,-0.0071,0.4187,-0.3379,0.6271,-0.3115,0.6057
2016,georgia-bulldogs,0.0282,0.3694,-0.1685,0.3305,-0.1052,0.3148
2016,georgia-tech-yellow-jackets,-0.097,0.0718,-0.0178,0.066,-0.0335,0.0678
2016,houston-cougars,-0.0775,0.3532,-0.2873,0.4097,-0.2843,0.4269
2016,indiana-hoosiers,-0.1304,,-0.087,,-0.087,
2016,iowa-hawkeyes,-0.0308,0.2924,-0.1428,0.3011,-0.141,0.3
2016,kansas-state-wildcats,-0.1657,0.1291,-0.0295,0.1157,-0.0295,0.1157
2016,louisville-cardinals,0.0146,0.3756,-0.3899,0.5511,-0.3701,0.5531
2016,lsu-tigers,-0.0551,0.3543,-0.1686,0.4301,-0.1681,0.4194
2016,maryland-terrapins,-0.1127,0.0691,-0.0441,0.0651,-0.0699,0.0664
2016,memphis-tigers,-0.1326,0.0696,-0.0455,0.0643,-0.0455,0.0643
2016,miami-fl-hurricanes,-0.0461,0.2874,-0.1299,0.2494,-0.149,0.2528
2016,michigan-state-spartans,0.0321,0.3227,-0.2119,0.3461,-0.177,0.3408
2016,michigan-wolverines,0.0677,0.4898,-0.6256,0.6806,-0.5489,0.6584
2016,minnesota-golden-gophers,-0.1519,0.1961,0.1472,0.1738,0.1472,0.1738
2016,navy-midshipmen,-0.0883,0.1803,-0.0491,0.1721,-0.0695,0.174
2016,nebraska-cornhuskers,-0.0142,0.2505,-0.1685,0.2378,-0.1454,0.2331
2016,north-carolina-state-wolfpack,-0.0971,0.06,-0.0123,0.056,-0.0123,0.056
2016,north-carolina-tar-heels,-0.0508,0.2338,-0.0958,0.2236,-0.1261,0.2279
2016,north-dakota-state-bison,-0.1454,0.1544,-0.0068,0.1405,-0.0448,0.1489
2016,northwestern-wildcats,-0.2381,,-0.0952,,-0.0952,
2016,notre-dame-fighting-irish,-0.1131,0.427,-0.2088,0.4739,-0.1888,0.4579
2016,ohio-state-buckeyes,0.0594,0.4111,-0.7894,0.5929,-0.7224,0.5584
2016,oklahoma-sooners,-0.0199,0.3575,-0.2852,0.4764,-0.2709,0.487
2016,oklahoma-state-cowboys,-0.0462,0.2824,-0.1467,0.2603,-0.1546,0.2597
2016,ole-miss-rebels,-0.0168,0.2879,-0.1499,0.2583,-0.1367,0.2548
2016,oregon-ducks,-0.1385,0.1849,-0.0612,0.1712,-0.0768,0.1732
2016,penn-state-nittany-lions,-0.0111,0.3675,-0.29,0.4386,-0.3048,0.45
2016,pittsburgh-panthers,-0.1261,0.1976,-0.0446,0.1854,-0.0899,0.1969
2016,san-diego-state-aztecs,-0.0763,0.1693,-0.04,0.1454,-0.0604,0.148
2016,south-florida-bulls,-0.0954,0.1792,-0.0562,0.1644,-0.0818,0.1668
2016,stanford-cardinal,0.0131,0.281,-0.236,0.2951,-0.2056,0.2868
2016,tcu-horned-frogs,-0.0967,0.384,-0.1512,0.389,-0.1675,0.3856
2016,temple-owls,-0.0889,0.1681,-0.0345,0.1617,-0.0751,0.166
2016,tennessee-volunteers,-0.0633,0.3286,-0.1907,0.3551,-0.1872,0.3515
2016,texas-am-aggies,-0.0121,0.272,-0.222,0.2818,-0.1992,0.2802
2016,texas-longhorns,0.0199,0.5666,-0.2274,0.6981,-0.1942,0.6803
2016,toledo-rockets,-0.0873,0.0819,-0.0025,0.0765,-0.0025,0.0765
2016,troy-trojans,-0.1113,0.1232,-0.0015,0.1075,-0.0437,0.1115
2016,tulsa-golden-hurricane,-0.1161,0.0486,-0.0589,0.0497,-0.0589,0.0497
2016,ucla-bruins,-0.0932,0.2852,-0.0662,0.2544,-0.0707,0.2624
2016,usc-trojans,0.0376,0.4321,-0.2806,0.4376,-0.2759,0.423
2016,utah-utes,-0.0427,0.2526,-0.1219,0.217,-0.1228,0.2147
2016,virginia-tech-hokies,-0.0624,0.1926,-0.1033,0.1854,-0.0938,0.1851
2016,wake-forest-demon-deacons,-0.1362,0.0992,-0.0482,0.0924,-0.0482,0.0924
2016,washington-huskies,0.024,0.3575,-0.4338,0.3972,-0.4143,0.4053
2016,washington-state-cougars,-0.1503,0.2089,-0.071,0.2005,-0.0902,0.204
2016,west-virginia-mountaineers,0.0057,0.2779,-0.1718,0.2701,-0.1436,0.2626
2016,western-kentucky-hilltoppers,-0.1461,0.1962,-0.0226,0.1238,-0.0739,0.1308
2016,western-michigan-broncos,0.0066,0.2419,-0.1381,0.2451,-0.1259,0.2412
2016,wisconsin-badgers,0.0456,0.3095,-0.2832,0.3126,-0.2726,0.3132
2017,alabama-crimson-tide,0.1175,0.3525,-1.7547,0.6856,-1.6478,0.6775
2017,arizona-wildcats,-0.0892,0.1285,-0.0592,0.1119,-0.0933,0.1166
2017,army-west-point-black-knights,-0.0794,0.0669,-0.0126,0.0631,-0.0378,0.0644
2017,auburn-tigers,0.0198,0.2794,-0.2357,0.3135,-0.2198,0.3322
2017,boise-state-broncos,-0.0704,0.0872,-0.0376,0.0814,-0.0465,0.082
2017,byu-cougars,-0.1109,0.1003,-0.0246,0.0937,-0.0246,0.0937
2017,california-golden-bears,-0.1829,0.1574,-0.0527,0.1201,-0.0224,0.1237
2017,clemson-tigers,0.1025,0.5645,-0.8862,0.8557,-0.8561,0.8654
2017,colorado-buffaloes,-0.1976,0.1317,-0.0551,0.1098,-0.0789,0.114
2017,duke-blue-devils,-0.1617,0.1133,-0.0132,0.1029,-0.0202,0.1035
2017,florida-atlantic-owls,-0.0941,0.0771,0.036,0.0708,0.036,0.0708
2017,florida-gators,-0.0676,0.1815,-0.0887,0.1818,-0.0903,0.1801
2017,florida-state-seminoles,-0.1311,0.5136,-0.463,0.7307,-0.4684,0.7137
2017,fresno-state-bulldogs,-0.0759,0.0348,-0.0345,0.0334,-0.0345,0.0334
2017,georgia-bulldogs,-0.0412,0.2953,-0.5495,0.475,-0.5595,0.4793
2017,georgia-tech-yellow-jackets,-0.1343,0.0699,-0.0627,0.051,-0.0807,0.051
2017,houston-cougars,-0.3239,0.3312,-0.0563,0.2943,-0.1333,0.3323
2017,iowa-hawkeyes,-0.0789,0.1673,-0.0011,0.1857,-0.0254,0.1924
2017,iowa-state-cyclones,-0.0492,0.1803,-0.0713,0.1714,-0.0921,0.1685
2017,kansas-state-wildcats,-0.0292,0.174,-0.1092,0.1814,-0.1115,0.182
2017,kentucky-wildcats,-0.1216,0.0997,0.0123,0.1152,0.0123,0.1152
2017,louisville-cardinals,0.0151,0.1839,-0.1264,0.1883,-0.1151,0.1905
2017,lsu-tigers,-0.0602,0.2394,-0.1311,0.2512,-0.1455,0.2592
2017,maryland-terrapins,-0.1544,0.1335,-0.04,0.1105,-0.0633,0.1171
2017,memphis-tigers,-0.032,0.1622,-0.088,0.1621,-0.0853,0.1608
2017,miami-fl-hurricanes,0.007,0.3023,-0.3307,0.4536,-0.2786,0.3995
2017,michigan-state-spartans,-0.0534,0.1807,-0.127,0.1858,-0.1349,0.1839
2017,michigan-wolverines,0.001,0.2602,-0.2087,0.3006,-0.1702,0.2785
2017,minnesota-golden-gophers,-0.1304,,-0.087,,-0.087,
2017,mississippi-state-bulldogs,-0.0133,0.1799,-0.098,0.1887,-0.098,0.1905
2017,missouri-tigers,-0.1304,0.0,-0.087,0.0,-0.087,0.0
2017,navy-midshipmen,-0.0409,0.0411,-0.0333,0.0408,-0.0409,0.0411
2017,nebraska-cornhuskers,-0.0852,0.0639,-0.0435,0.0615,-0.0435,0.0615
2017,north-carolina-state-wolfpack,-0.0476,0.1392,-0.0855,0.1294,-0.1001,0.1297
2017,northwestern-wildcats,-0.0475,0.1357,-0.0924,0.1375,-0.1104,0.1406
2017,notre-dame-fighting-irish,-0.0041,0.4094,-0.2512,0.3979,-0.2321,0.3825
2017,ohio-state-buckeyes,0.0626,0.3506,-0.4139,0.4397,-0.4024,0.4415
2017,oklahoma-sooners,-0.0379,0.4337,-0.6935,0.69,-0.643,0.684
2017,oklahoma-state-cowboys,0.0228,0.2952,-0.2127,0.3323,-0.1983,0.326
2017,oregon-ducks,-0.1456,0.1314,-0.0431,0.1194,-0.0567,0.1193
2017,penn-state-nittany-lions,0.0441,0.3089,-0.454,0.4032,-0.3748,0.3633
2017,pittsburgh-panthers,-0.1299,0.0848,-0.0423,0.079,-0.0423,0.079
2017,san-diego-state-aztecs,-0.0297,0.1465,-0.081,0.1445,-0.1027,0.1497
2017,south-carolina-gamecocks,-0.1522,0.1175,-0.0326,0.0909,-0.0308,0.0927
2017,south-florida-bulls,-0.0398,0.2092,-0.1019,0.2091,-0.1178,0.2109
2017,stanford-cardinal,-0.0063,0.1679,-0.1122,0.1724,-0.1027,0.175
2017,tcu-horned-frogs,0.0229,0.239,-0.2605,0.2984,-0.2231,0.2846
2017,tennessee-volunteers,-0.0946,0.1326,-0.0446,0.1248,-0.0648,0.128
2017,texas-am-aggies,-0.1051,0.0584,-0.0403,0.0527,-0.0516,0.0525
2017,texas-longhorns,-0.1322,0.2862,-0.0725,0.2738,-0.0806,0.2754
2017,texas-tech-red-raiders,-0.0724,0.1051,-0.0473,0.0813,-0.0663,0.0837
2017,toledo-rockets,-0.0927,0.0576,-0.0331,0.0531,-0.0434,0.0554
2017,troy-trojans,-0.101,0.0566,-0.0445,0.0538,-0.0587,0.0544
2017,tulsa-golden-hurricane,-0.1818,,-0.0909,,-0.0909,
2017,ucf-knights,-0.0991,0.4824,-0.2361,0.6072,-0.2472,0.6481
2017,ucla-bruins,-0.1678,0.1351,-0.0457,0.1218,-0.0556,0.1223
2017,usc-trojans,-0.0175,0.3653,-0.3188,0.4904,-0.2908,0.4618
2017,utah-utes,-0.0933,0.1643,-0.0699,0.1499,-0.0949,0.1522
2017,vanderbilt-commodores,-0.125,0.0859,-0.0352,0.0798,-0.038,0.0799
2017,virginia-cavaliers,-0.1023,0.0708,-0.0348,0.0623,-0.0348,0.0623
2017,virginia-tech-hokies,-0.0147,0.1607,-0.1297,0.1624,-0.128,0.1643
2017,wake-forest-demon-deacons,-0.0734,0.0431,-0.0322,0.0415,-0.0322,0.0415
2017,washington-huskies,0.0105,0.3019,-0.2792,0.3424,-0.2516,0.3364
2017,washington-state-cougars,-0.0177,0.1853,-0.1349,0.1923,-0.1329,0.1912
2017,west-virginia-mountaineers,-0.0832,0.1494,-0.0594,0.1306,-0.0851,0.1357
2017,wisconsin-badgers,-0.0281,0.4644,-0.4502,0.5951,-0.4632,0.62
2018,alabama-crimson-tide,0.058,0.262,-1.9096,0.4178,-1.8573,0.4137
2018,appalachian-state-mountaineers,-0.1262,0.094,-0.0427,0.0826,-0.0573,0.0831
2018,arizona-state-sun-devils,-0.0593,0.1484,-0.024,0.1408,-0.0262,0.1409
2018,arizona-wildcats,-0.1793,0.1934,0.0446,0.1671,0.1203,0.167
2018,army-west-point-black-knights,-0.0598,0.2324,-0.0634,0.2388,-0.0851,0.2448
2018,auburn-tigers,-0.0554,0.3426,-0.2655,0.3497,-0.2681,0.3578
2018,boise-state-broncos,-0.0568,0.1763,-0.0826,0.1729,-0.1026,0.1779
2018,boston-college-eagles,-0.0707,0.1822,-0.0892,0.1795,-0.1164,0.1869
2018,buffalo-bulls,-0.1186,0.116,0.0488,0.1198,0.0488,0.1198
2018,byu-cougars,-0.0381,0.1652,-0.0745,0.1367,-0.0941,0.138
2018,california-golden-bears,-0.2055,0.1743,-0.0473,0.158,-0.069,0.1594
2018,cincinnati-bearcats,-0.1097,0.1942,-0.06,0.1791,-0.0951,0.1869
2018,clemson-tigers,0.0085,0.3787,-1.0227,0.6572,-0.98,0.6671
2018,colorado-buffaloes,-0.0616,0.1868,-0.0803,0.1776,-0.0946,0.1773
2018,duke-blue-devils,-0.1032,0.132,-0.0568,0.1247,-0.0684,0.1259
2018,florida-atlantic-owls,-0.141,0.1449,-0.006,0.1307,-0.0295,0.1323
2018,florida-gators,-0.0136,0.2501,-0.183,0.2653,-0.187,0.2804
2018,florida-state-seminoles,-0.0252,0.206,-0.101,0.2121,-0.0845,0.2104
2018,fresno-state-bulldogs,-0.0294,0.1791,-0.0845,0.1694,-0.0887,0.169
2018,georgia-bulldogs,0.1116,0.3717,-0.5805,0.4401,-0.5351,0.4288
2018,georgia-southern-eagles,-0.1443,0.1118,-0.0269,0.1016,-0.0353,0.102
2018,houston-cougars,0.0356,0.1548,-0.0811,0.1098,-0.062,0.1031
2018,iowa-hawkeyes,-0.0473,0.1849,-0.0736,0.1626,-0.0872,0.1654
2018,iowa-state-cyclones,-0.1122,0.1626,-0.0685,0.1577,-0.0898,0.1583
2018,kansas-state-wildcats,-0.1639,0.1784,0.076,0.1588,0.076,0.1588
2018,kentucky-wildcats,0.0167,0.1936,-0.1526,0.1956,-0.136,0.1948
2018,lsu-tigers,0.0155,0.3272,-0.3358,0.3949,-0.3408,0.4087
2018,maryland-terrapins,-0.2434,0.258,-0.054,0.2204,-0.1025,0.2349
2018,memphis-tigers,-0.1362,0.0992,-0.0317,0.1029,-0.0317,0.1029
2018,miami-fl-hurricanes,-0.0158,0.2199,-0.1376,0.235,-0.1321,0.2316
2018,michigan-state-spartans,-0.0831,0.2608,-0.1177,0.2682,-0.1249,0.2722
2018,michigan-wolverines,0.0213,0.2352,-0.2795,0.2744,-0.2454,0.2583
2018,mississippi-state-bulldogs,-0.0574,0.1952,-0.1088,0.1978,-0.1107,0.1978
2018,missouri-tigers,-0.1234,0.1245,-0.0387,0.1143,-0.0748,0.1178
2018,north-carolina-state-wolfpack,-0.0752,0.2019,-0.0866,0.2006,-0.0901,0.1988
2018,northwestern-wildcats,-0.0752,0.1678,-0.0729,0.1529,-0.0999,0.1601
2018,notre-dame-fighting-irish,-0.0153,0.26,-0.522,0.3678,-0.5299,0.3848
2018,ohio-state-buckeyes,0.0071,0.3768,-0.5165,0.4861,-0.5308,0.4993
2018,oklahoma-sooners,-0.0035,0.2566,-0.3822,0.3032,-0.3567,0.3144
2018,oklahoma-state-cowboys,-0.052,0.1763,-0.0873,0.1733,-0.1019,0.1768
2018,ole-miss-rebels,-0.1876,0.1476,0.0043,0.1207,0.0043,0.1207
2018,oregon-ducks,-0.0556,0.2097,-0.1217,0.202,-0.1473,0.2074
2018,penn-state-nittany-lions,-0.0081,0.2337,-0.189,0.2481,-0.1694,0.248
2018,pittsburgh-panthers,-0.1006,0.1029,-0.0395,0.0999,-0.079,0.1058
2018,purdue-boilermakers,-0.0928,0.0709,-0.0224,0.0667,-0.0508,0.0682
2018,san-diego-state-aztecs,-0.1032,0.0699,-0.0243,0.0655,-0.0363,0.0689
2018,south-carolina-gamecocks,-0.1316,0.2038,-0.033,0.1748,-0.0929,0.1823
2018,south-florida-bulls,-0.0763,0.1417,-0.068,0.1327,-0.0909,0.1381
2018,stanford-cardinal,0.0353,0.2586,-0.1959,0.2533,-0.1689,0.2415
2018,syracuse-orange,0.0191,0.1917,-0.1247,0.177,-0.1072,0.1758
2018,tcu-horned-frogs,-0.0253,0.2486,-0.1464,0.2566,-0.1299,0.2527
2018,texas-am-aggies,-0.0699,0.1923,-0.0973,0.1907,-0.111,0.1919
2018,texas-longhorns,0.0264,0.2282,-0.2015,0.2393,-0.1803,0.2272
2018,texas-tech-red-raiders,-0.1533,0.1071,-0.0442,0.0971,-0.0459,0.1
2018,troy-trojans,-0.1304,0.0,-0.087,0.0,-0.087,0.0
2018,uab-blazers,-0.1464,0.1476,-0.0031,0.1231,-0.0108,0.1233
2018,ucf-knights,-0.0148,0.2927,-0.2288,0.3058,-0.2142,0.3042
2018,usc-trojans,-0.0386,0.2674,-0.1351,0.2372,-0.0991,0.2326
2018,utah-state-aggies,0.008,0.2307,-0.1036,0.2071,-0.0881,0.2059
2018,utah-utes,-0.0693,0.18,-0.0981,0.1648,-0.1085,0.168
2018,virginia-cavaliers,-0.1268,0.1355,-0.047,0.1279,-0.0799,0.1306
2018,virginia-tech-hokies,-0.0418,0.271,-0.1683,0.2793,-0.175,0.2806
2018,washington-huskies,0.0211,0.2826,-0.2181,0.2889,-0.187,0.2863
2018,washington-state-cougars,-0.0055,0.2027,-0.2087,0.2231,-0.211,0.2227
2018,west-virginia-mountaineers,-0.0018,0.2717,-0.2167,0.2729,-0.1933,0.2781
2018,wisconsin-badgers,-0.0225,0.4497,-0.2992,0.6066,-0.2904,0.5918
2019,air-force-falcons,-0.0268,0.0766,-0.0402,0.0804,-0.0534,0.086
2019,alabama-crimson-tide,0.1827,0.7065,-1.0288,0.9707,-0.9805,0.9647
2019,appalachian-state-mountaineers,-0.0325,0.1221,-0.0739,0.1167,-0.0821,0.1157
2019,arizona-state-sun-devils,0.0043,0.1336,-0.0761,0.1215,-0.079,0.1204
2019,arizona-wildcats,-0.123,0.0852,-0.0362,0.0792,-0.0362,0.0792
2019,army-west-point-black-knights,-0.1803,0.1908,-0.0162,0.1679,-0.0123,0.1801
2019,auburn-tigers,-0.0397,0.4006,-0.2505,0.4707,-0.267,0.4929
2019,baylor-bears,-0.0029,0.249,-0.2038,0.2625,-0.1647,0.2571
2019,boise-state-broncos,-0.0,0.1376,-0.0988,0.1306,-0.1058,0.1317
2019,byu-cougars,-0.072,0.0429,-0.0308,0.0413,-0.0308,0.0413
2019,california-golden-bears,-0.0502,0.2229,-0.0786,0.1598,-0.0745,0.1576
2019,cincinnati-bearcats,-0.0108,0.1281,-0.1056,0.1287,-0.1016,0.1297
2019,clemson-tigers,-0.0982,0.7118,-1.3157,1.0495,-1.2846,1.0107
2019,colorado-buffaloes,-0.114,0.1033,-0.0217,0.0902,-0.0542,0.0918
2019,florida-atlantic-owls,-0.1172,0.1066,-0.0188,0.1003,-0.0607,0.1086
2019,florida-gators,0.0542,0.271,-0.279,0.2907,-0.2222,0.2836
2019,fresno-state-bulldogs,-0.1843,0.0761,-0.0932,0.0703,-0.0932,0.0703
2019,georgia-bulldogs,0.0888,0.333,-0.5267,0.4906,-0.424,0.4455
2019,indiana-hoosiers,-0.0787,0.086,-0.0218,0.0917,-0.0281,0.1009
2019,iowa-hawkeyes,-0.0328,0.152,-0.119,0.1515,-0.1178,0.1547
2019,iowa-state-cyclones,-0.111,0.1797,-0.0574,0.1718,-0.0769,0.1745
2019,kansas-state-wildcats,-0.0867,0.1432,-0.0683,0.1252,-0.087,0.1273
2019,louisiana-tech-bulldogs,-0.0978,0.0679,-0.0235,0.0623,-0.0169,0.0634
2019,lsu-tigers,0.1906,0.6916,-1.2195,0.983,-1.149,0.9515
2019,maryland-terrapins,0.0179,0.1246,-0.0567,0.1272,-0.0582,0.1273
2019,memphis-tigers,-0.0381,0.1526,-0.1071,0.1543,-0.1236,0.1552
2019,miami-fl-hurricanes,-0.2659,0.2714,-0.013,0.2208,0.022,0.2152
2019,michigan-state-spartans,-0.0694,0.2264,-0.1017,0.2266,-0.1203,0.2325
2019,michigan-wolverines,0.0006,0.2295,-0.1856,0.2543,-0.1707,0.2456
2019,minnesota-golden-gophers,-0.0029,0.2306,-0.1908,0.248,-0.1545,0.2398
2019,mississippi-state-bulldogs,-0.2085,0.1402,-0.0521,0.1227,-0.0655,0.1228
2019,missouri-tigers,-0.1357,0.2122,-0.0601,0.1672,-0.088,0.1865
2019,navy-midshipmen,-0.0177,0.0982,-0.0677,0.0936,-0.0648,0.0912
2019,nebraska-cornhuskers,-0.1534,0.1838,-0.0462,0.1688,-0.0776,0.1704
2019,north-carolina-tar-heels,-0.1279,0.0896,-0.0353,0.0827,-0.0627,0.0845
2019,northwestern-wildcats,-0.1548,0.1649,-0.0406,0.1496,-0.1104,0.1586
2019,notre-dame-fighting-irish,0.0648,0.2233,-0.2126,0.2298,-0.2042,0.2285
2019,ohio-state-buckeyes,-0.2059,0.7159,-0.9668,1.0483,-0.9424,1.0683
2019,oklahoma-sooners,-0.0723,0.2863,-0.4176,0.3442,-0.434,0.3531
2019,oklahoma-state-cowboys,-0.0428,0.1242,-0.0574,0.1035,-0.0567,0.1038
2019,oregon-ducks,-0.0015,0.2392,-0.2455,0.267,-0.2456,0.2625
2019,penn-state-nittany-lions,0.0025,0.2112,-0.2417,0.2286,-0.2356,0.2322
2019,pittsburgh-panthers,-0.0917,0.0524,-0.0383,0.0469,-0.0439,0.0476
2019,san-diego-state-aztecs,-0.083,0.05,-0.0223,0.0453,-0.0369,0.0467
2019,south-carolina-gamecocks,-0.2416,0.172,-0.0293,0.1543,-0.0293,0.1543
2019,southern-methodist-mustangs,-0.0311,0.1356,-0.0894,0.1293,-0.0923,0.1291
2019,stanford-cardinal,-0.113,0.1411,-0.072,0.1276,-0.0937,0.1324
2019,syracuse-orange,-0.038,0.1572,-0.0702,0.1549,-0.0666,0.1549
2019,tcu-horned-frogs,-0.2766,0.2926,-0.0472,0.2471,-0.098,0.2529
2019,temple-owls,-0.121,0.0743,-0.0275,0.0683,0.0009,0.0679
2019,tennessee-volunteers,-0.0843,0.0369,-0.0426,0.0355,-0.0426,0.0355
2019,texas-am-aggies,-0.0981,0.2483,-0.1301,0.2556,-0.1384,0.2583
2019,texas-longhorns,-0.0411,0.2701,-0.1964,0.3039,-0.2034,0.3031
2019,tulane-green-wave,-0.1066,0.0669,-0.0275,0.0636,-0.0375,0.074
2019,uab-blazers,-0.1304,,-0.087,,-0.087,
2019,ucf-knights,-0.0209,0.1729,-0.0954,0.1763,-0.104,0.1775
2019,usc-trojans,-0.0653,0.1096,-0.054,0.1056,-0.069,0.1083
2019,utah-state-aggies,-0.2042,0.2322,0.0426,0.2091,0.0426,0.2091
2019,utah-utes,0.0159,0.2411,-0.2289,0.2648,-0.2078,0.2611
2019,virginia-cavaliers,-0.0437,0.1443,-0.0556,0.1308,-0.0685,0.1337
2019,virginia-tech-hokies,-0.0416,0.0778,-0.0549,0.0615,-0.0646,0.0632
2019,wake-forest-demon-deacons,-0.0528,0.1264,-0.0689,0.1175,-0.0846,0.1179
2019,washington-huskies,-0.0259,0.1857,-0.1149,0.1861,-0.1185,0.1849
2019,washington-state-cougars,-0.0511,0.1612,-0.0895,0.1647,-0.1075,0.1694
2019,west-virginia-mountaineers,-0.1304,,-0.087,,-0.087,
2019,wisconsin-badgers,0.0083,0.2077,-0.2006,0.2281,-0.1775,0.2296
2020,air-force-falcons,-0.1908,0.1109,-0.0435,0.0955,-0.0435,0.0955
2020,alabama-crimson-tide,-0.0181,0.3076,-1.5242,0.6753,-1.518,0.7032
2020,appalachian-state-mountaineers,-0.1398,0.1288,-0.0651,0.1184,-0.0844,0.1232
2020,arizona-state-sun-devils,-0.2332,0.1973,-0.0364,0.125,-0.0471,0.1236
2020,arkansas-razorbacks,-0.1443,0.1634,0.005,0.1351,0.0094,0.133
2020,arkansas-state-red-wolves,-0.1148,0.1066,-0.0122,0.0965,-0.0523,0.0979
2020,army-west-point-black-knights,-0.1159,0.1527,-0.0622,0.145,-0.0838,0.1517
2020,auburn-tigers,-0.006,0.3219,-0.1882,0.3377,-0.1699,0.3221
2020,ball-state-cardinals,-0.0138,0.0573,-0.0652,0.0588,-0.0587,0.0586
2020,baylor-bears,-0.1863,0.168,-0.0485,0.1454,-0.0821,0.1514
2020,boise-state-broncos,-0.1143,0.1542,-0.0481,0.1459,-0.0823,0.1527
2020,boston-college-eagles,-0.1402,0.0797,-0.0459,0.0721,-0.0617,0.072
2020,buffalo-bulls,-0.065,0.1006,-0.0278,0.0941,-0.0484,0.0973
2020,byu-cougars,-0.0186,0.3153,-0.2224,0.3494,-0.2253,0.3543
2020,california-golden-bears,-0.1636,0.1103,-0.0647,0.1001,-0.0647,0.1001
2020,cincinnati-bearcats,0.0009,0.2832,-0.2896,0.3005,-0.2791,0.3116
2020,clemson-tigers,0.0971,0.4019,-1.2979,0.8104,-1.2125,0.7342
2020,coastal-carolina-chanticleers,0.0373,0.2303,-0.1605,0.2334,-0.1278,0.2255
2020,colorado-buffaloes,-0.024,0.1205,-0.0743,0.1243,-0.0992,0.126
2020,florida-atlantic-owls,-0.2381,,-0.0952,,-0.0952,
2020,florida-gators,0.0758,0.2889,-0.3326,0.3045,-0.3058,0.3036
2020,florida-state-seminoles,-0.139,0.1401,-0.0041,0.1288,-0.0041,0.1288
2020,georgia-bulldogs,0.0554,0.3168,-0.3952,0.3909,-0.3604,0.3817
2020,georgia-tech-yellow-jackets,-0.1977,0.2489,0.0056,0.2141,-0.0567,0.222
2020,houston-cougars,-0.2381,,-0.0952,,-0.0952,
2020,indiana-hoosiers,0.0583,0.1963,-0.2121,0.1972,-0.1852,0.1963
2020,iowa-hawkeyes,-0.0406,0.1478,-0.1051,0.1438,-0.1089,0.145
2020,iowa-state-cyclones,0.0073,0.1891,-0.1506,0.1948,-0.1456,0.1951
2020,kansas-state-wildcats,-0.1484,0.4201,-0.1349,0.3787,-0.171,0.3903
2020,kentucky-wildcats,-0.1234,0.1736,-0.0616,0.166,-0.0781,0.1721
2020,liberty-flames,-0.0604,0.167,-0.0682,0.1618,-0.0796,0.1647
2020,louisiana-lafayette-ragin-cajuns,-0.0703,0.2012,-0.094,0.2008,-0.1106,0.2048
2020,louisville-cardinals,-0.0611,0.1984,-0.0829,0.1864,-0.0918,0.1884
2020,lsu-tigers,-0.1376,0.7418,-0.4704,0.9652,-0.4485,0.9446
2020,marshall-thundering-herd,-0.0061,0.1993,-0.0881,0.1772,-0.0704,0.1756
2020,maryland-terrapins,-0.1304,,-0.087,,-0.087,
2020,memphis-tigers,-0.0606,0.2118,-0.0802,0.1535,-0.0739,0.1512
2020,miami-fl-hurricanes,0.0167,0.2649,-0.2112,0.2823,-0.2106,0.2783
2020,michigan-wolverines,-0.1074,0.2452,-0.1515,0.2481,-0.1673,0.2539
2020,minnesota-golden-gophers,-0.1882,0.3222,-0.1059,0.2837,-0.1661,0.3011
2020,mississippi-state-bulldogs,-0.2304,0.4609,-0.175,0.4674,-0.1784,0.4647
2020,missouri-tigers,-0.1207,0.059,-0.0614,0.058,-0.0614,0.058
2020,navy-midshipmen,-0.3,,-0.1,,-0.1,
2020,north-carolina-state-wolfpack,-0.1171,0.1236,-0.0525,0.1094,-0.0698,0.1169
2020,north-carolina-tar-heels,0.0133,0.2479,-0.1591,0.2165,-0.1526,0.2094
2020,north-dakota-state-bison,-0.1818,,-0.0909,,-0.0909,
2020,northwestern-wildcats,-0.0072,0.2183,-0.136,0.2124,-0.13,0.2109
2020,notre-dame-fighting-irish,0.0989,0.2817,-0.6203,0.4161,-0.565,0.3863
2020,ohio-state-buckeyes,-0.2387,0.658,-0.8245,0.612,-0.8239,0.6471
2020,oklahoma-sooners,-0.001,0.269,-0.2594,0.324,-0.2331,0.289
2020,oklahoma-state-cowboys,0.0073,0.2948,-0.1981,0.2959,-0.1886,0.2846
2020,ole-miss-rebels,-0.5896,0.9317,-0.0889,0.1193,-0.0889,0.1193
2020,oregon-ducks,-0.1904,0.425,-0.2677,0.4087,-0.25,0.4098
2020,penn-state-nittany-lions,-0.0801,0.3268,-0.299,0.3448,-0.2615,0.3403
2020,pittsburgh-panthers,-0.1182,0.1903,-0.0613,0.1631,-0.0623,0.1627
2020,purdue-boilermakers,-0.1615,0.1077,-0.0216,0.0987,-0.0147,0.0962
2020,san-diego-state-aztecs,-0.0668,0.0402,-0.0257,0.0387,-0.0257,0.0387
2020,san-jose-state-spartans,-0.0295,0.1457,-0.0434,0.1472,-0.0548,0.1462
2020,south-carolina-gamecocks,-0.2042,0.2322,0.0426,0.2091,0.0426,0.2091
2020,south-florida-bulls,-0.3,,-0.1,,-0.1,
2020,southern-methodist-mustangs,-0.0597,0.2616,-0.1075,0.2684,-0.1379,0.2787
2020,tcu-horned-frogs,-0.1965,0.1343,-0.0496,0.1088,-0.0443,0.1115
2020,tennessee-volunteers,-0.0328,0.3141,-0.1551,0.3161,-0.1564,0.3183
2020,texas-am-aggies,0.0668,0.2997,-0.3294,0.3261,-0.2927,0.3229
2020,texas-longhorns,-0.003,0.2127,-0.1329,0.217,-0.1291,0.2104
2020,texas-tech-red-raiders,-0.2381,0.0,-0.0952,0.0,-0.0952,0.0
2020,tulsa-golden-hurricane,-0.0795,0.1838,-0.0609,0.1581,-0.0725,0.1582
2020,uab-blazers,-0.3059,0.4575,-0.0619,0.3732,-0.1116,0.4305
2020,ucf-knights,0.0369,0.2566,-0.122,0.2068,-0.0844,0.1989
2020,usc-trojans,-0.0722,0.244,-0.1186,0.2269,-0.1282,0.2283
2020,utah-utes,-0.1773,0.2534,-0.0507,0.1728,-0.0485,0.1732
2020,virginia-cavaliers,-0.2236,0.2063,-0.0423,0.1544,-0.0708,0.1588
2020,virginia-tech-hokies,-0.0972,0.2464,-0.0947,0.2334,-0.1175,0.2377
2020,wake-forest-demon-deacons,-0.0935,0.0381,-0.0514,0.0366,-0.0514,0.0366
2020,washington-huskies,-0.1555,0.1689,-0.0531,0.1302,-0.0625,0.132
2020,west-virginia-mountaineers,-0.2176,0.1822,-0.0343,0.1571,-0.0439,0.1597
2020,wisconsin-badgers,-0.0797,0.3338,-0.2077,0.3287,-0.2208,0.3327
2021,air-force-falcons,-0.0899,0.0437,-0.0269,0.0413,-0.0269,0.0413
2021,alabama-crimson-tide,0.0805,0.4424,-1.2834,0.8055,-1.2402,0.7488
2021,appalachian-state-mountaineers,-0.1222,0.0955,-0.006,0.0874,-0.0065,0.0891
2021,arizona-state-sun-devils,-0.0567,0.2044,-0.0857,0.1903,-0.105,0.1953
2021,arkansas-razorbacks,-0.0435,0.2444,-0.1157,0.2592,-0.1308,0.2739
2021,army-west-point-black-knights,-0.099,0.0272,-0.0568,0.0261,-0.0568,0.0261
2021,auburn-tigers,-0.0281,0.2101,-0.1038,0.1941,-0.1267,0.1949
2021,ball-state-cardinals,-0.0945,0.0697,-0.0095,0.0651,-0.0095,0.0651
2021,baylor-bears,0.0036,0.1789,-0.1993,0.2142,-0.1995,0.2016
2021,boise-state-broncos,-0.0734,0.0431,-0.0322,0.0415,-0.0322,0.0415
2021,boston-college-eagles,-0.1593,0.1091,-0.0503,0.0994,-0.0793,0.1049
2021,byu-cougars,0.0241,0.2032,-0.1484,0.2006,-0.1271,0.2004
2021,cincinnati-bearcats,0.0551,0.4882,-0.644,0.5535,-0.6044,0.5621
2021,clemson-tigers,-0.0367,0.36,-0.2874,0.5558,-0.279,0.547
2021,coastal-carolina-chanticleers,-0.0297,0.247,-0.1146,0.2455,-0.1096,0.2467
2021,florida-gators,-0.0473,0.3138,-0.1985,0.3424,-0.1952,0.3454
2021,florida-state-seminoles,-0.0852,0.0639,-0.0435,0.0615,-0.0435,0.0615
2021,fresno-state-bulldogs,-0.0357,0.1514,-0.0856,0.1286,-0.0862,0.1331
2021,georgia-bulldogs,-0.0378,0.3051,-1.5614,0.6646,-1.5568,0.6709
2021,houston-cougars,-0.0183,0.2266,-0.1161,0.2274,-0.1193,0.2287
2021,indiana-hoosiers,-0.065,0.2449,-0.1207,0.2507,-0.1426,0.2547
2021,iowa-hawkeyes,0.0187,0.298,-0.3084,0.3874,-0.3031,0.3816
2021,iowa-state-cyclones,0.0347,0.2639,-0.1885,0.2738,-0.1438,0.2622
2021,kansas-state-wildcats,-0.1414,0.1637,-0.0371,0.1461,-0.0726,0.1527
2021,kentucky-wildcats,-0.0422,0.2158,-0.1424,0.226,-0.1261,0.2231
2021,liberty-flames,-0.2061,0.1821,-0.0163,0.1663,-0.0555,0.1715
2021,louisiana-lafayette-ragin-cajuns,-0.0459,0.2043,-0.0785,0.1838,-0.0707,0.1844
2021,louisville-cardinals,-0.1304,,-0.087,,-0.087,
2021,lsu-tigers,-0.0863,0.2487,-0.1174,0.2597,-0.1346,0.2612
2021,maryland-terrapins,-0.1723,0.125,-0.0272,0.1135,-0.0224,0.1153
2021,miami-fl-hurricanes,-0.0477,0.2589,-0.1155,0.2472,-0.1311,0.2488
2021,michigan-state-spartans,-0.0056,0.2777,-0.2565,0.3218,-0.2363,0.3308
2021,michigan-wolverines,0.0167,0.3034,-0.4036,0.4637,-0.3735,0.4383
2021,minnesota-golden-gophers,-0.1403,0.1177,-0.0167,0.1034,-0.0062,0.1047
2021,mississippi-state-bulldogs,-0.1648,0.1401,-0.0177,0.1247,-0.0467,0.1249
2021,nevada-wolf-pack,-0.1702,0.0993,-0.0475,0.0798,-0.0443,0.0811
2021,north-carolina-state-wolfpack,-0.0675,0.1633,-0.0764,0.1453,-0.0895,0.1476
2021,north-carolina-tar-heels,-0.056,0.2045,-0.125,0.221,-0.1339,0.2171
2021,northwestern-wildcats,-0.0852,0.0522,-0.0435,0.0502,-0.0435,0.0502
2021,notre-dame-fighting-irish,0.046,0.2497,-0.2707,0.262,-0.2356,0.2603
2021,ohio-state-buckeyes,0.0028,0.3978,-0.452,0.4796,-0.4482,0.5012
2021,oklahoma-sooners,0.0216,0.417,-0.522,0.57,-0.4764,0.5621
2021,oklahoma-state-cowboys,-0.0294,0.3074,-0.2535,0.3493,-0.2651,0.3679
2021,ole-miss-rebels,0.0052,0.1868,-0.1857,0.1971,-0.1894,0.1976
2021,oregon-ducks,0.0127,0.3255,-0.3593,0.3808,-0.3041,0.3676
2021,oregon-state-beavers,-0.121,0.1375,0.085,0.1426,0.085,0.1426
2021,penn-state-nittany-lions,0.0196,0.3301,-0.2937,0.3722,-0.2807,0.3649
2021,pittsburgh-panthers,-0.0436,0.1718,-0.119,0.1632,-0.1225,0.1655
2021,purdue-boilermakers,-0.1951,0.1843,-0.0356,0.1585,-0.0546,0.1622
2021,rutgers-scarlet-knights,-0.3,,-0.1,,-0.1,
2021,san-diego-state-aztecs,-0.0815,0.1541,-0.0511,0.1508,-0.0729,0.1529
2021,southern-methodist-mustangs,-0.0723,0.1234,-0.0695,0.1251,-0.0774,0.1238
2021,stanford-cardinal,-0.1589,0.1015,-0.0786,0.0753,-0.0868,0.074
2021,tcu-horned-frogs,-0.1908,0.1708,-0.0148,0.145,-0.0286,0.1459
2021,texas-am-aggies,-0.0134,0.2664,-0.2225,0.3071,-0.1868,0.2835
2021,texas-longhorns,-0.0865,0.1876,-0.098,0.1824,-0.1042,0.1808
2021,texas-tech-red-raiders,-0.1319,0.0493,-0.0732,0.0274,-0.0732,0.0274
2021,uab-blazers,-0.2381,,-0.0952,,-0.0952,
2021,ucf-knights,-0.2004,0.1979,-0.0534,0.1753,-0.0776,0.1794
2021,ucla-bruins,-0.0514,0.3072,-0.1483,0.3298,-0.1406,0.3234
2021,usc-trojans,-0.0586,0.2778,-0.1749,0.2925,-0.1839,0.3011
2021,utah-state-aggies,-0.1168,0.1366,-0.0278,0.1288,-0.0693,0.1365
2021,utah-utes,-0.0195,0.2453,-0.1331,0.2405,-0.1307,0.2385
2021,utsa-roadrunners,0.0155,0.1972,-0.1026,0.185,-0.0862,0.1783
2021,virginia-tech-hokies,-0.0086,0.1989,-0.109,0.1816,-0.1062,0.1798
2021,wake-forest-demon-deacons,0.0014,0.1813,-0.1439,0.1761,-0.1251,0.1724
2021,washington-huskies,-0.1566,0.4895,-0.1611,0.4911,-0.2177,0.5117
2021,west-virginia-mountaineers,-0.1554,0.084,-0.0627,0.0777,-0.0381,0.0806
2021,wisconsin-badgers,-0.0554,0.2451,-0.1105,0.2278,-0.109,0.2295
2022,air-force-falcons,-0.1283,0.1067,-0.028,0.0912,-0.0412,0.0988
2022,alabama-crimson-tide,0.0803,0.4842,-0.7992,0.8279,-0.7461,0.7739
2022,appalachian-state-mountaineers,-0.2141,0.1977,-0.0315,0.1699,-0.0547,0.1734
2022,arkansas-razorbacks,-0.0307,0.33,-0.174,0.3196,-0.1542,0.3176
2022,auburn-tigers,-0.9697,0.6823,-0.1515,0.0525,-0.1515,0.0525
2022,baylor-bears,0.0065,0.3093,-0.1723,0.2989,-0.1725,0.2945
2022,boise-state-broncos,-0.1208,0.083,-0.0413,0.0781,-0.0533,0.0839
2022,byu-cougars,-0.0663,0.2514,-0.1229,0.2495,-0.1383,0.2512
2022,cincinnati-bearcats,-0.0972,0.1951,-0.071,0.1715,-0.0872,0.1737
2022,clemson-tigers,0.0428,0.3641,-0.3911,0.3993,-0.3604,0.4038
2022,coastal-carolina-chanticleers,-0.07,0.1038,-0.0522,0.0956,-0.0762,0.0989
2022,duke-blue-devils,-0.101,0.0588,-0.0419,0.0513,-0.0586,0.0565
2022,florida-gators,-0.0655,0.3572,-0.143,0.3537,-0.1485,0.3498
2022,florida-state-seminoles,-0.0078,0.2661,-0.1254,0.2234,-0.1293,0.2252
2022,fresno-state-bulldogs,-0.1016,0.0946,-0.035,0.0876,-0.0341,0.0874
2022,georgia-bulldogs,0.1809,0.6135,-1.7609,0.8024,-1.7398,0.8128
2022,houston-cougars,-0.2146,0.2402,-0.0576,0.2154,-0.0819,0.2163
2022,illinois-fighting-illini,0.0009,0.1387,-0.1049,0.1317,-0.1045,0.1308
2022,iowa-hawkeyes,-0.27,0.1967,-0.0608,0.1649,-0.0771,0.1666
2022,iowa-state-cyclones,-0.1818,,-0.0909,,-0.0909,
2022,james-madison-dukes,-0.1173,0.0918,-0.0191,0.08,-0.0372,0.0824
2022,kansas-jayhawks,-0.0572,0.1482,-0.0739,0.1439,-0.0839,0.1436
2022,kansas-state-wildcats,-0.0597,0.2152,-0.1349,0.2202,-0.1428,0.2237
2022,kentucky-wildcats,0.0003,0.2298,-0.1666,0.2307,-0.1786,0.2312
2022,liberty-flames,-0.0135,0.1206,-0.0619,0.1141,-0.0668,0.112
2022,lsu-tigers,-0.0065,0.2378,-0.2057,0.228,-0.1947,0.2226
2022,marshall-thundering-herd,-0.186,0.2217,-0.0227,0.1941,-0.0944,0.2049
2022,maryland-terrapins,-0.1237,0.066,-0.0307,0.0641,-0.0351,0.0636
2022,miami-fl-hurricanes,-0.0571,0.4421,-0.1898,0.4801,-0.1894,0.4761
2022,michigan-state-spartans,-0.0224,0.3748,-0.1911,0.3914,-0.1194,0.3769
2022,michigan-wolverines,0.0266,0.2814,-0.6158,0.373,-0.5714,0.3958
2022,minnesota-golden-gophers,-0.1563,0.297,-0.0551,0.2932,-0.0966,0.3353
2022,mississippi-state-bulldogs,-0.041,0.1286,-0.0758,0.1037,-0.0882,0.1077
2022,north-carolina-state-wolfpack,-0.0109,0.2514,-0.1378,0.2508,-0.1158,0.2448
2022,north-carolina-tar-heels,-0.0474,0.1924,-0.1082,0.171,-0.1061,0.1656
2022,notre-dame-fighting-irish,0.0405,0.2704,-0.1797,0.2873,-0.1595,0.2713
2022,ohio-state-buckeyes,-0.1517,0.5044,-0.9998,0.7884,-1.039,0.8052
2022,oklahoma-sooners,0.069,0.3819,-0.3146,0.3865,-0.2239,0.3755
2022,oklahoma-state-cowboys,0.0297,0.2832,-0.2352,0.2762,-0.1844,0.2702
2022,ole-miss-rebels,-0.0344,0.2248,-0.1813,0.234,-0.1673,0.235
2022,oregon-ducks,0.0008,0.2081,-0.1983,0.2115,-0.1895,0.2111
2022,oregon-state-beavers,-0.1042,0.1653,-0.1064,0.1575,-0.1317,0.1675
2022,penn-state-nittany-lions,-0.0203,0.2914,-0.2032,0.2842,-0.2102,0.2885
2022,pittsburgh-panthers,-0.0549,0.2374,-0.0873,0.2269,-0.0872,0.2265
2022,purdue-boilermakers,-0.1382,0.0942,-0.0396,0.0843,-0.058,0.0862
2022,south-alabama-jaguars,-0.1317,0.0883,-0.0316,0.0859,-0.0339,0.0959
2022,south-carolina-gamecocks,-0.0508,0.1253,-0.0703,0.1276,-0.0757,0.1291
2022,syracuse-orange,0.0024,0.1656,-0.1083,0.1721,-0.1051,0.1724
2022,tcu-horned-frogs,0.0193,0.2241,-0.4607,0.3212,-0.437,0.2833
2022,tennessee-volunteers,-0.0895,0.462,-0.5068,0.7442,-0.5146,0.7906
2022,texas-am-aggies,-0.0297,0.3262,-0.2464,0.3653,-0.2562,0.3608
2022,texas-longhorns,-0.0878,0.2338,-0.0778,0.1896,-0.0954,0.1924
2022,texas-tech-red-raiders,-0.0977,0.0655,0.003,0.0593,0.003,0.0593
2022,troy-trojans,-0.0166,0.1137,-0.0541,0.084,-0.0588,0.083
2022,tulane-green-wave,-0.0086,0.1635,-0.1155,0.1695,-0.1067,0.1658
2022,ucf-knights,-0.0426,0.1237,-0.06,0.1146,-0.0833,0.1174
2022,ucla-bruins,0.006,0.1802,-0.1655,0.1862,-0.15,0.1874
2022,usc-trojans,0.0513,0.344,-0.3171,0.3662,-0.2717,0.3638
2022,utah-utes,0.0456,0.2829,-0.2114,0.2903,-0.1886,0.2929
2022,utsa-roadrunners,-0.0563,0.1104,-0.0495,0.0995,-0.0716,0.1025
2022,wake-forest-demon-deacons,-0.0569,0.2344,-0.1355,0.2225,-0.1543,0.2268
2022,washington-huskies,-0.0117,0.1906,-0.1644,0.2016,-0.1427,0.2028
2022,washington-state-cougars,-0.2232,0.236,-0.0151,0.2004,-0.0197,0.2079
2022,wisconsin-badgers,-0.028,0.2759,-0.112,0.2729,-0.1444,0.277
2023,air-force-falcons,-0.0012,0.1318,-0.0932,0.128,-0.1022,0.127
2023,alabama-crimson-tide,-0.031,0.2117,-0.3218,0.297,-0.3225,0.2933
2023,arizona-wildcats,0.0149,0.1268,-0.1321,0.1342,-0.144,0.1353
2023,arkansas-razorbacks,-0.2233,0.1753,-0.0625,0.155,-0.129,0.162
2023,auburn-tigers,-0.1506,0.0793,-0.0462,0.0778,-0.0462,0.0778
2023,baylor-bears,-0.1304,,-0.087,,-0.087,
2023,boise-state-broncos,-0.1092,0.0934,-0.0231,0.0868,-0.0665,0.0898
2023,clemson-tigers,-0.0809,0.2134,-0.1073,0.23,-0.0972,0.2118
2023,coastal-carolina-chanticleers,-0.1304,,-0.087,,-0.087,
2023,colorado-buffaloes,-0.0672,0.225,-0.1079,0.2269,-0.1413,0.234
2023,duke-blue-devils,-0.0288,0.1802,-0.1155,0.1724,-0.1238,0.1762
2023,florida-gators,-0.0683,0.1283,-0.0686,0.1176,-0.0812,0.1202
2023,florida-state-seminoles,-0.167,0.6418,-0.6954,0.8494,-0.7083,0.8884
2023,fresno-state-bulldogs,-0.0763,0.0764,-0.0431,0.0677,-0.0685,0.0703
2023,georgia-bulldogs,0.2364,0.6444,-1.7369,0.8394,-1.5494,0.7489
2023,iowa-hawkeyes,-0.0735,0.128,-0.0648,0.1116,-0.0718,0.1124
2023,james-madison-dukes,-0.0532,0.142,-0.0497,0.1284,-0.0642,0.13
2023,kansas-jayhawks,-0.0694,0.1224,-0.0749,0.1194,-0.082,0.1191
2023,kansas-state-wildcats,-0.0117,0.1891,-0.093,0.177,-0.0928,0.1765
2023,kentucky-wildcats,-0.0546,0.1304,-0.0708,0.1222,-0.0934,0.1243
2023,liberty-flames,-0.0347,0.1553,-0.0521,0.1427,-0.0615,0.1402
2023,louisville-cardinals,0.0138,0.1617,-0.1428,0.1634,-0.1174,0.1566
2023,lsu-tigers,-0.0059,0.2246,-0.1774,0.2564,-0.1694,0.2638
2023,maryland-terrapins,-0.0775,0.0639,-0.0371,0.0622,-0.0562,0.0681
2023,memphis-tigers,-0.102,0.0847,-0.0075,0.0785,-0.0164,0.0789
2023,miami-fl-hurricanes,-0.0385,0.1445,-0.1022,0.1552,-0.1268,0.1589
2023,miami-oh-redhawks,-0.0719,0.0337,-0.0307,0.0324,-0.0307,0.0324
2023,michigan-wolverines,0.1222,0.6185,-1.2542,0.9188,-1.0849,0.8728
2023,minnesota-golden-gophers,-0.0846,0.0452,-0.0429,0.0435,-0.0429,0.0435
2023,mississippi-state-bulldogs,-0.1818,,-0.0909,,-0.0909,
2023,missouri-tigers,0.0063,0.1513,-0.1568,0.164,-0.1377,0.1562
2023,north-carolina-state-wolfpack,-0.0168,0.1225,-0.0741,0.1163,-0.079,0.1179
2023,north-carolina-tar-heels,-0.0205,0.1677,-0.1299,0.1732,-0.1118,0.1739
2023,notre-dame-fighting-irish,0.0048,0.1873,-0.167,0.2082,-0.1549,0.21
2023,ohio-state-buckeyes,-0.0096,0.4858,-0.6576,0.6909,-0.6769,0.6979
2023,oklahoma-sooners,-0.0015,0.2338,-0.214,0.3018,-0.2187,0.3159
2023,oklahoma-state-cowboys,-0.0193,0.152,-0.1075,0.1359,-0.1111,0.1342
2023,ole-miss-rebels,-0.0109,0.1388,-0.1642,0.1473,-0.1655,0.1483
2023,oregon-ducks,0.0213,0.1716,-0.2739,0.1934,-0.2608,0.188
2023,oregon-state-beavers,0.0233,0.1618,-0.1411,0.1549,-0.1369,0.155
2023,penn-state-nittany-lions,-0.0264,0.2541,-0.2986,0.2976,-0.2969,0.3117
2023,pittsburgh-panthers,-0.2,0.1622,0.0263,0.1457,0.0263,0.1457
2023,south-carolina-gamecocks,-0.1564,0.1141,-0.0288,0.1033,-0.0209,0.1029
2023,southern-methodist-mustangs,-0.0085,0.173,-0.0735,0.1407,-0.0744,0.1411
2023,syracuse-orange,-0.0863,0.0669,-0.0019,0.0625,-0.0019,0.0625
2023,tcu-horned-frogs,0.0043,0.2341,-0.0874,0.2105,-0.1036,0.2143
2023,tennessee-volunteers,-0.0132,0.1824,-0.1263,0.1826,-0.1184,0.1774
2023,texas-am-aggies,-0.1695,0.1903,-0.0589,0.1754,-0.0685,0.1751
2023,texas-longhorns,0.0567,0.4389,-0.4723,0.6596,-0.4344,0.6314
2023,texas-tech-red-raiders,-0.1904,0.2484,-0.0512,0.2208,-0.0985,0.2295
2023,toledo-rockets,-0.0514,0.0995,-0.0227,0.0924,-0.0474,0.0976
2023,troy-trojans,-0.1022,0.0797,-0.0129,0.0744,-0.0194,0.0741
2023,tulane-green-wave,-0.0452,0.1668,-0.0828,0.1584,-0.1065,0.1632
2023,ucla-bruins,-0.0317,0.1502,-0.0655,0.138,-0.092,0.1394
2023,unlv-rebels,-0.0963,0.0585,-0.0384,0.0554,-0.0541,0.0563
2023,usc-trojans,-0.0357,0.2872,-0.2881,0.3581,-0.2598,0.3396
2023,utah-utes,0.0001,0.1875,-0.1618,0.1838,-0.143,0.1797
2023,utsa-roadrunners,-0.1051,0.0671,-0.0287,0.0637,-0.0211,0.0637
2023,washington-huskies,-0.1013,0.464,-0.5552,0.619,-0.582,0.6542
2023,washington-state-cougars,-0.0137,0.1593,-0.1123,0.1693,-0.1428,0.1734
2023,west-virginia-mountaineers,-0.1353,0.0869,-0.0399,0.077,-0.0542,0.0782
2023,wisconsin-badgers,-0.0171,0.1675,-0.0853,0.1673,-0.0777,0.1682
2023,wyoming-cowboys,-0.1231,0.0902,-0.0137,0.0836,-0.006,0.0842
2024,alabama-crimson-tide,0.1545,0.3173,-0.4921,0.3678,-0.4482,0.3633
2024,arizona-wildcats,-0.0338,0.2048,-0.0962,0.2132,-0.1174,0.2172
2024,arkansas-razorbacks,-0.1304,,-0.087,,-0.087,
2024,auburn-tigers,-0.1162,0.0569,-0.0303,0.0525,-0.0303,0.0525
2024,boise-state-broncos,-0.1581,0.1664,-0.0267,0.1457,-0.061,0.1566
2024,boston-college-eagles,-0.1565,0.1672,-0.028,0.1512,-0.0376,0.1684
2024,byu-cougars,-0.1361,0.1967,-0.122,0.1945,-0.1361,0.1967
2024,california-golden-bears,-0.2269,0.1252,-0.098,0.0813,-0.098,0.0813
2024,clemson-tigers,-0.0419,0.198,-0.1128,0.2016,-0.1159,0.2008
2024,florida-state-seminoles,-0.0042,0.3304,-0.2756,0.3616,-0.2383,0.3546
2024,georgia-bulldogs,0.045,0.5354,-1.7124,0.8425,-1.6217,0.8177
2024,georgia-tech-yellow-jackets,-0.0974,0.1445,-0.0535,0.1411,-0.0474,0.1408
2024,illinois-fighting-illini,-0.0862,0.1761,-0.0859,0.1752,-0.1135,0.1841
2024,indiana-hoosiers,-0.1164,0.1208,0.0098,0.111,-0.0145,0.1109
2024,iowa-hawkeyes,-0.1018,0.2058,-0.0657,0.1877,-0.1057,0.1943
2024,iowa-state-cyclones,-0.0723,0.1878,-0.1154,0.1862,-0.1471,0.1889
2024,james-madison-dukes,-0.0577,0.0501,0.0251,0.0469,0.0251,0.0469
2024,kansas-jayhawks,-0.0156,0.1637,-0.0904,0.159,-0.1085,0.1647
2024,kansas-state-wildcats,-0.0254,0.1554,-0.1359,0.1589,-0.124,0.1552
2024,liberty-flames,-0.1217,0.1031,-0.0131,0.0994,-0.0336,0.1018
2024,louisville-cardinals,-0.0213,0.1686,-0.1,0.1657,-0.1009,0.1647
2024,lsu-tigers,0.0644,0.1797,-0.1392,0.1784,-0.1179,0.1754
2024,memphis-tigers,-0.1348,0.1328,-0.0097,0.1262,-0.0449,0.1353
2024,miami-fl-hurricanes,-0.0777,0.4033,-0.2877,0.4169,-0.2553,0.411
2024,michigan-wolverines,0.0486,0.2665,-0.1976,0.2966,-0.1795,0.3024
2024,missouri-tigers,0.0923,0.3539,-0.2734,0.3022,-0.2632,0.3012
2024,nebraska-cornhuskers,-0.0983,0.2076,-0.0631,0.1841,-0.096,0.1881
2024,north-carolina-state-wolfpack,-0.0978,0.1957,-0.0394,0.1884,-0.0748,0.1948
2024,north-carolina-tar-heels,-0.2269,0.1252,-0.0944,0.0096,-0.0944,0.0096
2024,northern-illinois-huskies,-0.0893,0.1509,-0.0403,0.1352,-0.0608,0.1382
2024,notre-dame-fighting-irish,0.09,0.267,-0.2306,0.3239,-0.21,0.3326
2024,ohio-state-buckeyes,-0.1527,0.5722,-1.069,0.8928,-1.1174,0.9155
2024,oklahoma-sooners,-0.0257,0.2416,-0.1502,0.2524,-0.1532,0.2558
2024,oklahoma-state-cowboys,0.0109,0.1723,-0.1427,0.1719,-0.1519,0.1778
2024,ole-miss-rebels,-0.0058,0.3747,-0.4505,0.4105,-0.4194,0.4188
2024,oregon-ducks,-0.0307,0.3789,-0.4148,0.4774,-0.4216,0.4621
2024,penn-state-nittany-lions,-0.0103,0.2748,-0.2852,0.2943,-0.3102,0.3032
2024,pittsburgh-panthers,-0.1099,0.0831,-0.0314,0.0776,-0.0672,0.0799
2024,south-carolina-gamecocks,-0.1584,0.1082,-0.0369,0.0991,-0.0369,0.0991
2024,southern-methodist-mustangs,-0.1345,0.0949,-0.0455,0.0878,-0.0652,0.0898
2024,syracuse-orange,-0.1292,0.1032,-0.0285,0.0965,-0.0581,0.1067
2024,tennessee-volunteers,0.0587,0.3558,-0.3187,0.42,-0.2794,0.4075
2024,texas-am-aggies,-0.1161,0.1846,-0.0459,0.1742,-0.0705,0.1754
2024,texas-longhorns,0.1849,0.553,-1.1831,0.8623,-1.0177,0.7147
2024,toledo-rockets,-0.1319,0.0493,-0.0666,0.0464,-0.0666,0.0464
2024,tulane-green-wave,-0.21,0.0398,-0.0931,0.0031,-0.0931,0.0031
2024,ucf-knights,-0.1304,,-0.087,,-0.087,
2024,unlv-rebels,-0.1533,0.1428,-0.0169,0.1278,-0.0155,0.1264
2024,usc-trojans,-0.0844,0.4495,-0.2195,0.4862,-0.2287,0.4892
2024,utah-utes,-0.1208,0.3761,-0.2665,0.3945,-0.3085,0.4101
2024,utsa-roadrunners,-0.1362,0.0992,-0.0317,0.1029,-0.0317,0.1029
2024,vanderbilt-commodores,-0.123,0.1281,0.0564,0.1135,0.0564,0.1135
2024,virginia-tech-hokies,-0.1674,0.1287,-0.0458,0.116,-0.0774,0.119
2024,washington-huskies,-0.1839,0.1648,0.002,0.15,-0.0116,0.1523
2024,washington-state-cougars,-0.1217,0.0861,-0.0246,0.0817,-0.0268,0.0823
2024,west-virginia-mountaineers,-0.1248,0.0601,-0.0527,0.0562,-0.0816,0.0578
2024,wisconsin-badgers,-0.2347,0.1826,-0.0421,0.1253,-0.0421,0.1253
