season,voter,bias1_mean,bias1_std,bias2_mean,bias2_std,bias3_mean,bias3_std
2014,adam-jude,-0.00649455312673939,0.26513703337537015,-0.3371249381629236,0.5656999622070958,-0.31787861265294626,0.5187582941356192
2014,adam-sparks,-0.021304010878044274,0.3885534403266895,-0.3583860869118013,0.6422781532325269,-0.33900979341469123,0.6071839675819629
2014,adam-zucker,0.004745025609498592,0.5266519055081391,-0.35207968097270154,0.6494307966648213,-0.3351876888760472,0.6206789552005063
2014,bill-rabinowitz,-0.007294821548162702,0.29257158432019537,-0.34397102213710945,0.5733793296477467,-0.3245421471494331,0.53033673642852
2014,bob-asmussen,-0.011142995782385133,0.317667038469687,-0.3483279149499876,0.609486086275266,-0.3290508027098713,0.5755207910005836
2014,brent-axe,-0.010743873944906375,0.26042569032543644,-0.3413570890292311,0.5780819419875327,-0.32114688305246947,0.5313738845983857
2014,brett-mcmurphy,-0.010323969974442286,0.6024299444686252,-0.36986660285293094,0.7712677235029661,-0.35077121572931647,0.7400648417718383
2014,chadd-cripe,-0.022130696845802513,0.47779314889832014,-0.36524358957513076,0.670474369821001,-0.3462629060055786,0.6320709191721323
2014,charles-davis,-0.017311739546484146,0.38639198441417044,-0.3517193769628285,0.6279639985186446,-0.3293244193698341,0.5722146087742154
2014,chris-murray,-0.015249643884698816,0.3346718156580779,-0.3472785366434433,0.6123103002125785,-0.3265004775872368,0.5711125395824933
2014,chuck-mcgill,-0.026412770033510034,0.5571813385807571,-0.3697363847024194,0.7179667328039939,-0.35075183481069194,0.6866730208720178
2014,daniel-berk,-0.0038885850540227368,0.3291896535057549,-0.3463256124675538,0.6050912307291311,-0.3272861520193161,0.5698228907907807
2014,donald-heath,-0.0035583175242606757,0.41409552109384706,-0.3570175450999998,0.6300242017782426,-0.3371905714785135,0.5989558376896639
2014,doug-doughty,-0.011422033669338742,0.3206275508308827,-0.3447007632187657,0.5918864730357614,-0.3232767929227687,0.5493694982776152
2014,doug-lesmerises,-0.03257569566043083,0.8906995505082408,-0.4090284557386681,1.010496071254476,-0.39280991461149006,1.0073658826139174
2014,drew-sharp,-0.02729824621545562,0.5702411174220692,-0.3929269286343538,0.7605874270876165,-0.3768882621984039,0.7426570859881254
2014,ed-johnson,-0.006705362047479695,0.550576904050399,-0.3652414089864198,0.6671004200222191,-0.34862167340261474,0.6485436764375139
2014,eric-avidon,0.00034946249151363056,0.3989497615094133,-0.3508996927267257,0.6082014651783395,-0.33040843315385837,0.5672224020506212
2014,eric-hansen,-0.02049289006624582,0.6165689866612699,-0.38088997191006935,0.7803251135465317,-0.3653314101195577,0.762510012749164
2014,ferd-lewis,-0.003058267047872573,0.24353924624313844,-0.3349376392594934,0.5689653262785288,-0.3147862262051973,0.5185932709696768
2014,garland-gillen,-0.00863827100927204,0.2655291427572496,-0.34244521740624745,0.580129862074219,-0.3219770764514073,0.5367870436134995
2014,garry-smits,0.00412116007562232,0.5194685068721664,-0.36139591804354765,0.6691181678664663,-0.3412799144020376,0.6427928831260954
2014,gary-horowitz,-0.0016063531734620588,0.3400630373309228,-0.3389850430842936,0.5775719296538432,-0.3216576928893283,0.5550559043770685
2014,grant-ramey,-0.00669503917971724,0.3758269310274472,-0.34741679276988435,0.603020341768252,-0.33047228809181406,0.5838051734543216
2014,harold-gutmann,-0.011554318774250491,0.3357008867140815,-0.3541018933700672,0.6221073817198479,-0.3298668053107622,0.5840784443220699
2014,iliana-limon,-0.005366961278145065,0.3552223108833446,-0.34848458216652695,0.6088801041976739,-0.328661903511495,0.5765007937215619
2014,jay-binkley,-0.00658483608328427,0.32057729034661986,-0.3505546764820313,0.5930921582254562,-0.3295127493343523,0.5492596060330056
2014,jim-polzin,-0.007182082146906649,0.3219811919767536,-0.3441633708432923,0.6058542877312316,-0.32488026865067554,0.5660841877161273
2014,jimmy-burch,-0.006093618013843994,0.2562613006616349,-0.3360036178688944,0.5575393825866077,-0.31405264490081636,0.4984210189682278
2014,joey-knight,-0.010327002340800421,0.3207056549965868,-0.3442659502327348,0.5986898100227305,-0.32499797569546146,0.5585953710182923
2014,john-shinn,0.0027593316780110603,0.41314701624242495,-0.34089190192151225,0.6063160364727395,-0.32268443744397474,0.571912222844978
2014,john-silver,-0.018424554008771004,0.29318587372594673,-0.34742118130735483,0.5865611520859729,-0.3269622253467493,0.5423102339640697
2014,jon-wilner,-0.04164654300145757,1.1180795839557507,-0.4377927268196314,1.0882077638941552,-0.42329186251335577,1.1095856671918356
2014,josh-kendall,-0.03592311592578076,0.7028854199842086,-0.3967914305642816,0.7957808622459052,-0.38092602554476734,0.7875422956442781
2014,keith-sargeant,-0.007623356161505484,0.3970266099822088,-0.3539157407870378,0.6257874633695382,-0.3349342031902772,0.5892852691153764
2014,kellis-robinett,-0.019720791341147258,0.5518254211920799,-0.36404504783993413,0.6841357256650134,-0.3478310973635513,0.6664003698715962
2014,ken-medlin,-0.004246042250757475,0.25815931382470575,-0.3403213858610926,0.5710585613655522,-0.3190118059632386,0.5164084472118206
2014,kirk-bohls,-0.015979014190988246,0.49275488741695733,-0.37145306344697776,0.7113098727782758,-0.3521058043307336,0.6780570740591904
2014,kyle-ringo,-0.00893829329119884,0.3743670428110345,-0.3511058042670268,0.6036340098343321,-0.32910156041422645,0.5490488613015436
2014,larry-vaught,-0.009348811733443638,0.35640942487673005,-0.34237993325687804,0.6124606851517149,-0.32312643666112945,0.5763365001755337
2014,logan-lowery,-0.02063173367717643,0.4629656845250926,-0.36544939897701917,0.6483485532834821,-0.34401668041983385,0.5994635265838668
2014,matt-mccoy,-0.004330396291296734,0.27451035903774385,-0.33988197533855313,0.5947977257482849,-0.3211128238193062,0.5601840142463059
2014,michael-lev,-0.013678895731864303,0.3944429878502753,-0.35252493317436,0.6201428894193419,-0.3323429126577267,0.5784570646592183
2014,mike-herndon,-0.027117750140839305,0.7748313473358752,-0.38112396529686837,0.9389448539971152,-0.366502017145689,0.9406006536276275
2014,mike-sorensen,-0.002548500264380794,0.281956935910271,-0.3379355632378029,0.5669936137603484,-0.3158855283508109,0.506292154140404
2014,nate-sandell,-0.0016732054613425701,0.26856830869973614,-0.3399380973457592,0.5923529186798331,-0.3206419507342276,0.5558692365721688
2014,nick-baumgardner,0.0035783041120858758,0.42761507882146554,-0.3489514903436971,0.6408773015286509,-0.3313972262630054,0.5978119781524515
2014,pete-diprimio,-0.026181650166411788,0.5389515817033591,-0.36450611104004904,0.773710305246734,-0.34775138962187385,0.7546637519719319
2014,rob-long,-0.012124048163650961,0.3810109710378507,-0.35383038144896034,0.6486728760992604,-0.3317080668934403,0.5909085842806792
2014,robert-cessna,-0.00398763962970448,0.21890708845723944,-0.33599482496483957,0.5596730060174709,-0.31344597638787486,0.4958076073937883
2014,ross-dellenger,-0.012969748041923026,0.33533235092059366,-0.34922100493357966,0.5977224433825247,-0.32710880329213193,0.5431602613468764
2014,sam-werner,-0.0033690825174216912,0.37917609950806624,-0.343390088981976,0.5931801328843656,-0.3235167877977146,0.5540299765418727
2014,scott-nulph,-0.015879788747030003,0.36145065616415817,-0.3510913902754871,0.6054918168930722,-0.33274760653129404,0.5711453995440309
2014,scott-wolf,-0.04742882782576529,0.5775641914274605,-0.38873456778722104,0.7847256778493188,-0.37240875608177215,0.7688563159972772
2014,seth-emerson,-0.015464313759601124,0.3621410305231312,-0.3491053762991469,0.6017318568081651,-0.3282558997735712,0.5429532614103242
2014,steve-batterson,-0.012678693087349145,0.33080279612434066,-0.3517510429400101,0.6125994306904127,-0.33304411636829057,0.5811181884099079
2014,steve-sipple,-0.008456924708286077,0.2749786211230537,-0.3452171433398622,0.5974099974924455,-0.32405611068216067,0.5577100387565465
2014,tim-griffin,-0.005296893116534742,0.21157677333478303,-0.3335183153947509,0.5530133084030836,-0.3140410815554953,0.5078039408589574
2014,tom-mulhern,-0.035542392600893064,0.2125629805406699,-0.35029146548357515,0.5368884093824288,-0.32825484217252954,0.5106695853430029
2014,tom-murphy,-0.01710387222937562,0.48885724173341666,-0.3580674920327062,0.7040219121143025,-0.3441506532647462,0.6888227122487661
2014,tommy-deas,-0.001710955484343557,0.3306338448635412,-0.34482105671032665,0.5869115569780925,-0.3258629474120093,0.5557335129911232
2015,adam-jude,-0.007227478010789356,0.26476495869083394,-0.3542558796175581,0.6154913541783967,-0.32222213710769365,0.5302370123128262
2015,adam-zucker,-0.008143089256324936,0.43448755294283486,-0.3701952121923873,0.6892589979312282,-0.33836960995175475,0.6195520998151713
2015,bob-asmussen,-0.008334586786647755,0.31076757297727464,-0.3598372344189216,0.6284823620063389,-0.32605761953397205,0.5446939519788876
2015,brent-axe,-0.010398807114808613,0.36583081710372156,-0.36279145583196115,0.6518971827104997,-0.3276614459807417,0.5526976910612301
2015,brett-mcmurphy,0.038468185046152535,1.0839509559247213,-0.4014458580008985,0.8685228049085212,-0.37231080725641,0.8450726103150401
2015,brian-howell,-0.008532185081672633,0.3311262114341227,-0.36083868076487047,0.6432337351209663,-0.3284724147818025,0.5650703729784097
2015,chadd-cripe,-0.0035435676062375563,0.8173869662109439,-0.40843636057203,0.8686175625577559,-0.382024822465619,0.8403338344303709
2015,chris-murray,-9.7826346439216e-05,0.4484231865044777,-0.36598473902696693,0.6715289709716048,-0.33410091363177485,0.6013372971816746
2015,daniel-berk,-0.00230089880431111,0.40537876539407663,-0.3599590905928781,0.5726743406275511,-0.33510370681720736,0.5375272964188643
2015,dave-reardon,0.028526079331990268,0.7731121597112947,-0.38598237647397227,0.767284936347533,-0.3559696749511691,0.7297237255178086
2015,david-briggs,-0.0006085960134257257,0.28571024637250236,-0.3557045249792073,0.6195430661102024,-0.32324715698752987,0.5373358146769827
2015,doug-doughty,-0.008093047222690507,0.31012097963346913,-0.35802559007153156,0.6254902374050492,-0.32290653477470177,0.5314929186361443
2015,doug-lesmerises,-0.020047950766961496,0.797970437624948,-0.4137810906300715,0.9324710030897936,-0.3875899482968525,0.9248797430396111
2015,duane-rankin,-0.008026333735379367,0.34809269666617504,-0.3690081138944287,0.6445456568432093,-0.3331904404641434,0.5584270473928344
2015,ed-daigneault,-0.011559457993037203,0.4061000643775352,-0.371590267729288,0.6731543145949612,-0.3390543209774483,0.595902213790313
2015,ed-johnson,-0.018406272479060203,0.5501444988347004,-0.39180225634258714,0.816682823708162,-0.36644496511834523,0.7879361275618477
2015,eric-avidon,-0.012223868941172427,0.5112974972477033,-0.3784445315389305,0.7287019303834575,-0.34693154581702573,0.6530246407841458
2015,eric-hansen,-0.011522601874841035,0.6174716710214729,-0.3870469993627289,0.8145734074386616,-0.3593020641654024,0.7658921195981818
2015,garland-gillen,-0.022971029794303457,0.5369314431120792,-0.3809337790540682,0.7669537465957943,-0.35041721828609007,0.7021701147346127
2015,garry-smits,-0.0044120999789396985,0.5296351268789996,-0.3841741412990041,0.7428040824460104,-0.3533688727342749,0.6892591712218205
2015,gary-horowitz,-0.008356268400688904,0.39681921862738023,-0.36496942545773986,0.6707265137164294,-0.3358067651156863,0.6154067730676029
2015,jay-binkley,-0.0040451740669455016,0.28046766936320794,-0.35630063046407023,0.6265012827123312,-0.32190385774311897,0.5280412038431138
2015,jeff-seidel,0.008094581295822379,0.476750505921728,-0.3558490553816502,0.6483136635961161,-0.3218643003391531,0.5541339423018183
2015,jim-dunaway,-0.008036588745062384,0.35348932295486707,-0.36190688116618946,0.6575119210015025,-0.33194470026953316,0.5969048234171139
2015,jim-polzin,-0.009807549110925073,0.30540451659650675,-0.3598622544379433,0.6415553683033298,-0.32656934789838243,0.5555167520141209
2015,jimmy-burch,-0.005349405468998398,0.20896659415667726,-0.35194042943377,0.6000234163775714,-0.3167854051305927,0.4959939925742587
2015,joel-klatt,0.008930688503303917,0.4870797083552319,-0.3624811646551487,0.6617001579896926,-0.3312261996916858,0.6070452223109409
2015,joey-knight,-0.01404727258383471,0.5770018909982202,-0.384774404099388,0.8029259192693157,-0.3544105450594227,0.7473059176226153
2015,john-adams,0.021150038140431322,1.1797449482873086,-0.4194940155088811,1.0006887479617574,-0.38741979689705475,0.9754707516728669
2015,john-clay,-0.007979373032840766,0.3212442565875693,-0.3613421408309631,0.6470732680523686,-0.3279191122603775,0.5584295770275586
2015,john-shinn,-0.015749970642944047,0.3660969509435794,-0.36107444311807513,0.6917682357900253,-0.3287613262345525,0.6109389494614286
2015,jon-wilner,0.012841479226287767,1.3244529096460562,-0.47773766142841984,1.179374181115,-0.4530713817454685,1.192748202698933
2015,josh-kendall,-0.050052243310391854,0.9594103430407384,-0.42981293113761654,1.0800881071026478,-0.40916567083464195,1.0898598570387064
2015,keith-sargeant,-0.005347160735941187,0.4818666094200947,-0.37800920114916187,0.6872147500082969,-0.34377062155180305,0.6095952060493729
2015,ken-medlin,-0.004093583093904675,0.18001665364785974,-0.34884385491813935,0.5913573777894067,-0.3131030374815801,0.48451687603618815
2015,kirk-bohls,0.00498144933157976,0.8299211852644722,-0.39752713259385636,0.8439940711742312,-0.3724075996631855,0.8215618077377086
2015,laura-keeley,0.02840798588230876,0.8648408513287555,-0.37517622264588735,0.7610220322454495,-0.34616543687784496,0.7177000088620534
2015,marc-weiszer,-0.004442217231375935,0.3108153809871246,-0.35534581771522866,0.6361152423215275,-0.3222693278278892,0.5534376509183861
2015,matt-charboneau,-0.0032610246868423954,0.3449886578357431,-0.3607859517258666,0.646456755754865,-0.3270335888514928,0.5611709403711433
2015,matt-mccoy,-0.008968477156722662,0.27404882773364314,-0.35940927362473973,0.6257782202779462,-0.32508535593648635,0.5344901108714691
2015,michael-lev,-0.011881617085837232,0.5649576558345853,-0.38315661363191744,0.7767337472522609,-0.35758799806296626,0.744679099793664
2015,mike-sands,-0.008073175847549246,0.22956093253595117,-0.35314745814264203,0.6083394318684705,-0.3186683003233012,0.5119699421215902
2015,mike-sorensen,-0.004097287991250833,0.3035268195308005,-0.3624879937870654,0.637661379070726,-0.32963881880567025,0.5603600485456756
2015,mitch-vingle,-0.014968581895861475,0.8486034213711571,-0.40463212291872225,0.9671099132581439,-0.376445978361549,0.9390869314209095
2015,nate-sandell,-0.004796470105028458,0.22949739161524274,-0.3501364087420371,0.6083406068857868,-0.3150374759824745,0.5106708252529935
2015,nathan-deen,-0.005295028149344709,0.48176309211565504,-0.3759621590204112,0.6792558984699724,-0.3407231942320146,0.6072831587314488
2015,pete-diprimio,-0.008918226586756941,0.32764292938879686,-0.3636544450115018,0.6763615584466913,-0.3290905561394387,0.5837859014537491
2015,rob-long,-0.018170478633097332,0.40258969982025844,-0.37567046348044464,0.6927788080828469,-0.3416132826265448,0.6151253933861867
2015,robert-cessna,-0.006379137534466644,0.3480974842175673,-0.3617749643276583,0.6573738041575352,-0.3274285831918565,0.5737915435824075
2015,robert-gagliardi,-0.00701527158598755,0.25235879871718736,-0.3540615842977118,0.613672015048804,-0.31891331081395513,0.5124029404891904
2015,ross-dellenger,-0.001353896292752948,0.6234598834602832,-0.3787140466505079,0.7431240758680585,-0.34833161171603516,0.6905254704330865
2015,rustin-dodd,-0.0035456526724530484,0.27373149790129403,-0.35873715815418555,0.6172712183303364,-0.32443270096847343,0.5276133957532053
2015,ryan-finley,-0.012416514275619977,0.3930059165526159,-0.3697765583464889,0.6887239522576775,-0.3328005072006493,0.5949725227165322
2015,sam-mckewon,0.002613627921258036,1.0357847231633428,-0.430123952731134,0.9588589623773481,-0.40438571889365543,0.9433134831716073
2015,sam-werner,0.0004020679512791222,0.4615032965144391,-0.37278414860195924,0.7089312332120122,-0.34337973783099174,0.6539926131736741
2015,scott-hamilton,-0.005353700656727061,0.20855421281473815,-0.3526385599656836,0.6056558128145404,-0.3158850781376002,0.4992369499917266
2015,scott-wolf,-0.029189706436506816,0.6285011771781946,-0.39733018758892685,0.8404364857241134,-0.3745168163860911,0.830510526155413
2015,steve-batterson,-0.003998611215164996,0.3044417444611033,-0.3586792753120461,0.6301778538612544,-0.32342503157972563,0.5398615970592173
2015,steve-layman,-0.001316322080376461,0.5410432138451248,-0.37141314158137456,0.7221472594657175,-0.3413932612715713,0.6594545062781076
2015,tim-griffin,-0.0033325200601684634,0.2788955091912838,-0.3539777934840992,0.6128247654445328,-0.3205320846941463,0.525960479434425
2015,tom-dangelo,-0.011905482045810484,0.34642254756148927,-0.3626812455995491,0.6581161395133579,-0.3274276906756253,0.5628951272827064
2015,tom-murphy,-0.015819636899534653,0.41681056979702025,-0.37524296676692437,0.7081261139690402,-0.3425211600562726,0.6370581914289207
2016,adam-jude,-0.01111324327317685,0.3129377511248067,-0.3320072949679873,0.5386096202226374,-0.31703696024066913,0.531131129286167
2016,adam-zucker,-0.01620255745380089,0.2445800200121127,-0.3279865961258524,0.49880747724899893,-0.3109531958397957,0.4748242768151098
2016,andy-greder,-0.005619282628332467,0.3972135345636117,-0.33410017958894855,0.5555863858483476,-0.31571569451195525,0.5366778063378744
2016,bill-landis,-0.01855633307332956,0.3564840605728013,-0.3421827710357566,0.5762235413646656,-0.32534004385304544,0.5579506318834476
2016,bob-asmussen,-0.01240516428427318,0.29638150814357883,-0.33165447283122257,0.539881803935875,-0.31622310350977206,0.526297467881959
2016,brent-axe,-0.010329812645205733,0.2616366083270297,-0.3288179319441408,0.506646842701842,-0.3123757635707129,0.4856658587998407
2016,brett-mcmurphy,-0.018635555215936152,0.3562214269240213,-0.3429815864809162,0.571640774052115,-0.32739880057960336,0.5592970126063583
2016,brian-howell,-0.0097518204583178,0.30931615017437675,-0.3276145478062398,0.5347691750873542,-0.31122372682748906,0.5133983084743591
2016,chris-murray,-0.009378943643328148,0.254095059871819,-0.3248210359395474,0.500820383896797,-0.3078286202353473,0.4713723525119454
2016,chuck-carlton,-0.009673584605613647,0.2165134194497039,-0.3218986130238512,0.4941241924926044,-0.3045085599127467,0.46372773023611896
2016,dana-sulonen,-0.004487841205249337,0.2077846143989726,-0.31947808846975556,0.48609330065055345,-0.30091181676798945,0.4573626280986301
2016,dave-southorn,-0.007521944905018909,0.20998067186524885,-0.3258649356341529,0.4997165195551618,-0.30913992538571156,0.47576732932021254
2016,david-briggs,-0.008645644834294048,0.215443359397624,-0.32258709680512687,0.49762756900365507,-0.30424361555721247,0.46573686725690605
2016,ed-daigneault,-0.020070843626038632,0.38820847876007913,-0.34342024692982887,0.6228027628006491,-0.32937092110143756,0.6130721679994792
2016,ed-johnson,-0.024123903182355775,0.4453102838464789,-0.35469634159578856,0.6483843362852858,-0.34012968231651436,0.6426167210855189
2016,eric-hansen,-0.015656674085487786,0.4000390718926641,-0.3475911367053602,0.5975280627124561,-0.3306355206475483,0.5766189714889697
2016,ferd-lewis,-0.005462691081741902,0.21527993304535256,-0.32345861170805246,0.5018701606866101,-0.30526830570551283,0.4719328172841476
2016,garland-gillen,-0.010537853858606856,0.25936209829573215,-0.33401277582786226,0.5259500194756856,-0.31571078096496435,0.5003492552389883
2016,garry-smits,-0.010827904535596131,0.3860151591013013,-0.3400449573423599,0.540444436273217,-0.3243043023544221,0.5266846482126638
2016,gary-horowitz,-0.015305759231757006,0.2636365314400869,-0.32983585234033247,0.5193557292569079,-0.31425453400158837,0.4986261609755663
2016,graham-watson,-0.007457935304962155,0.26586013030944794,-0.32607903791056086,0.5145696621155468,-0.3087957421441873,0.4906078702281596
2016,jason-galloway,-0.0059481640793700675,0.26233990321649786,-0.3258085482988002,0.5068479077593006,-0.30759580661806585,0.4788298717197531
2016,jeff-miller,-0.013249420774156613,0.32816082238063365,-0.33728436225305564,0.5533644659498442,-0.3198914906097541,0.5339244567641763
2016,jerry-dipaola,-0.020589609554855753,0.34962589697932506,-0.33956682414680683,0.584203483221081,-0.3235640421576039,0.5645510854156072
2016,jimmy-burch,-0.008876819649578715,0.2990165026610553,-0.3294972256069375,0.5437937146578639,-0.3137412851746934,0.5298150523995113
2016,joe-dubin,-0.0050196162960532776,0.267471094884552,-0.3271952763416552,0.5188400854684613,-0.3099991589112177,0.49552143907611546
2016,joe-walljasper,-0.01233160100764291,0.28761604557937887,-0.3309820118160609,0.520586408779557,-0.3142951136922163,0.5008155861494824
2016,joey-knight,-0.007851014680071603,0.33701332161571995,-0.3341971656343485,0.5730473169603528,-0.3195964755042083,0.5680086510792043
2016,john-clay,-0.012245448177123872,0.26740707482249193,-0.3244702869187723,0.5058627673870927,-0.30710460573410364,0.4810567129140544
2016,john-shinn,-0.01394353047115995,0.21445376522640683,-0.32448160861782044,0.4942494658568898,-0.30801927984845756,0.467705253999819
2016,jon-wilner,-0.027339701258554092,0.7223068883815326,-0.3812999959062438,0.8268504235831947,-0.3634778952980876,0.8142012168123588
2016,jonny-miller,-0.02214137922489124,0.39301897587860013,-0.3398635655029138,0.5349691648319629,-0.32296700706824166,0.5181630870499317
2016,josh-kendall,-0.04230148201242407,0.55516297495952,-0.3797797153292463,0.7090112424318533,-0.366112716387681,0.7089574524102916
2016,keith-sargeant,-0.0069630704522239085,0.23097524722018226,-0.3280150617566008,0.5043610806014861,-0.30943166787198034,0.47468061914593074
2016,kirk-bohls,-0.027798727423939292,0.45025890668198365,-0.3550651028523246,0.586634725677426,-0.34067711629276237,0.5812291866542983
2016,mandy-mitchell,-0.008856752741856454,0.22167895300483262,-0.32069546478469335,0.48370899137629597,-0.3062251600467758,0.4666616622845382
2016,marc-weiszer,-0.005448978925981214,0.24003844053362125,-0.3226970903770987,0.499857449947276,-0.30497861867641857,0.4687644836284029
2016,marq-burnett,-0.011159038884767773,0.2785444479008734,-0.32665799216241254,0.5062310972659942,-0.3091680552097376,0.4781610922656014
2016,matt-charboneau,-0.016668234275595627,0.3184921647530238,-0.3329613254755359,0.5264153137530411,-0.3149370922164829,0.5044803092585939
2016,matt-galloway,-0.004349318636267662,0.2679279788103057,-0.3263101697731321,0.5098974916994424,-0.3083554469353045,0.48292243800526946
2016,matt-mccoy,-0.002092143473428175,0.2838117566282531,-0.32691048304632614,0.5315866863856421,-0.31075373770831904,0.5157906994072737
2016,matt-porter,-0.01093485618535874,0.2953629336378634,-0.33608514947139206,0.5312911602107335,-0.3175908398328826,0.5075554318223237
2016,michael-bonner,-0.012966642856542927,0.3002160001540476,-0.3310914072743393,0.5202395842321982,-0.313479027716491,0.49406884772633025
2016,michael-lev,-0.019956214445767208,0.3727782415130364,-0.3375332196973501,0.5673369498201873,-0.32171332221341736,0.5523071030323596
2016,mike-barber,-0.0227243068320401,0.3249233998819299,-0.33691244028501277,0.5282114174881828,-0.32119428574900566,0.5095662745467834
2016,mitch-vingle,-0.017467904461501482,0.4026298216090623,-0.33655591073893826,0.5725144520905644,-0.3197409575798898,0.5448165729324448
2016,nathan-deen,-0.016732260322560893,0.43992608327876803,-0.35170252349226483,0.5997029982321436,-0.33711673715379353,0.5936523049026535
2016,ngozi-ekeledo,-0.004753509888803996,0.37412695299698795,-0.3520655176254451,0.6200637154220084,-0.31404777877272305,0.5458088031026658
2016,pat-caputo,-0.014417208943723262,0.24703584515852017,-0.32846660304981273,0.5001825285903995,-0.31036042885366755,0.4708067157817141
2016,patrick-brown,-0.016425799300716935,0.3100912236277323,-0.33559734023285276,0.5280601722407344,-0.3175783919308724,0.5050370842379804
2016,pete-diprimio,-0.01189115238644785,0.3704435664797853,-0.34099597868936693,0.6111227033991825,-0.3251411335136503,0.5887152338710074
2016,rob-long,-0.021727594222434546,0.41214584566320117,-0.3503164399617816,0.5731838077195693,-0.3338157927037194,0.5562774355032263
2016,robert-cessna,-0.0030724692005164606,0.31966343980316253,-0.32873664958665555,0.5300531424884295,-0.31182426129240143,0.5083931328098494
2016,robert-gagliardi,-0.009613761515131334,0.27247621061578664,-0.33011288205775075,0.5153669823359167,-0.3138878107680591,0.48945428002485014
2016,ross-dellenger,-0.008261666424222786,0.372915864467434,-0.335195173232233,0.5901520355868897,-0.3179317349688136,0.5690429847831113
2016,sam-mckewon,-0.025544261699944577,0.5493967928337358,-0.3691579821799352,0.6799933733026683,-0.3532692440982219,0.6651356807047999
2016,scott-hamilton,-0.004511687409340464,0.23381928745823188,-0.3241954618231824,0.5002604977296669,-0.30584374276454807,0.46884901643812726
2016,scott-wolf,-0.03890479635726114,0.6294872128178082,-0.38842083588967335,0.9260600480801704,-0.3705588764738586,0.9038910738617254
2016,steve-batterson,-0.005500115712363075,0.3137181602738995,-0.33430880100908894,0.5513250778283106,-0.3180495238707973,0.5367114150039813
2016,steve-wiseman,-0.010208326514797772,0.2715761799523852,-0.32573168935884256,0.5059691665925417,-0.3092148194678274,0.4822242530304346
2016,tom-murphy,-0.00966064887405552,0.3139379043406203,-0.3338238824067151,0.5264011404108974,-0.3164540513990469,0.5057657411974508
2016,tony-parks,-0.0061265003869732096,0.30473288259508324,-0.3323864504743242,0.5228230165648629,-0.31545685692252756,0.49875496640396016
2017,aaron-suttles,-0.008900574117958655,0.22476052342262087,-0.3283454213265152,0.5056706597437971,-0.3120985507103113,0.482901784412213
2017,adam-jude,-0.007556290657768818,0.2577197563350892,-0.33279619441629404,0.5181514060873351,-0.3158311874175908,0.4940462040335718
2017,adam-zucker,-0.010195716673392304,0.24420702695340438,-0.3345945938136329,0.5019052301801225,-0.31720154671801665,0.4781402718027105
2017,andy-bitter,-0.010043616704249636,0.24687797973998077,-0.3306484435102312,0.5078774340650053,-0.3154749832685623,0.495367105712289
2017,andy-greder,-0.00988553752926229,0.30125506999890544,-0.33488293149747894,0.5353435610973374,-0.3193169654057993,0.5143827076726796
2017,bill-landis,-0.016482867227902685,0.34949040875861964,-0.34080169825626955,0.5790051320928934,-0.3245396265788324,0.555323061849491
2017,bob-asmussen,-0.012367423772702075,0.35981249036630825,-0.3410364366526102,0.5900933558631359,-0.32453329119049845,0.5638957320951579
2017,brent-axe,-0.006760682473803539,0.2657924739823828,-0.33369316662671356,0.5172210065758271,-0.3171814468724638,0.49647375610643396
2017,bret-bloomquist,-0.008367537046996765,0.24745196574474218,-0.3285051901298115,0.5194479721715672,-0.31389062181179916,0.50626195522184
2017,brian-howell,-0.004635488132793452,0.3064372470967059,-0.33212926204683596,0.5344563853340963,-0.31692666356835075,0.519925471143033
2017,chris-murray,-0.00857418246854576,0.26675646039171147,-0.3315853419850073,0.5165815773698506,-0.3159570528356639,0.49689660794522894
2017,chuck-carlton,-0.00580042388195403,0.21663790545433062,-0.3253605689664754,0.5007353784154078,-0.30899247393388757,0.48042121690176925
2017,dave-foster,-0.005636919910744015,0.30484730648769076,-0.33667717907381,0.5348824806633804,-0.31992121713203014,0.5162878861213477
2017,dave-reardon,-0.014650193841554752,0.3984907248417318,-0.3530028388255486,0.5912242885202376,-0.3373083537535786,0.5793406346992642
2017,dave-southorn,-0.006399280379483443,0.23737438103791256,-0.3277287909595865,0.5095893309380284,-0.3124240225688687,0.49572264471157335
2017,david-briggs,-0.008837282616887392,0.18922191455693105,-0.3286749862094496,0.48852468301641927,-0.3120551845354219,0.46439751281309555
2017,ed-daigneault,-0.016059586851618582,0.3789258702842564,-0.34397923915750345,0.6139200753505798,-0.33056197729921255,0.6190362071008686
2017,eric-hansen,-0.01577579750626914,0.34339190066447767,-0.34756672578939246,0.5881532471985669,-0.33312831230252454,0.5814802200582396
2017,garland-gillen,-0.008351108287284949,0.272504559331707,-0.33705011304840926,0.5153355897654519,-0.3192631350036107,0.49176735955458356
2017,gary-horowitz,-0.006666410326811497,0.2432026465078642,-0.33059786254155316,0.517745194372694,-0.31323654063502376,0.49029784404484356
2017,grace-raynor,-0.004130782117363356,0.17701952023145978,-0.32441538372107087,0.49589105245404175,-0.3076305940108712,0.4688562804000738
2017,jason-butt,-0.007760884769164652,0.24430367090678798,-0.3306287738670692,0.5092901820013416,-0.3135055325053534,0.4854906555278626
2017,jason-galloway,-0.004324820317845011,0.3419923428643396,-0.3322684623238962,0.5218627085488742,-0.3172757576734214,0.5052665100212329
2017,jeff-miller,-0.010078372222403553,0.35387328732752893,-0.34242880358505146,0.5703336348398476,-0.32637998519294914,0.5553905332310992
2017,jerry-dipaola,-0.0035853755030659756,0.24041263945028185,-0.32762137394764673,0.5024273980944282,-0.3121137376733656,0.48328283610219336
2017,john-adams,-0.02242727968823134,0.41890332517401996,-0.35367417951726304,0.6051579332351749,-0.33892475522425025,0.5995716847993574
2017,john-clay,-0.012208806104884468,0.3163063124524899,-0.3369107917812353,0.5529593838090491,-0.32073121940482807,0.5318028363030398
2017,jon-wilner,-0.011017949471130724,0.48206727406627764,-0.36810518132131975,0.6522140579894158,-0.3532447847265064,0.6421966399664707
2017,jonny-miller,-0.011431251870861905,0.4363204015978701,-0.35608096647359283,0.6151808673112062,-0.3413990069333284,0.6044438411288907
2017,keith-sargeant,-0.00670004085409792,0.26544805547018474,-0.3319994437351678,0.5283420033118107,-0.3164044785827744,0.513081445214113
2017,kellis-robinett,-0.012780242465658337,0.36642898820478964,-0.3470052822179011,0.5876003628759366,-0.33216895213505604,0.5755415168976976
2017,kirk-bohls,-0.01498532674750704,0.4302348844044462,-0.3573711740926477,0.6498084753315014,-0.34002340074813714,0.6264731665301866
2017,lauren-brownlow,-0.007584716696841783,0.2889230163033273,-0.33607779171761193,0.533160578231819,-0.3220038461214404,0.5289760861535165
2017,lauren-shute,-0.010563923797596044,0.3254624925822623,-0.33804934934373654,0.5813337253666102,-0.321383277080078,0.559209338984393
2017,marc-weiszer,-0.0072243470207504655,0.19974004489590383,-0.3245911552855376,0.4922264176664454,-0.3075913990739245,0.4652234725704946
2017,matt-baker,-0.007413526788660556,0.2872693071575418,-0.33320646275657817,0.5430158877263637,-0.31862989285609855,0.5338084300708822
2017,matt-brown,-0.007910272236491767,0.2964609265976338,-0.3334354752202747,0.5392809478078439,-0.3182749280070959,0.5278956905847871
2017,matt-charboneau,-0.007954290149154023,0.23383225277405068,-0.3301779720539799,0.5086008726201686,-0.3139875201271912,0.4873476450131855
2017,matt-mccoy,-0.009447565806566346,0.2678277273037308,-0.33084920558820247,0.5433492484480467,-0.31332362730190466,0.5114697682053608
2017,michael-lev,-0.010813480851077365,0.27751006846479825,-0.33540126842027806,0.5341057618917356,-0.32096286307466326,0.5217565007738602
2017,mitch-vingle,-0.01847873099048392,0.5122446375272741,-0.3368537228825599,0.5892747588203884,-0.32153913343009927,0.5832667226386827
2017,parrish-alford,-0.010737943487827854,0.3039547926081074,-0.3361927568503004,0.5371944941994281,-0.3197085143113466,0.5167073380798336
2017,pat-caputo,-0.010742643943155454,0.3679462274105568,-0.34468542520320833,0.5714696014544788,-0.3279415971108098,0.5498507250127641
2017,pat-dooley,-0.016811489424494553,0.4384426300403036,-0.350783576196089,0.6275821852964908,-0.3342048056765009,0.6086422992637167
2017,rece-davis,-0.013411687848416681,0.2939862924882114,-0.3363497609283127,0.537059413593218,-0.32090464592334333,0.521564099369577
2017,rick-wright,-0.012421377595700434,0.33556011448897793,-0.3491947146356033,0.5635795720222092,-0.33304871744588893,0.5477633212778309
2017,rob-long,-0.011348145624473189,0.2903814252137548,-0.33676970557808894,0.5476509642120563,-0.32085188820245514,0.5289892226010822
2017,robert-cessna,-0.004425504733303265,0.2395381010855779,-0.33039245324958455,0.5050353328205335,-0.3143354589050247,0.4840426635536329
2017,robert-gagliardi,-0.006798775386797267,0.18061072928668567,-0.32598005708309435,0.48716088433161553,-0.3095464003311719,0.46300094847355866
2017,ross-dellenger,-0.0018870034675282665,0.3706261718332806,-0.33948180336932265,0.5569611352706911,-0.32448012230964934,0.5439077690508249
2017,ryan-aber,-0.011713606239230772,0.40762890086224446,-0.34365753479280503,0.6292566427881165,-0.329281549663345,0.6236051379185455
2017,safid-deen,-0.013785218803440467,0.3303581245546662,-0.3339349410934428,0.5842495941987286,-0.31923089789752324,0.5847503585442141
2017,sam-mckewon,-0.018752930072537356,0.43813577255381836,-0.34777360959540643,0.6298566756820932,-0.3339242042799473,0.6315938222687941
2017,sammy-batten,-0.01668288037178951,0.34395654314312246,-0.34198143970023953,0.5478994446366473,-0.3290559797955247,0.5406358991041244
2017,scott-hamilton,-0.00494680903226215,0.22388064226366172,-0.32865464100676006,0.510257032700426,-0.3132393166799294,0.4940556213635204
2017,scott-wolf,-0.010919588352054291,0.35380228506826933,-0.3423185775811072,0.5484211339438226,-0.3266333717488489,0.5336026386376191
2017,soren-petro,-0.012342649149040485,0.29460399321424285,-0.3359800190140875,0.549000743667203,-0.3201848194998623,0.5297614505453158
2017,steve-batterson,-0.003918100201812138,0.2796087345095605,-0.33494380152821585,0.5195306995474089,-0.31923223091801217,0.500126412239114
2017,terry-hutchens,-0.004177273335296788,0.18109290433857367,-0.3238029784845611,0.4950357903850468,-0.30810369474891597,0.4787837942881485
2017,tom-murphy,-0.007695152606195739,0.24565114048534872,-0.3320162714552922,0.5080304174390957,-0.31700824072512235,0.49295996227524386
2017,tony-parks,-0.007570714922911546,0.25537382652239693,-0.3295851832319661,0.5242908364360648,-0.3145794809615984,0.5136429383176129
2018,aaron-mcmann,-0.008991896173655419,0.21292643267179387,-0.3175517271492023,0.4745283270942749,-0.30762306351426,0.4604020588962187
2018,adam-jude,-0.008662093184828,0.2683449196647895,-0.3270306787310613,0.528606971289965,-0.3174755961861202,0.517961325766017
2018,andy-greder,-0.008934098995962711,0.17491592219809038,-0.31917698831112307,0.47242970149568253,-0.3087595836677446,0.45127221129115414
2018,ben-jones,-0.016678789920293195,0.24834283902093932,-0.3228539662307696,0.4838848340893457,-0.3127651309563061,0.4725404117715333
2018,bill-landis,-0.002354314550707061,0.28431266223489104,-0.33354988787554524,0.5278218927656503,-0.3234374466055051,0.5058237579318335
2018,blake-toppmeyer,-0.012533699635984127,0.2711694787984706,-0.3288180482191422,0.509833656671547,-0.3215200488985097,0.5125058477026716
2018,bob-asmussen,-0.019804408695076183,0.42055885921891395,-0.33875727765708674,0.6891737419966294,-0.3294406866065121,0.6744811999800366
2018,brandon-marcello,-0.004841445744937967,0.23546377553803494,-0.31857909532278017,0.47995914730797534,-0.3094347429401306,0.47272370293048543
2018,brent-axe,-0.008818704483388786,0.19740031897393112,-0.31883752921263786,0.47049360403554813,-0.31012374050068475,0.46126799808886615
2018,brett-mcmurphy,-0.01410882232070797,0.2947032197720912,-0.33058755678236124,0.5072842974822004,-0.32214863499044954,0.5054382461379731
2018,brian-howell,-0.007338910794247884,0.22020717238579995,-0.32051954086898726,0.4849531465732889,-0.3117372086522525,0.47501233988586317
2018,chris-murray,-0.004101345148266892,0.2268545323990541,-0.32020229457168825,0.4775665415006833,-0.31234154218897114,0.4714449066847108
2018,chris-solari,-0.012875508571513873,0.33020610513543874,-0.3315725527529354,0.5461040583203115,-0.32292894406014233,0.5406940830657148
2018,chuck-carlton,-0.00810962071126299,0.1696679494422566,-0.31662994047339843,0.46117105691675425,-0.3070486220429845,0.4484795630440647
2018,conor-oneill,-0.016203803808173753,0.24315398830521165,-0.32601813707228616,0.4891271823979815,-0.31589835491960977,0.47646063076052025
2018,dave-southorn,-0.006396325961694784,0.20530605416887704,-0.31777372280446076,0.48819366678815146,-0.30916801397260224,0.47628522517396504
2018,david-briggs,-0.012994537393587748,0.2097252065371529,-0.32193639601430485,0.47486429283797293,-0.31309911615954816,0.4660726604356627
2018,don-williams,-0.024469634275177246,0.3387589637879341,-0.3353437444684732,0.5351512828279559,-0.32619303399149396,0.5293303077033434
2018,doug-lesmerises,-0.02122963211635981,0.22903805513349926,-0.32428499460571325,0.4660299650478366,-0.31834878327289284,0.4677339026094409
2018,dylan-sinn,-0.009756190851534981,0.3431210132164734,-0.33444377836812905,0.5388167679479533,-0.32569056225667464,0.5364313795567519
2018,eric-hansen,-0.013823081268310236,0.25051670456625424,-0.3279606968099909,0.49857004246828573,-0.31985964064289457,0.4949932578133271
2018,ferd-lewis,-0.005386639040778939,0.144915347785154,-0.3190795692114814,0.4562374636591606,-0.3080459547148616,0.43981281655287785
2018,garland-gillen,-0.009640983816226236,0.24502513090949365,-0.3227483346260732,0.48916381752083316,-0.31251013882796663,0.47215656943547174
2018,garry-smits,-0.01843750702908778,0.29669109093066387,-0.3313375892810172,0.5096218295525905,-0.32322933628966993,0.5019842709992195
2018,gary-horowitz,-0.009304538093074567,0.20646867386616752,-0.31753029204203753,0.47331633819493535,-0.3093042206595865,0.46591914478715163
2018,grace-raynor,-0.007134843290261991,0.15428698526154214,-0.31566644952669876,0.45881128466718524,-0.30616955261967654,0.44481996789586853
2018,jason-galloway,-0.01217386560593627,0.2266421974299804,-0.3225414078854819,0.47723458871468954,-0.3127055418928985,0.4658802859860152
2018,jerry-dipaola,-0.012567925681578258,0.23231177321714716,-0.31966014421505834,0.48221412304430517,-0.31120427738944856,0.47652379231053793
2018,jim-alexander,-0.037217055868957974,0.4066324463069646,-0.3540984571810964,0.555675742636534,-0.34541177991344285,0.5524167467984086
2018,joey-kaufman,-0.010506491466890746,0.24020061692318467,-0.320867323353668,0.4817881655030942,-0.3131046867703967,0.48074834740747435
2018,john-bednarowski,-0.012068325073470524,0.2655657384373244,-0.327815129268066,0.518917764353454,-0.3189462342656574,0.5090393473906232
2018,john-clay,-0.008816676061855235,0.2955780674012797,-0.3254870699798814,0.5086485952218534,-0.31830087294467435,0.5086542541015103
2018,jon-wilner,-0.01506860355329371,0.4434645580647375,-0.3450704198045345,0.5952144252069441,-0.33750685259389507,0.5977472360287379
2018,jonny-miller,0.0042941495963840885,0.4894915289145362,-0.32881287766797046,0.5551040028888512,-0.320650174158161,0.542961577475841
2018,keith-sargeant,-0.014730620436513726,0.2970109246292179,-0.32945445828096276,0.5368069884649578,-0.32195820708652123,0.5402472775046528
2018,kellis-robinett,-0.015252290205427375,0.2957304930440954,-0.33295824860360557,0.5077358519744393,-0.32447098741346114,0.5006883232127958
2018,kirk-bohls,-0.018617103577872537,0.3368752972313914,-0.3330762666173371,0.5288174439539037,-0.3277854487117672,0.5389332753505148
2018,lauren-brownlow,-0.01900971587487396,0.24155341568616384,-0.3249144610776753,0.482736524261339,-0.31512577934914804,0.4686330191769341
2018,marc-weiszer,-0.00726578024706827,0.17243212391388227,-0.31652301166771096,0.4649703700775997,-0.3078648591421267,0.45301977167811625
2018,matt-baker,-0.011519622690417994,0.20471674428607278,-0.31953373871507057,0.47372260749626927,-0.3112800838721591,0.470429168297312
2018,matt-brown,-0.009326133244024619,0.2599240197622688,-0.32163388685884303,0.48490130655010105,-0.313424095916902,0.48123608845861887
2018,matt-mccoy,-0.005372426784421711,0.16615596421618128,-0.3170530282437526,0.4666892462425707,-0.30682095954358546,0.4538489310143857
2018,michael-lev,-0.014134763377101336,0.2892287577234109,-0.33119375894169584,0.5208437859669393,-0.3216164314737768,0.5114391332690573
2018,michael-vega,-0.0020588618160081295,0.2803472057434959,-0.31452996741602934,0.49031538151545234,-0.3055960415866208,0.4876139455089217
2018,mike-barber,-0.013456853638184399,0.2558250712007591,-0.3217933526432152,0.48330563657605924,-0.3128035361717743,0.4748640172896823
2018,mitch-vingle,-0.045111164198120696,0.8803118927676078,-0.41198643183270706,0.8592928206995085,-0.4061415180368606,0.905104036424707
2018,neill-ostrout,-0.020676584112332533,0.3138744825155423,-0.33261570144684166,0.5281947017352351,-0.32352784671911705,0.5167449899760801
2018,pat-dooley,-0.015318703538823936,0.25284189212222313,-0.32467120398160304,0.4911155071860836,-0.315313207133171,0.48229009359383374
2018,rachel-richlinski,-0.005871656774012305,0.24307383567928229,-0.32017114566606303,0.47523462128423044,-0.3098814001559005,0.45952112870584877
2018,rece-davis,-0.016460207340685387,0.2782497287148061,-0.3276973451842822,0.49735520552548707,-0.3186000758797147,0.48675054947985114
2018,rob-long,-0.015054399866762594,0.260107161222557,-0.32608881496288766,0.48863433261683636,-0.3167214384308581,0.4756758891615684
2018,robert-cessna,-0.00787194501933985,0.19245790967955065,-0.31954996226612975,0.4696114363170479,-0.3105512365804175,0.4561646925260452
2018,robert-gagliardi,-0.009528607636483942,0.17512596418652635,-0.31989559562843495,0.46267288381735755,-0.30898612137528986,0.444438284819627
2018,ryan-aber,-0.011881318148188687,0.35032282670011466,-0.33224643934804904,0.5436045623363996,-0.32623165839535995,0.55058553833213
2018,safid-deen,-0.012526571699340577,0.21922869174158258,-0.3312704022026543,0.5398723183204108,-0.3101696190466271,0.47875770008091834
2018,sam-mckewon,-0.02348951527635278,0.33441348071299154,-0.3322438241599921,0.5192631201306245,-0.3241696226532624,0.5202792554855111
2018,scott-hamilton,-0.0070777617975223955,0.16730597406870876,-0.3153320614819101,0.459087866611154,-0.3046894402240615,0.4417515877263911
2018,scott-rabalais,-0.007360746384767769,0.22059225558122275,-0.3185182918614956,0.4801167269705751,-0.31043550407323706,0.4788747751421758
2018,sean-manning,-0.011703213873372118,0.20758627794913725,-0.3185572416362853,0.4694233447176246,-0.30924784064208116,0.45614339935810305
2018,soren-petro,-0.013196078255146739,0.45730099128820517,-0.35110558424560384,0.6660391447398932,-0.33963624968070044,0.6420254829591397
2018,steve-batterson,-0.009898130993151318,0.1887901116487745,-0.31949110185380253,0.47456953814439384,-0.30884614870786403,0.4551629366034676
2018,steve-layman,-0.007960363147877632,0.17085635553301162,-0.3163690800276554,0.46266455523424405,-0.3063660261288417,0.44763084247035
2018,steve-virgen,-0.019159073980757318,0.3083831736463631,-0.3316328037448394,0.5102667935235197,-0.32289624575498327,0.5075424282226321
2018,tom-murphy,-0.014362393430303313,0.25342363241165583,-0.32294127195734545,0.48727859708450943,-0.3145942761649881,0.4861974293826083
2018,tony-parks,-0.008910071166494468,0.24288409640406589,-0.3214839357373221,0.4835774571265175,-0.312775751389162,0.4741056900454256
2019,aaron-mcmann,0.0014917993065570554,0.2967485613162779,-0.33093761286970463,0.5347850952601493,-0.3162644848210015,0.5130918218518465
2019,adam-zucker,-0.014260004351529439,0.45942746583310035,-0.3511582607952979,0.6402973494148343,-0.338275353270754,0.6397397171054034
2019,alex-schiffer,0.000755232300603487,0.46708356157889325,-0.34829574842308225,0.6532283272751201,-0.3289352938702423,0.6146139332500817
2019,andy-greder,-0.00853089873086943,0.28461289972549214,-0.33109527990794135,0.5484673794615611,-0.317150375499739,0.5315017355879662
2019,audrey-dahlgren,-0.0041163196637303895,0.2911264941713569,-0.3377791971598038,0.5685629387275303,-0.3228679292770223,0.5395315805017187
2019,blair-kerkhoff,-0.008557683609687018,0.3275729489301623,-0.3292104490791129,0.5592535654584607,-0.3166182551441363,0.5344114679025603
2019,bob-asmussen,-0.004647786362609641,0.22499502504087104,-0.32997210750013,0.5348079334045485,-0.31381535144933376,0.5058891704159021
2019,brett-mcmurphy,-0.01379058914097515,0.2871233080578099,-0.337597537592117,0.5921827041400257,-0.32006926736695185,0.5514674570602816
2019,brian-howell,-0.014559503465627562,0.3958036963695976,-0.34608544515096856,0.6251437647733139,-0.33309995547441185,0.615231761955483
2019,brooks-kubena,-0.0067227195887837295,0.3659095491581094,-0.3420513269219674,0.6010495532418739,-0.32633291904750417,0.5766332662586977
2019,bryce-miller,-0.005339736412876647,0.3271699130282494,-0.33686807411126496,0.5795547217305576,-0.32353213462600017,0.5644527161332084
2019,chadd-cripe,-0.012630332793968767,0.29811468518815776,-0.34272687027082793,0.579699581904025,-0.32738446946815153,0.549180007520493
2019,chris-murray,-0.008791068935869981,0.2772852967051157,-0.33598770303510106,0.5805686804154986,-0.3190694304625311,0.5365172701248756
2019,chuck-carlton,-0.00824994136664268,0.1832372872353722,-0.32494524047991524,0.5232420399415892,-0.31046717022203535,0.4990705833958609
2019,conor-oneill,-0.02530507797466219,0.4695311707943797,-0.3520783416095676,0.688376726792592,-0.3420517235084013,0.6982803043145256
2019,dave-reardon,-0.006258728379786409,0.4883627427608387,-0.35546517822717844,0.6656079314565438,-0.3375526948437946,0.6290355828299377
2019,david-briggs,-0.010051677174868486,0.3914743054784262,-0.3385526154614973,0.6340959591942893,-0.32593317834861507,0.6282457247632688
2019,davis-potter,-0.011820740167746672,0.2367045074026366,-0.33378703933356024,0.534094226359385,-0.3179806893701736,0.5070294651517326
2019,don-williams,-0.014674181563955582,0.3847436309259609,-0.3445078896181908,0.5874939174251349,-0.33048121651679946,0.5720505256659674
2019,doug-lesmerises,-0.0410731834997685,0.40686452015796554,-0.34678394427569054,0.5645272653284346,-0.3170588060553735,0.552293780513972
2019,dylan-sinn,-0.017986153035729018,0.49287439215080664,-0.35336524226635435,0.694827431001121,-0.3421245356471478,0.7034016855724101
2019,eric-boynton,-0.003492012721579349,0.2736376213957334,-0.33417329777014926,0.5766831015067886,-0.3179681313541751,0.53877559118588
2019,eric-hansen,-0.012019963870539387,0.2579948354246088,-0.3369879676717173,0.5548011010893459,-0.32202643061317415,0.5346197102929316
2019,garland-gillen,-0.008951169129872706,0.2318869773031067,-0.3335025202340713,0.5403681524346167,-0.3189827341046073,0.5208378033203303
2019,gary-horowitz,-0.00737381048249804,0.30404062398087073,-0.33273098963183567,0.5572304357380748,-0.3192871857295536,0.542228288890883
2019,gene-henley,-0.007181156020668106,0.20904921081235836,-0.32892635089863814,0.546769094113105,-0.31222620622021985,0.5091570829043619
2019,james-kratch,-0.013137618714222333,0.5736336582739786,-0.3501086830687195,0.695813439406522,-0.33936342612348425,0.7137260008524666
2019,jerry-dipaola,-0.007527842589658118,0.4155339035632483,-0.3408297090954667,0.615702273666618,-0.32624372643250066,0.5879886303834847
2019,jim-holder,-0.013098449072203278,0.31067497860258997,-0.33581732307616213,0.5621484752164341,-0.3208954668756578,0.5387547820488112
2019,jim-polzin,-0.005186669848898952,0.22049031164550947,-0.32728095750221714,0.5319145826953005,-0.31189671710967504,0.5027673514779691
2019,joe-dubin,-0.005415873699576674,0.23784629905138996,-0.33225400553392087,0.5566108582009035,-0.3159249921690464,0.5138692852025953
2019,john-bednarowski,-0.0017386582799685654,0.33383857948495316,-0.33239543537251814,0.5505085191289605,-0.31828167710152083,0.5320079288114424
2019,john-clay,-0.001192539008178828,0.3499938378499087,-0.33483237883894423,0.580629066902729,-0.32136321640771087,0.5685476144810871
2019,jon-johnson,-0.0003982338596162665,0.23735190606794854,-0.327443524118327,0.5245372140230739,-0.31135944096976026,0.49519012144825675
2019,jon-wilner,-0.005139227182673773,0.5025714094598666,-0.35483079155645514,0.6460520368644012,-0.34094828287744033,0.6237597190473804
2019,josh-furlong,-0.005194955749357023,0.2869498389286211,-0.3303940930407378,0.5495678628508692,-0.3167791591830054,0.5303212544778894
2019,kirk-bohls,-0.017343725261479044,0.46723927612242017,-0.35051907855368786,0.6540040360325111,-0.3391911655172456,0.654958240050076
2019,lauren-brownlow,-0.01755360158492672,0.4005148456780272,-0.3461732889482903,0.6129369136813887,-0.3328702646331489,0.610258335359026
2019,marc-weiszer,-0.005291354970458998,0.15432866702168616,-0.32810123593228174,0.5268317986994354,-0.3131325514804493,0.5030450418094572
2019,mark-whicker,-0.015079172147051598,0.4280760255249368,-0.3523892659991587,0.6297394906324261,-0.33949925640453843,0.6242190815887364
2019,matt-baker,-0.009789972243680589,0.42278110267421487,-0.33885565500198794,0.6119669573585392,-0.3273302165234913,0.6187090373278537
2019,matt-brown,-0.01177982654514608,0.39028301500808676,-0.34680938559420116,0.6341993368985899,-0.3354459311271597,0.6303536590539237
2019,matt-mccoy,-0.004667506567944706,0.3333480660556114,-0.33467675859669177,0.5665995249857665,-0.32237051239666087,0.5558109500766308
2019,michael-lev,-0.009138741487556336,0.3439099229276043,-0.3340655654393942,0.5525837024157773,-0.31934982067787254,0.5258863184954484
2019,michael-vega,-0.006385716121321097,0.33469890672641384,-0.34612705336481303,0.5701790083893835,-0.331244495048346,0.552333015208324
2019,nate-mink,-0.023697422857847417,0.4876982850334138,-0.35449561771003424,0.6973160981267859,-0.3449134151799245,0.7095804188696291
2019,nathan-baird,-0.014541184171755761,0.49397555279936445,-0.3557704643873236,0.6774431682127623,-0.3448372643050077,0.6771485922761026
2019,neill-ostrout,-0.016259973394222423,0.3976573356927474,-0.3394679364883821,0.6198335384826998,-0.3258780084527676,0.6119582604827685
2019,norm-wood,-0.004604761643716261,0.22815808937929036,-0.3304078863916742,0.5496944431719619,-0.3157311840370997,0.528153770657412
2019,pat-dooley,-0.019949428785694334,0.48581827041179815,-0.35265030957456167,0.6848317764878717,-0.34206690193792344,0.7007094294032918
2019,rece-davis,-0.013789950244558183,0.4382225223776995,-0.3424656998890096,0.632691839310801,-0.3299536925940807,0.6287521762981131
2019,rob-long,-0.004853333817647111,0.22958041859933365,-0.3319690052738045,0.5320169776252751,-0.31642397745447004,0.5042252172762354
2019,robert-cessna,-0.014541012658443361,0.4047941723877766,-0.3431015130448017,0.6270149995418084,-0.33038867990644,0.6190121746803984
2019,ryan-aber,-0.0043474162565782775,0.5439289118382499,-0.3488659747952692,0.6845313886661317,-0.3377489034774866,0.7004332556390191
2019,sam-mckewon,-0.025925698037968,0.514775543914156,-0.3577384124807415,0.6821865404917787,-0.34616149775155935,0.6886251715445406
2019,soren-petro,-0.01661525493159818,0.36498097317086564,-0.34589330928253265,0.6019790927889955,-0.33370013253564446,0.5936545300012086
2019,steve-batterson,-0.0021442819168607575,0.33224911437396415,-0.3362825480620329,0.5843934655910927,-0.32188549995284516,0.5664070211864384
2019,steve-virgen,-0.005152976950640216,0.1839531636312319,-0.32747284630914436,0.5253544049806373,-0.3118634035379481,0.49784308981044284
2019,steve-wiseman,-0.012390723006706473,0.37569972156216397,-0.3370867350462296,0.6100247283706158,-0.32346981560669186,0.5987208826275484
2019,theo-lawson,-0.011534040955359459,0.2943251977594267,-0.33942883788794453,0.5816641013752575,-0.3271848580106215,0.5753333117402255
2019,tom-bragg,-0.014507955803758105,0.40363662790969884,-0.34812789414815076,0.6040797486556189,-0.3346286393942045,0.5915851485999988
2019,tom-dangelo,-0.008101803294101706,0.2574288766994692,-0.3347570735795185,0.583482329344628,-0.3184655317132167,0.5489735214917603
2019,tom-green,-0.003031837354094341,0.20524142323012423,-0.3283685672145731,0.5414558107555241,-0.3119121013349846,0.5051363486336281
2019,tom-murphy,-0.009658721911484381,0.2401607406223246,-0.33210767699163074,0.5357632315501895,-0.31908716561212647,0.520314151961693
2020,aaron-mcmann,-0.01907888103800387,0.2722776863438842,-0.32065665608992816,0.5028918803261826,-0.30961076155302236,0.4880748475807451
2020,adam-grosbard,-0.009990651571143755,0.23461237926674025,-0.3193869724146127,0.499790494960979,-0.30420423530194474,0.47322554924096827
2020,adam-zucker,-0.04502528449874197,0.2753162521565743,-0.3470077442736856,0.49271106001736115,-0.3387930932851233,0.49218921783666847
2020,andy-greder,-0.010946425852580155,0.3196703298806696,-0.3163853145191296,0.4964604388572707,-0.30321429011899437,0.4737205102933589
2020,audrey-dahlgren,-0.013033924124399235,0.2215952675531939,-0.3192158051933332,0.47908104823479,-0.3057378162415311,0.45360560011619416
2020,blair-kerkhoff,-0.010446772558122423,0.2179209238126229,-0.31334069625715927,0.475214020179732,-0.3024066137150089,0.464591978933259
2020,bob-asmussen,-0.01737119411380959,0.32774632877671533,-0.32269719639702743,0.5313991295349207,-0.3104576740363967,0.5154715297558348
2020,brett-mcmurphy,-0.06555827244677141,0.32677370655596927,-0.3665536871649758,0.5291623908580202,-0.3571541857223713,0.5227844142074706
2020,brian-howell,-0.06297334292614712,0.2825319111632205,-0.36945880013220805,0.5002205949866967,-0.35920054289463993,0.4829518866581089
2020,brooks-kubena,-0.06510853835398117,0.36118376785967,-0.37741948053498,0.5637626355698506,-0.36871371687160964,0.5576345503037624
2020,bryce-miller,-0.015028829186841819,0.2876405137559145,-0.31825918443765244,0.4915117176571877,-0.30739606635780375,0.4819877435439792
2020,chris-murray,-0.007083282014613873,0.2199823151008976,-0.31374169597625834,0.4818097858070242,-0.30150596139527125,0.4576750981199465
2020,chuck-carlton,-0.0053833574650666615,0.21850390848670995,-0.3091225738650668,0.4715221852662454,-0.2981902876915391,0.46395400876501713
2020,colten-bartholomew,-0.02110981984341513,0.31815745325314976,-0.3226243513571043,0.5114747192086173,-0.3103256104384655,0.4913679311673815
2020,conor-oneill,-0.019170989058920226,0.2833573076513593,-0.32663748757097544,0.49773496919578125,-0.3142811268475037,0.483692285859487
2020,david-briggs,-0.01771505498479044,0.2974343954344193,-0.314048620520752,0.48420731450101706,-0.30342165840360436,0.4720819562413324
2020,david-jablonski,-0.05346391526181766,0.2767156882078811,-0.35797505884745096,0.4997798217464184,-0.3469335207463745,0.47907047266145786
2020,davis-potter,-0.02087761277495002,0.25599082916459753,-0.31977440385474665,0.4877968177359659,-0.30785658068654015,0.466910339215875
2020,derek-redd,-0.026547462583871924,0.40131509231415163,-0.32434593745775814,0.5321179419796668,-0.3107562963126885,0.5163445528631108
2020,don-williams,-0.019454525565225457,0.3911427959222703,-0.33238773436234553,0.5453670704439265,-0.31872729615155376,0.5299803570435812
2020,dylan-sinn,-0.04648763500074473,0.6152666272111079,-0.35901491995187024,0.7870379969100634,-0.34720171742872236,0.7773053935834212
2020,eric-boynton,-0.0049916299843920505,0.1965449223327598,-0.30960509433260797,0.4730353557498361,-0.29718692668497354,0.449575767264524
2020,eric-hansen,-0.01458027406737131,0.32954417696120575,-0.3249320566795373,0.5256854299610496,-0.3114023412757797,0.5036694749855065
2020,ferd-lewis,-0.004192341089520391,0.144359659754901,-0.3099967179592393,0.46972036370606285,-0.29604999324770986,0.44296546982647983
2020,garland-gillen,-0.015098772239594242,0.33713066458469104,-0.3304565680118625,0.5766847479747158,-0.31966987720506124,0.569502312321263
2020,gentry-estes,-0.014649575984520791,0.279524401339547,-0.3184387610374073,0.49540738485501773,-0.305845681272379,0.48135757433981624
2020,james-kratch,-0.014735014769033347,0.5147467685012607,-0.32933541506544856,0.5922674952188468,-0.3209375228192708,0.598780495030799
2020,jerry-dipaola,-0.012309597369382672,0.262358722907428,-0.3192562760645258,0.5066149403090603,-0.3075206015985384,0.4967808562177096
2020,john-bednarowski,-0.012998292567118363,0.338928521040938,-0.3233428789266994,0.5201818009467318,-0.3128624154267923,0.5185436263727068
2020,john-clay,-0.00859440946704542,0.26792706450466636,-0.31474020484539633,0.5008602666083373,-0.3025023558509671,0.4817914518006172
2020,jon-johnson,-0.005898874097066988,0.20620588614164076,-0.31052867468523204,0.4756781100920209,-0.2986768605622064,0.46057298060525864
2020,jon-wilner,-0.0641514650334199,0.4417827842809796,-0.3842515651019776,0.6116092010436822,-0.3739726352143068,0.6060134085194437
2020,jonas-pope,-0.02435527602897512,0.19567383671128546,-0.32787453459190347,0.47740773010624593,-0.3146951705602856,0.45570761544948074
2020,josh-furlong,-0.005939248112264302,0.2350108116808571,-0.31402351283120844,0.4907628714514698,-0.3028948023953121,0.4825154783158452
2020,kirk-bohls,-0.0751905844508378,0.42591204347442274,-0.37951301948998806,0.5621289546429833,-0.37292551497143794,0.5707253695088607
2020,lauren-brownlow,-0.01540454989267564,0.33510892999207276,-0.32442767292336366,0.5095988317623968,-0.3141342374761587,0.5024842850717017
2020,madison-blevins,-0.007253562443333787,0.16835327583760937,-0.3118848507883267,0.47157644819494876,-0.2991317569764021,0.4498062340161404
2020,marc-weiszer,-0.00921784215044174,0.18637093581268827,-0.3128341012739013,0.48224116926262617,-0.3000403215942936,0.46547012955602085
2020,matt-baker,-0.008782707617600888,0.32900348323813966,-0.31726189296553703,0.5053867228272443,-0.30755833173068836,0.5069353813680868
2020,matt-brown,-0.008409227869654182,0.32281093171041503,-0.3214851064690093,0.5258430254744006,-0.3125995850880771,0.5285164434874826
2020,michael-lev,-0.022592461610390573,0.35082330997877514,-0.3337738349575219,0.5178721126975484,-0.32454879866121705,0.5159721663885867
2020,michael-vega,-0.06334478193020393,0.37050327082384443,-0.39905203355647656,0.6196532206559402,-0.39276689578500057,0.647947092569988
2020,nate-mink,-0.009908162266599916,0.2984980059354365,-0.3191617152525394,0.5010876469187381,-0.30728985068116826,0.48893990152208805
2020,nathan-baird,-0.043757505499779685,0.494088529653322,-0.329765953282747,0.5781385816606691,-0.31916099876481424,0.5800277648096774
2020,neill-ostrout,-0.02192620018923852,0.3608675372047808,-0.3222566484201292,0.535013168250545,-0.30961410119790245,0.5122008187050511
2020,norm-wood,-0.006006117947594744,0.15964564290220695,-0.31151261874195807,0.4722953335772249,-0.29794403438023975,0.445304782617806
2020,parrish-alford,-0.020740127819595954,0.2871217212896447,-0.32352299097460363,0.49444500965326127,-0.31195743169790446,0.4801927871622073
2020,pat-dooley,-0.018694655252062233,0.38252416633964553,-0.3234368475185164,0.5330956202341703,-0.3141308169056481,0.531764222508953
2020,pete-martini,-0.020123933296952345,0.28943938972221,-0.31394864207635315,0.4953736605426372,-0.3005840382650756,0.47332127655324663
2020,rece-davis,-0.01696186040831665,0.3318260296034104,-0.3290956008085704,0.5363417498237552,-0.31589917366045384,0.5191749756463447
2020,rob-long,-0.07827456215761068,0.37692043487769883,-0.3753836793683955,0.556724798370376,-0.3643966940179399,0.5357885383635436
2020,robert-cessna,-0.00862998690775606,0.20373823151268325,-0.31542599289325013,0.48002636171047464,-0.30206204670936554,0.45761018927532315
2020,ron-counts,-0.02125762231733198,0.30995124450587125,-0.3338529107715512,0.5227772233768374,-0.32071568240800635,0.503176666455434
2020,ryan-aber,-0.06433189802952646,0.2870484412342216,-0.3654343516523786,0.5020781505774085,-0.35347696768338155,0.4800399248920724
2020,ryan-pritt,-0.008667371651429624,0.296493990787889,-0.3276328662073662,0.5114603914910364,-0.3185888346254527,0.49954447550240316
2020,sam-mckewon,-0.025023123393616436,0.5220021670291803,-0.342610267749979,0.618936500478127,-0.3342658156285116,0.6258100555093383
2020,soren-petro,-0.011479360060792124,0.3581552040388598,-0.3207453652918733,0.5186375740249474,-0.3089534058190046,0.5139214838369156
2020,steve-batterson,-0.015030198688938533,0.26645155220820954,-0.3149082106590331,0.48561072397627775,-0.3037323848004819,0.4748793150642186
2020,steve-virgen,-0.006771459645452128,0.2271692501384668,-0.3135569720383075,0.48262437258234964,-0.30120487991959594,0.47147371670686433
2020,steve-wiseman,2.85169938420729e-05,0.24887178867602583,-0.33529615953944103,0.5488747511708119,-0.31497522538483635,0.479793894511478
2020,theo-lawson,-0.014623010391146215,0.3012328476435518,-0.3191812633520092,0.4959338356396402,-0.3062914579249662,0.47813898574922764
2020,tom-dangelo,-0.01193066445329036,0.2277993448255446,-0.3170716092260016,0.48092781358394066,-0.30298271895540685,0.4572373278602777
2020,tom-green,-0.04072397077780666,0.42907030783894273,-0.35585388541018204,0.5948027597343998,-0.34506566947118505,0.590316839112581
2020,tom-murphy,-0.013818570161878797,0.2700898708981133,-0.31277089759072424,0.479878758950146,-0.30099849832473063,0.46877601069311575
2020,trevor-hass,-0.008630225543701448,0.16789618552704139,-0.30824114072603265,0.46629885017317163,-0.29539392577091994,0.44246274491788506
2021,aaron-mcmann,-0.008130156545530415,0.2909211040101621,-0.32919543465716244,0.5221319705313773,-0.31799608977389143,0.5134803314633358
2021,adam-grosbard,-0.007939661563085813,0.20534862664897038,-0.3174432650200026,0.4796425738728598,-0.30474209477997505,0.4623216328771482
2021,adam-zucker,-0.01097256734055965,0.2906285611096656,-0.33011357628024895,0.5189333870668058,-0.3177959605838394,0.5092494342164774
2021,andy-greder,-0.006598534184155451,0.21932957391194843,-0.32129107622652625,0.48470145242015894,-0.30880671537480836,0.4714606931154917
2021,ben-portnoy,-0.017385888527358596,0.40229046091787707,-0.33834375355876206,0.5674079289974902,-0.3267483195804854,0.5628838392298005
2021,bennett-conlin,-0.0083160028687455,0.2608048508954258,-0.32801388264667003,0.5059399637991556,-0.3122178304766989,0.48304681376760944
2021,blair-kerkhoff,-0.009811166114904157,0.20026069448933886,-0.3216288025308685,0.4831792207960454,-0.3090954075869216,0.46520097510745767
2021,brett-mcmurphy,-0.008192485140829464,0.3121433653116462,-0.32822359442244137,0.5185192829500477,-0.3170460152133083,0.5143469521065144
2021,brian-howell,-0.009173659601006821,0.26848042826609236,-0.3272211621765482,0.5184729357260038,-0.3152990208009008,0.5106649699416501
2021,bryce-miller,-0.007413540958442716,0.24646701563592496,-0.32184911271595984,0.49682849274356794,-0.30941180555105335,0.48020499568835107
2021,cecil-hurt,-0.02996553487751128,0.3613550416477877,-0.3435345405439543,0.5804154847014477,-0.3301097285448986,0.5708483780137734
2021,chris-murray,-0.006411977951902571,0.24260931142819125,-0.32364596515601995,0.4949639149971264,-0.31147213902306814,0.4838447426490053
2021,chuck-carlton,-0.008875554829381892,0.2873837145906373,-0.3286118395836676,0.5439819128542108,-0.3180867723244779,0.5408708673721304
2021,colten-bartholomew,-0.014579797938708956,0.29832414748080816,-0.3275632811482821,0.5116509373665715,-0.3151675105425397,0.501986840999709
2021,damien-sordelett,-0.018361580875115673,0.3161561624045347,-0.3238436255263274,0.5378101617349111,-0.31720329930105534,0.560845261992906
2021,darren-haynes,-0.010495629269376633,0.25902026162306857,-0.3247691977464617,0.5010850120271849,-0.3113472843112705,0.48322655733547165
2021,dave-reardon,-0.016278341008506,0.3100771641925787,-0.3323126939251012,0.5159361217610255,-0.31814985391143624,0.5002539815968975
2021,david-briggs,-0.007948421954253371,0.21343272388765863,-0.3248233429993544,0.4949205210081705,-0.31326409439384917,0.48679295343079165
2021,david-jablonski,-0.023118625247990302,0.38607410106322726,-0.3463973322107588,0.5680318424569052,-0.33393618230228034,0.5707400538104274
2021,don-williams,-0.02314754224262822,0.36998419383958225,-0.33596234817139126,0.5445718155526396,-0.3261597476045868,0.5381142714004822
2021,dylan-sinn,-0.021901702848156332,0.40657986601792007,-0.3461028103291039,0.5864519799141223,-0.33570956153297676,0.5873295974705263
2021,eric-hansen,-0.020238051443981362,0.2876947077735203,-0.32913739235713174,0.5116018594428974,-0.31905006000543684,0.5087257390357793
2021,ethan-joyce,-0.012404904443081033,0.28292842800078727,-0.3349082482384998,0.512098866920718,-0.32264211266184367,0.5028934058796857
2021,garland-gillen,-0.008945355330444951,0.2920160023522305,-0.3280200584593129,0.5102159321841806,-0.3161783109858146,0.4999943861012885
2021,gentry-estes,-0.011119147311087678,0.29733426672399405,-0.32626675728243903,0.519026603884206,-0.3157351864960368,0.5170049432850293
2021,glenn-guilbeau,-0.021094794498711572,0.41218660964776505,-0.3512848638720042,0.5950009815350804,-0.32787015125159846,0.56460977447639
2021,jack-ebling,-0.0075921010811364495,0.4075044764387821,-0.33905983026122044,0.5670259184501533,-0.32905484253084105,0.5713346154231785
2021,james-kratch,-0.008796856535911567,0.32248577050937455,-0.3341523208297364,0.5372089101172772,-0.3222561678212648,0.5283140214887193
2021,john-clay,-0.010990581491273757,0.2229424742114596,-0.3229494235237267,0.4877594746532912,-0.3096455078841268,0.46977867932714756
2021,johnny-mcgonigal,-0.006775316042440813,0.26945228654818965,-0.32246267533302,0.5130619364194742,-0.3108190891023619,0.51126783431625
2021,jon-wilner,-0.023275375256919223,0.41670142117909015,-0.3474320087373886,0.5955774310356449,-0.33644425782061177,0.5857570993394013
2021,jonas-pope,-0.007386886788835753,0.26747281149361885,-0.3253264550005996,0.5164800320071773,-0.31248110155602205,0.5070997632459413
2021,jordan-hill,-0.012336978956622413,0.2328225086613082,-0.321226782621154,0.4887858814909801,-0.3096596953384118,0.4759007967202953
2021,josh-furlong,-0.01037380022517827,0.17657329969200056,-0.3198237551055037,0.4756195170744458,-0.3080102250266693,0.46237983709800795
2021,kellis-robinett,-0.01457034249221647,0.31488672942335477,-0.335728925196286,0.5301307854758714,-0.3228033471680436,0.5189239367860231
2021,kirk-bohls,-0.029080048192422273,0.4010511710732316,-0.3478541548887916,0.5636385446865234,-0.3365234349370552,0.55995115405315
2021,lauren-brownlow,-0.015579666729985706,0.25833547720124844,-0.33227529679644985,0.5032810318938712,-0.3190873329921596,0.4907243772291962
2021,leah-vann,-0.006043383375953927,0.3003420796625541,-0.32713182907549954,0.5123930236489027,-0.31916496523473814,0.5158624210629607
2021,madison-blevins,-0.004347614159800352,0.1822479125612169,-0.3168849966277665,0.4779904439104012,-0.30347205240230424,0.4609616456332462
2021,marc-weiszer,-0.007991709905175809,0.18538183476191722,-0.3208058549328231,0.475217623887412,-0.30809512326868527,0.45670672658686207
2021,matt-baker,-0.011403489158454206,0.343741292661388,-0.3318905146855312,0.5680847213854684,-0.32022744444135315,0.5576368590295723
2021,matt-brown,-0.00886556546853726,0.33105578672427405,-0.3289667445898002,0.5466424859025987,-0.31645043897258407,0.5325781888149068
2021,matt-murschel,-0.007498017875358362,0.20536003649833476,-0.31968152265602234,0.4920320665484646,-0.30679329356335,0.4783073345884354
2021,michael-lev,-0.016328918335041968,0.44992782060789355,-0.3475945296677521,0.6355854838187295,-0.33704146801834856,0.6428044019555283
2021,mike-barber,-0.007322135136479259,0.24359376896158882,-0.3215028459284626,0.4971527182372484,-0.31130911052091936,0.49136950530662565
2021,mike-vorel,-0.006441355982712489,0.21577209614287107,-0.3197568041293416,0.48132665487461423,-0.3071700874092536,0.4658270825858625
2021,nate-mink,-0.014277622995893989,0.39300368180611456,-0.3452043114998901,0.561659046904196,-0.33361342700440266,0.5543226341931761
2021,nathan-baird,-0.022462820332215604,0.3335670768920477,-0.3325626720651048,0.5450829237273597,-0.32314033396862546,0.5454912867755104
2021,neill-ostrout,-0.0057469674540298965,0.27096985348684766,-0.32692777326504013,0.5046856420857463,-0.3154146178981554,0.49705074588174564
2021,pete-martini,-0.010670694730834889,0.325421218802993,-0.33159319636137774,0.5411416221290688,-0.3198542553896672,0.5309007428146019
2021,rece-davis,-0.007678399090963029,0.22854344545254093,-0.32417904311340173,0.501068124855142,-0.3121638707312808,0.4936362371164304
2021,robbie-faulk,-0.009125637019275126,0.19371857842569612,-0.31705778630403175,0.47460982596209417,-0.30358922776320457,0.4560784569132792
2021,robert-cessna,-0.008845290872792828,0.2623033015123214,-0.32648586098680227,0.5064687654316433,-0.31313440163958856,0.4893604667630642
2021,ron-counts,-0.006419881756717125,0.33562354068907174,-0.33062190802701286,0.5334731494109409,-0.31740813185623346,0.5169044695082977
2021,ryan-aber,-0.007461264679924636,0.2508991099031457,-0.32416104320222394,0.5043575926692035,-0.3116172884483822,0.4935912232503159
2021,ryan-pritt,-0.015632828811662135,0.33378822445716183,-0.3412156239951059,0.5518855525387699,-0.3299021146489334,0.5519983634616752
2021,ryan-thorburn,-0.011777064367350393,0.2663493256793263,-0.32756952519867577,0.49962845706705483,-0.31428733356848737,0.48871629658378213
2021,sam-mckewon,-0.023866154949723335,0.3515250942983356,-0.3410349728480454,0.5521018917197493,-0.3319646403612201,0.5572594178963994
2021,scott-richey,-0.011330229506288677,0.2371709962533607,-0.32515401439117947,0.4890416019069799,-0.3118048948082492,0.474968624997262
2021,steve-batterson,-0.010627155594904725,0.2685716464347049,-0.3270217370954228,0.5119960872171397,-0.3139679714168705,0.4969548480772552
2021,steve-virgen,-0.004880782415737273,0.21318353481021593,-0.3231245814451945,0.4885535244253829,-0.3107246724529172,0.47502289895125016
2021,tom-dangelo,-0.00668008906690733,0.2815317640117378,-0.32725917519653913,0.5181558599935212,-0.3144228542937181,0.5052162681460433
2021,tom-murphy,-0.013163476806055117,0.2842080912036369,-0.32879112614612044,0.5243194411149668,-0.31832243453885306,0.5220909408812999
2021,trevor-hass,-0.007678587555284949,0.20583476556851238,-0.3191708560655518,0.48580428056988734,-0.30618348613477625,0.4691254704725001
2021,zach-klein,-0.0026363786313364107,0.250890694044779,-0.32286520139112573,0.4988021518792925,-0.3102607155517779,0.4849071723901243
2022,aaron-mcmann,-0.01108216003164335,0.2187479486779089,-0.32535349373276073,0.5087978280225715,-0.31539987194675634,0.5028551253358354
2022,adam-cole,-0.007503618925009423,0.28647365303355654,-0.32506752877200645,0.5232367485338083,-0.31964284542893134,0.5112606677392078
2022,adam-grosbard,-0.01257527551059452,0.2977479441189262,-0.3300655470561184,0.5369018093735627,-0.32246765591978416,0.5501716349797782
2022,adam-zucker,-0.011393603787507043,0.29444131576812627,-0.3304777021619444,0.5304713649572851,-0.3192901250712746,0.5223978355951124
2022,andy-greder,-0.011203461405258418,0.2864117077578399,-0.3262313930934382,0.5216846432017077,-0.3176556222212048,0.5236206177997977
2022,ben-portnoy,-0.014146204634040562,0.42306131035885236,-0.3443886172661977,0.5969615829504279,-0.33662525268492144,0.6134302154782487
2022,bennett-durando,-0.008215341467434613,0.2501444266189123,-0.32463420876546184,0.5242353238861726,-0.30331294188704533,0.5076348153107686
2022,blair-kerkhoff,-0.01034205048888384,0.20176151868638356,-0.31897651640323654,0.50855974926067,-0.30953522427763486,0.5030443278164207
2022,bob-asmussen,-0.012948015771787476,0.3802280723405853,-0.3320926121521819,0.5913265220175449,-0.32607161928403877,0.6167406365238333
2022,brett-mcmurphy,-0.014926420562898448,0.4614751478865642,-0.3474717033094852,0.6099525314090093,-0.33912529349285564,0.6209309032523578
2022,brian-fonseca,-0.011539010774945535,0.2553891513216624,-0.3264647487591644,0.5151307360562182,-0.31580128443604255,0.5103551950429497
2022,brian-howell,-0.007231998235010081,0.20233876245010501,-0.32228069710715657,0.5045426788372555,-0.31132961891334937,0.49541726619655135
2022,bryce-miller,-0.025871756778541012,0.3030121032270716,-0.32689338253632577,0.5256680345395404,-0.30129906582228566,0.49305612700177087
2022,chris-murray,-0.008306342447392727,0.3813102377680953,-0.3333482610245202,0.5677234767696361,-0.32451719081194486,0.5719389400248827
2022,chuck-carlton,-0.0014262649661887395,0.328859672587727,-0.32649070604850805,0.5362689033708424,-0.315749830714886,0.5283768187824867
2022,chuck-landon,-0.007371376161911777,0.20403454124551787,-0.3239055498294366,0.504776858887547,-0.31999247502086453,0.5083698798860203
2022,colten-bartholomew,-0.014220956568240174,0.290746917429111,-0.32823912624737095,0.5344503525976162,-0.3188449220457371,0.5312814965984094
2022,damien-sordelett,-0.013826944568624069,0.25540290701862595,-0.33253751151522504,0.5345368520920699,-0.3228001250429395,0.5344213302024267
2022,darren-haynes,-0.015523549026970384,0.35331782080937546,-0.33037038414450526,0.5706139898401508,-0.31984966174895846,0.5616005200045602
2022,dave-reardon,-0.012516103179599813,0.27785464134102217,-0.33028193112263765,0.5342893119773156,-0.32061073496498815,0.5316613587845249
2022,david-briggs,-0.007866671108295984,0.40739278244657867,-0.3336385267220834,0.5653345144737093,-0.32425851094516767,0.573561161895027
2022,david-jablonski,-0.012102834094249547,0.3539873244979517,-0.33652922521383266,0.5456910163867689,-0.32845628566156126,0.5512569884731608
2022,david-thompson,-0.00639055286543488,0.35451641221981495,-0.3336504715577362,0.5668388717936648,-0.32364318564382294,0.5662396292444968
2022,don-williams,-0.022889409987364284,0.37024066553737683,-0.34000616122544386,0.5639440539028465,-0.32841152467519813,0.5593115383111135
2022,dustin-dopirak,-0.015139336464213176,0.3306283971319354,-0.336875201566788,0.5839770369272177,-0.32616337483661606,0.5734055895132962
2022,garland-gillen,-0.012735322236822269,0.30270424113461375,-0.32974229653853604,0.5550348125557596,-0.32071210516184523,0.5552887569810746
2022,jack-ebling,-0.017636257446405606,0.4052657303299744,-0.34387306553531105,0.5894182099488678,-0.33323788136237664,0.5881373413929567
2022,joe-giglio,-0.012730463754652711,0.3075429409298633,-0.3358891109270211,0.5591426190953201,-0.32566248094078337,0.5557892731674648
2022,john-clay,-0.007704257899198576,0.24418128922385748,-0.3253665887596772,0.519384553667675,-0.3145210139745522,0.5117146627125296
2022,john-pierson,-0.00975817346969672,0.20683907228196988,-0.3240995279911518,0.5088413038094042,-0.31340258787552044,0.4998648210812624
2022,johnny-mcgonigal,-0.01136500319700443,0.33674707411877725,-0.33347302055944733,0.5720756222687823,-0.32328607978702417,0.5746295150521291
2022,jon-wilner,-0.03159852700277515,0.5538587061968374,-0.35664183450552683,0.6752939906276089,-0.3480299690666414,0.6773068371442497
2022,jonas-pope,-0.01808069209024922,0.4925628792839046,-0.36237757062436204,0.6297094868933893,-0.3345147435983349,0.5952075172887061
2022,josh-furlong,-0.009614004884210327,0.29727091633580244,-0.3263989752071153,0.5275794535656748,-0.3173191744394524,0.5265712571040707
2022,kayla-anderson,-0.007119673393519437,0.2011154975484998,-0.32279806085061585,0.5079873502299637,-0.3121708198292206,0.5000957148098134
2022,kellis-robinett,-0.019506912809387426,0.3191542560987457,-0.3415689709668835,0.5612440030587738,-0.33135603911479056,0.5582935009024003
2022,kirk-bohls,-0.017331204661936425,0.3610490968352485,-0.33248299513444407,0.5618334963057672,-0.32152425186917843,0.5655281789785139
2022,kirk-kenney,-0.006774236054747561,0.29511295249470143,-0.32650080994282626,0.5346776281579316,-0.31689791949313206,0.5305306237255031
2022,leah-vann,-0.013113041132737582,0.27384465118581236,-0.33091044170608586,0.5363827115806784,-0.3200708855224506,0.5301357578276795
2022,marc-weiszer,-0.009653978720087886,0.1860063364511442,-0.32106436807834904,0.49989054920773673,-0.3102821649625997,0.493499787985083
2022,matt-baker,-0.003733426319948067,0.3419385373581101,-0.3298732291670305,0.5484361845924881,-0.32034420996207796,0.5513032053152906
2022,matt-brown,-0.010629850255206122,0.31642904683539524,-0.33167257797990707,0.5458279440172094,-0.32048038711632104,0.5375450323663449
2022,matt-murschel,-0.005941807173827802,0.19926007106156013,-0.3171663666133561,0.49990064106782445,-0.306351963667617,0.4904224065208224
2022,michael-lev,-0.012561820610991859,0.33832480745234395,-0.3349280353350717,0.5617476702416917,-0.32584026752805856,0.5648297457268477
2022,mike-barber,-0.012919994065866724,0.27959850081289367,-0.32866714172724865,0.5191118696743554,-0.3202972157064731,0.5191848835432116
2022,mike-berardino,-0.01391393226372571,0.499115815699174,-0.353263339281224,0.641031836090472,-0.34242069466776726,0.631672510337509
2022,mike-vorel,-0.013508001128166186,0.20051389782217763,-0.3222692424540465,0.49521915476061124,-0.31373400830216347,0.4916610163516616
2022,nate-mink,-0.010071260199003668,0.3386122742018798,-0.32783661697164246,0.5470354140518106,-0.31594261286142833,0.5448921238824482
2022,nathan-baird,-0.03508622553975072,0.5457647858938871,-0.3636224885279721,0.6463898145598229,-0.3570254427524126,0.6596083710824114
2022,nick-kelly,-0.008547054402444595,0.25670237085935854,-0.32299553768075706,0.5287729481351463,-0.31294418254633305,0.5239930994932265
2022,pete-martini,-0.010186869255655265,0.18664701055742558,-0.32195581572201715,0.5001067451595863,-0.3105201885770242,0.4900386495138832
2022,rece-davis,-0.009526929303035336,0.34951335155901536,-0.33076986069801023,0.5463422361064533,-0.32147128618383475,0.5472504923976615
2022,rick-wright,-0.0070942202171977355,0.3561792792901398,-0.32966262246553996,0.5207444222027274,-0.3242527500517392,0.5389300760658029
2022,robbie-faulk,-0.004594251644897509,0.2983485034747788,-0.3248365350915007,0.5224159665831573,-0.31348835110045875,0.507416794520219
2022,robert-cessna,-0.007128430094438124,0.18702281768133486,-0.3220420971753026,0.49769660943041744,-0.3109729516911437,0.48852490054871334
2022,ron-counts,-0.012864861926542032,0.3491171958327517,-0.33856088546067864,0.5519459002655059,-0.3274459916705459,0.5407225826689168
2022,ryan-aber,-0.007968194709690896,0.3196879632819757,-0.32851610886484306,0.5437290754827686,-0.32030604091347686,0.5472202256904827
2022,ryan-pritt,-0.0533578941045693,0.5668730299223301,-0.3550337886015337,0.6660843117602812,-0.34572308524536044,0.712078086114086
2022,ryan-thorburn,-0.011353934320849836,0.2420620272545415,-0.328038886463514,0.5168118684557261,-0.3160242151310555,0.5003792153507637
2022,sam-mckewon,-0.013064076466795572,0.43188688704253186,-0.34303231201451645,0.5941230728461289,-0.3345633177196178,0.6038915045686007
2022,stephen-hargis,-0.01188166045929288,0.26323650587545855,-0.3285040057007009,0.5283299108711671,-0.317928600847777,0.5210711160368124
2022,stephen-wagner,-0.0055555123844463015,0.4505952969321309,-0.3365374979587638,0.6079145487645431,-0.3352848239392223,0.6081816497829521
2022,steve-batterson,-0.007155039075673583,0.35987604334199896,-0.33258515685397355,0.5923338618310756,-0.3206914475715356,0.5697404311597473
2022,steve-virgen,-0.015496211332987403,0.34115974107611247,-0.3445610183680386,0.5929781777900194,-0.327954225182206,0.5944438081810548
2022,steve-wiseman,-0.002437203889124741,0.23741449549221869,-0.32295237110374514,0.510744383167211,-0.3137346565391144,0.5068811290338218
2022,tom-dangelo,-0.010544134280172944,0.2370619988877942,-0.3244362013215168,0.5050566849152914,-0.31524441808179277,0.5040864947017948
2022,tom-murphy,-0.00982057130260371,0.24588998828893435,-0.32590455881903063,0.5119798622793698,-0.31617802738031897,0.507692315862421
2022,trevor-hass,-0.006447021099685371,0.18855355441787344,-0.32043163945033987,0.5048498496272847,-0.3102053018521724,0.49429381457805677
2022,zach-klein,-0.010789314933625433,0.22497086829212326,-0.32832980562028213,0.5162752926163632,-0.31790888600733846,0.510373097746751
2022,zach-osterman,-0.006676892148653856,0.17597940340491833,-0.31484507078285756,0.4485868240797696,-0.3061794633781622,0.4410538453282099
2023,adam-cole,-0.00841093953229709,0.256849950689036,-0.33284894575997376,0.5371994383821058,-0.3176715795672642,0.4933546265499326
2023,adam-zucker,-0.004427716156314727,0.2663929364076438,-0.3312809751458555,0.5418903072522477,-0.31616744064555596,0.5004545509769198
2023,amie-just,-0.0038034985989429736,0.25126403825530297,-0.32898307011384775,0.5637664805632004,-0.3138293637280893,0.5162745966806105
2023,audrey-dahlgren,-0.02125633837304318,0.32182864705035535,-0.3349191188845525,0.5571581060911615,-0.3234049340223879,0.5489446026730438
2023,blair-kerkhoff,-0.004458794327354193,0.13105625462712872,-0.3184526693860711,0.48901796785851187,-0.301978881665344,0.4356487380119105
2023,bob-asmussen,-0.0032422256656499115,0.2317136261942692,-0.32753785434249866,0.5266526649350616,-0.31245758551159475,0.4849460307076162
2023,brett-mcmurphy,-0.018712297485414302,0.5991331004652578,-0.37348749203365456,0.7879771205496537,-0.36605487238898793,0.7961042147208887
2023,brian-fonseca,-0.006624897777716966,0.2320716451741111,-0.3268507452252872,0.5165980462244413,-0.30972489346334364,0.4658894023961388
2023,brian-howell,-0.008121547271224362,0.21872733929535407,-0.3278227357396704,0.5141606591774018,-0.31149067923281587,0.4691651836213377
2023,chad-leistikow,-0.009101487173572082,0.2679970026796698,-0.33065364376140255,0.5420005203342259,-0.3176962776032705,0.5174996705245081
2023,chris-murray,0.0066539765413427794,0.41244436465169027,-0.33832071942102504,0.5801127953498022,-0.323964702235318,0.5552095506981195
2023,chuck-landon,-0.008041083630733399,0.1972092758877044,-0.33188760316231797,0.5090600648961069,-0.31372390716003945,0.4537357794594554
2023,colten-bartholomew,-0.007867423682119467,0.29101280059305706,-0.33244952388294885,0.579544368900508,-0.31628156647762284,0.5310785992726876
2023,creg-stephenson,-0.009620541928221288,0.25314314061532034,-0.33556926043241025,0.5533511520950237,-0.3179755777663543,0.5041173074358112
2023,dave-preston,-0.004316028282467524,0.33354457112454045,-0.33978214403429663,0.5804594456813981,-0.3250779792125212,0.5428734256623816
2023,dave-reardon,-0.012432913722762258,0.39470673761791025,-0.35534233889190014,0.6667713527975108,-0.3408462858577575,0.6286970079706113
2023,david-briggs,-0.008030157049698656,0.2536606788825983,-0.33301493550783307,0.549131212441135,-0.31723210904855204,0.5023148688179855
2023,david-jablonski,-0.02505177996894206,0.5223076020034381,-0.37475893990657944,0.7518078442883788,-0.36192002873438006,0.7277524638763508
2023,don-williams,-0.004207062103254343,0.46776648098021023,-0.3525379229869139,0.6138733360642514,-0.3362864803641285,0.572551812802523
2023,emily-adams,-0.00941215935704108,0.24978536568593399,-0.32807009685837485,0.5342868033086527,-0.3135217532494849,0.501270346356981
2023,emily-leiker,-0.008108272929530709,0.277429586674106,-0.3310875211661773,0.5438858422144502,-0.3140722986933551,0.49482317161763045
2023,garland-gillen,-0.007125321464871704,0.29105704928509973,-0.3344366735992475,0.5799780694694394,-0.320365783619739,0.5445410580273478
2023,greg-madia,-0.01241991478269914,0.24771050439171535,-0.3360485152639291,0.5249747962808846,-0.3187425785566177,0.4782457579553708
2023,jack-ebling,-0.0071297907930384236,0.15520488416034775,-0.3177221745685705,0.4892428303154029,-0.3072305290412392,0.4456303093269606
2023,james-williams,-0.006098509078225837,0.23357334899873838,-0.3271334543672833,0.5238189524000822,-0.31104350594905966,0.4794515037575702
2023,jared-macdonald,-0.007363383503321577,0.24659521687713964,-0.32129063985565354,0.4989003864434898,-0.3108560048074492,0.4821156549001929
2023,john-clay,-0.00772437869469974,0.20126913945337502,-0.3243038491333124,0.5066994501942826,-0.30847750712295646,0.4620385011906469
2023,john-pierson,-0.006842558723040617,0.22107999545951967,-0.32463260482702416,0.5181167845260872,-0.3096975931463903,0.47793541226990577
2023,johnny-mcgonigal,-0.005961774598151099,0.25775247874012813,-0.33060428078387966,0.5325751070925909,-0.31779012570884657,0.5058645313555006
2023,jon-wilner,-0.0034294763254950206,0.43594014991745106,-0.3543658692308347,0.601086679909593,-0.3415971456076672,0.5804605397652327
2023,jordan-crammer,-0.0025865480249766732,0.23920524442425564,-0.327713509680957,0.523279849813032,-0.31270143079906787,0.48149717878369785
2023,jordan-guskey,-0.013522405626314227,0.35703178715033973,-0.3428656544412694,0.578999567918443,-0.3291063652801627,0.5529148478332493
2023,josh-furlong,-0.019569609786919923,0.41173697567430445,-0.3401552521253758,0.6482328462020785,-0.3306659933280729,0.6645919416468387
2023,kate-rogerson,-0.0036490288791128393,0.15723593137303932,-0.3200337064940742,0.4949975547362308,-0.3030591064959967,0.4424319274122715
2023,kayla-anderson,-0.004436459626511009,0.16244849758586768,-0.3236675275016038,0.5070955444583412,-0.30575629996236325,0.44735812316023116
2023,kirk-bohls,-0.011773806455910937,0.5567318932778063,-0.35762887087982287,0.7328840129081472,-0.3460904570049603,0.7249752791598933
2023,kirk-kenney,-0.01394195222153834,0.3743841995471611,-0.34889482576631103,0.6277186765442944,-0.3330116795493627,0.5884757184838962
2023,marc-weiszer,-0.005738409966875531,0.21320939028429137,-0.32583668605632093,0.5237253254456569,-0.3112587962297726,0.48002348429280317
2023,matt-baker,-0.004963735369397638,0.605755697329842,-0.367423993840096,0.7751773319245978,-0.35784478782710244,0.7711801443729301
2023,matt-brown,-0.010459132226350613,0.4146514789816513,-0.34156487732659657,0.6145663646368814,-0.33083416952129335,0.61342437350674
2023,matt-murschel,-0.004806112361692689,0.16834256065297212,-0.3215662705270054,0.5065304816214325,-0.3056335995589547,0.4620854344125175
2023,michael-lev,-0.002371729548964768,0.43582836860474095,-0.3395926532307549,0.5886910782254197,-0.3260829421237913,0.5700307623034772
2023,mike-barber,-0.012551488657343375,0.3167948871748578,-0.3366913449792921,0.567385061835081,-0.3235491490500043,0.5384223008061075
2023,mike-berardino,-0.013171827882853563,0.252973216421426,-0.33331891982098294,0.534435686103712,-0.31933875922750266,0.5007881760604784
2023,mike-niziolek,-0.004960886898152639,0.3279229206512465,-0.3342617135731369,0.5381118616295292,-0.3174522089185157,0.49284972106045416
2023,mike-vorel,-0.00639017168038892,0.1808276144961931,-0.325420235507329,0.5067839799245608,-0.30955906936524574,0.4622101224815119
2023,pete-martini,-0.007954751344041751,0.2082455137830796,-0.3355079224997584,0.53007743146102,-0.31450048282715376,0.47084257948527203
2023,randy-johnson,-0.013483931485622744,0.38031713549332763,-0.34419188492400266,0.6050943110495707,-0.3342220037906262,0.6066946134375301
2023,rece-davis,-0.016858221696161923,0.48725763164620195,-0.3544606430855963,0.6931268323420501,-0.3433888748337106,0.6874030252745849
2023,robert-cessna,0.005882181318654113,0.4822150682765352,-0.3527187542487355,0.6919606900929561,-0.33657688141862646,0.6434686734810224
2023,ron-counts,-0.02555115445906059,0.33267609346268917,-0.345300673289658,0.5936372734288821,-0.33288030911226324,0.5726976802225352
2023,ryan-aber,-0.001704820118933723,0.2746188223830087,-0.3288277179833945,0.5341399596179716,-0.3130431868481461,0.4961101164264919
2023,ryan-thorburn,-0.012210590722584461,0.2765618204553756,-0.33691169012263567,0.5794003261138669,-0.32095231289293114,0.5321320778768587
2023,scott-rabalais,-0.0096171534059448,0.4579744344116268,-0.3415516235207016,0.6478442163034414,-0.33246672181151526,0.6553719453783832
2023,scott-springer,-0.009964305765679062,0.26170639404071144,-0.3318035719531452,0.5346535125035408,-0.315131633624127,0.488928340231474
2023,sean-reider,-0.007814549706512918,0.2556865891054157,-0.33032023072014527,0.5276563480870008,-0.3155439897321239,0.49235542259615017
2023,stefan-krajisnik,-0.01149277901237152,0.4469497693831592,-0.3441672454254646,0.6468850613070803,-0.331910863443195,0.6430688342666135
2023,stephen-hargis,-0.014475074840610615,0.2911641211934527,-0.3371455862165212,0.5436283627766497,-0.3210112212389767,0.5015553095148734
2023,steve-wiseman,-0.005034698833046525,0.19404939834348844,-0.32283554800964304,0.5115496909544346,-0.3061251990592195,0.46005032707842336
2023,steven-johnson,-0.015076843222758382,0.3689953848255869,-0.343006321879707,0.5837165258069666,-0.3309403431161613,0.5725026847045009
2023,tom-dangelo,-0.008531797762164398,0.25992137582943836,-0.32944884238895156,0.5315320365127896,-0.3143480146898925,0.49506158595246713
2023,tom-murphy,-0.005987688318621146,0.27310707855273103,-0.3313155242328146,0.5500973895963573,-0.31559163448758126,0.506573840940755
2023,tony-garcia,-0.012008131501505872,0.20100552026880095,-0.324997342964526,0.502643892912721,-0.30933633893159296,0.4600914173921714
2023,trevor-hass,-0.004193762815384161,0.15706504527899784,-0.32063624955627273,0.4976756964317214,-0.30376747919553393,0.4437422465346017
2023,zach-klein,-0.003742055281077185,0.1861802235703089,-0.3222285562716024,0.5094255350818658,-0.30689804543502325,0.4658439008828244
2024,aaron-mcmann,-0.006210753191111246,0.24974375462975149,-0.3272843241478705,0.5214609809010505,-0.31903209792309256,0.49714774194959793
2024,adam-cole,-0.017964674112026385,0.2455321750625654,-0.3311831105783179,0.5235117391377757,-0.31875738992208114,0.47481905382189155
2024,adam-zucker,-0.014896616602203686,0.35379775993934276,-0.3454970844124819,0.5571841565345147,-0.3377161969234412,0.5231918198411121
2024,alex-taylor,-0.005968786748466382,0.1327246930906542,-0.31746529611130025,0.4905403999287958,-0.3063118846454373,0.43764776716045023
2024,amie-just,-0.003470141696893615,0.18221034863182511,-0.3237466229040558,0.5018713623167713,-0.311766425806729,0.4524511261176113
2024,andy-yamashita,-0.01740130640045261,0.2054222584751391,-0.3333254999897385,0.5116362960301997,-0.3217175500894406,0.4586795042173221
2024,bill-oram,-0.005232461655991068,0.1458582353979695,-0.3202185049138321,0.5063979954519938,-0.3066787599446887,0.4429324949240603
2024,blair-kerkhoff,-0.0009783230651880547,0.18917090096781097,-0.32100161577964015,0.5034026052181019,-0.31267868101607854,0.47298720968812263
2024,bob-asmussen,-0.015000021951097474,0.4281248064549957,-0.3481098242408852,0.6901388860418628,-0.3455377784197932,0.7104270239594537
2024,bob-ballou,-0.010996861978899949,0.47634950767338846,-0.35776232562624405,0.6385679388324379,-0.35465578932111275,0.6350013021031982
2024,brenna-greene,-0.003243533329415682,0.1639536984217973,-0.32224679212173946,0.5011406115178795,-0.30973373073144406,0.4485108565654414
2024,brett-mcmurphy,-0.011623803126767753,0.4536169978815585,-0.3547675678016315,0.6652005920936432,-0.3463323768413943,0.6418850225080815
2024,brian-fonseca,-0.013311723574133048,0.3553043159658735,-0.3431769169565228,0.5795075865437449,-0.3374235242724289,0.5718076777295883
2024,brian-howell,-0.014002284740852269,0.27923460194527794,-0.33637869076280635,0.5180493225374786,-0.3301412965984776,0.48733050670135675
2024,chip-towers,-0.029315626821242648,0.3860066545128399,-0.3467207607061726,0.5639381971324714,-0.34505637847980186,0.5589529420716246
2024,chris-murray,-0.009876611971208817,0.441330844307283,-0.3595802647038729,0.6445844759549711,-0.3449870309202992,0.605295535002633
2024,cody-nespor,-0.019877885468445804,0.36021725643047137,-0.352930508066198,0.5720835631836629,-0.34418944048005684,0.5427316906127203
2024,creg-stephenson,-0.014974469146615876,0.26254229768086573,-0.3405072702630677,0.5309768428461394,-0.32891836145467146,0.4922888813809529
2024,damien-sordelett,-0.027423713754643822,0.48722311438350424,-0.36960731519528384,0.7141581819595759,-0.36729054865028976,0.7367532538524227
2024,dave-preston,-0.028451885695623673,0.4444832360454821,-0.36175991606948815,0.5977599473602081,-0.3557112170200694,0.5932044816114816
2024,david-briggs,-0.02351090379027651,0.290359909025671,-0.3303659692154351,0.5315585528234797,-0.32212348836246285,0.5113981764654104
2024,david-jablonski,-0.04148950579938602,0.40973301262434436,-0.3665409797735958,0.6532071635668196,-0.3565843470281939,0.6213698848758014
2024,david-paschall,-0.0085574139419548,0.19134102810800377,-0.3298438566611376,0.5123045555976763,-0.3167033561115684,0.4555595196253254
2024,dylan-sinn,-0.032337167001049084,0.5125855079165037,-0.36248785452366783,0.6805867118371808,-0.36136416413487354,0.6905171019601088
2024,emily-leiker,-0.013158785013314555,0.19134257853554154,-0.3264043625997636,0.5021157062039003,-0.3158017381580854,0.45879946097746754
2024,eric-hansen,-0.023927927284871704,0.4001703972778136,-0.3485747129330796,0.5684439866410627,-0.3382922947937284,0.5329576047064138
2024,garland-gillen,-0.006760645783674448,0.2711467945466233,-0.33133724658629066,0.5270436393723925,-0.320777912654025,0.4862464616520374
2024,greg-madia,-0.022519158511281275,0.3465690727178626,-0.3396947598463408,0.5488508500419409,-0.32957361660177903,0.5105915731822674
2024,henry-greenstein,-0.012486383058618895,0.3043944336985926,-0.3343970291558406,0.5582502866114646,-0.3286761416497384,0.5441943443201441
2024,ian-kress,-0.005846699739888596,0.17933186862143255,-0.324845489838964,0.503742606397644,-0.3139539503354298,0.45392838919979694
2024,james-williams,-0.0075648772788360985,0.18700809784249184,-0.32619291816836776,0.5188115150178837,-0.315300085892429,0.4670332193671399
2024,joe-arruda,-0.010731561949365153,0.2555421866160149,-0.33097825698478966,0.5309360819350096,-0.31915578636942715,0.48674426957835626
2024,john-clay,-0.006958817041530728,0.2830321716485937,-0.33412155541142163,0.5457262308739967,-0.3249473461385345,0.5151737794633113
2024,john-steppe,-0.012244012546284723,0.20698955449768183,-0.3275073824910564,0.507092652725316,-0.3167835897018326,0.4579310599425334
2024,johnny-mcgonigal,-0.00964123615843632,0.15208074720805856,-0.3236433982583439,0.4954173461723104,-0.31219709895459186,0.44268895873488023
2024,jon-wilner,-0.05483799251704756,0.5864478201245243,-0.3766856375797653,0.6899314632742756,-0.37190955765593275,0.6732687666476596
2024,jordan-crammer,-0.012789226703061669,0.2493043984788435,-0.3280753117157528,0.5364062416680839,-0.3205780313213466,0.5166010972936084
2024,jordan-mcpherson,-0.009842044427073019,0.24962996545121255,-0.3315648690635908,0.5189718634871582,-0.322381282827621,0.4918014162311929
2024,josh-furlong,-0.006611326719546308,0.27019916689399576,-0.33439544309235264,0.523202018890537,-0.3238879432892749,0.47750560296288586
2024,karley-marotta,-0.008370643014274726,0.2041249874952884,-0.32370497570914614,0.5042853793006788,-0.31447084874563663,0.4772157653048254
2024,kate-rogerson,-0.006747397118219568,0.26627301222906147,-0.3297448793801652,0.5493688139890327,-0.32186327835695694,0.5337167279044064
2024,kayla-anderson,-0.004467749438757646,0.14673784118095484,-0.32249039386922224,0.4959149335901542,-0.3099159631246589,0.4396172854565637
2024,kirk-bohls,-0.026640419685691804,0.3777822492990313,-0.36135763803554083,0.630084271794137,-0.34885725806734363,0.585555528475213
2024,kirk-kenney,-0.029985980774135303,0.5138968020201966,-0.3650938800156165,0.7210289668709275,-0.3658323450977999,0.7437081232218482
2024,koki-riley,-0.0245351954810926,0.64264332240408,-0.3917410770939026,0.8037151899530777,-0.39223497838829535,0.8283911217622891
2024,louis-fernandez-jr,-0.014772935759892282,0.09998257800701552,-0.3206530481983832,0.5021580831060303,-0.29512050224494696,0.4348026310557655
2024,mason-young,-0.0071692471979643855,0.37033240177498794,-0.33796298019538057,0.5636725802713749,-0.33428186083937034,0.5557989407933138
2024,matt-baker,-0.007092972747673266,0.30341893739719367,-0.33395969519215646,0.5596480021964826,-0.3257969832008433,0.5457980247858304
2024,matt-brown,-0.012407826427621813,0.4031189080709326,-0.34789099850289573,0.5878608573947688,-0.3392424795365736,0.5580185339283293
2024,matt-murschel,-0.005979410871355949,0.2349441977156365,-0.3264630165970095,0.5164626542427073,-0.31882019177154497,0.49302840576349966
2024,michael-katz,-0.0031401710638862337,0.19090501470313043,-0.32297182540384733,0.5062837818577248,-0.3137270296071213,0.47555234125360163
2024,michael-lev,-0.02777766552252383,0.379399632511423,-0.3490614348246563,0.6183312056529868,-0.34107777802653805,0.6087473621444105
2024,mike-hill,-0.005937672032204339,0.266241408474329,-0.3392656862707011,0.5475622889029887,-0.3315850945188661,0.5323778469985941
2024,pete-yanity,-0.005487068774390351,0.3781893715768378,-0.34113985957856985,0.5728675412127879,-0.33493724783667417,0.5678687828210413
2024,randy-johnson,-0.05977460578726696,0.7542925680498527,-0.39703492831630305,0.9015872442712224,-0.38459422036311297,0.8707753219216022
2024,rece-davis,-0.02513082699116889,0.3336136111240336,-0.34829230539407974,0.5561536634137906,-0.338682507497313,0.5135558823661132
2024,robert-cessna,-5.6790262578386155e-05,0.3984697652272427,-0.33663527724823467,0.5748547554222859,-0.3346979780409331,0.5740205415408896
2024,ron-counts,-0.028205178955293383,0.3404373573722977,-0.3472571918737258,0.6088122728480978,-0.34158574016731236,0.6027293309591093
2024,sean-reider,-0.01599698730464286,0.1791064343668842,-0.3320823479406036,0.49689936800466245,-0.32020666045786783,0.4462046231092558
2024,shaun-goodwin,-0.00436719654024279,0.23166045727149218,-0.33412698186626566,0.5542610395163821,-0.3217660908104175,0.4996626160456856
2024,stephen-means,-0.009329861657965566,0.36062200030100056,-0.34998070534438025,0.5941603820883596,-0.3373864033827391,0.5422114790599504
2024,steve-wiseman,-0.00893176446726722,0.3032383072382998,-0.3339891247196253,0.552756545324928,-0.33006599882595977,0.541012723903668
2024,steven-johnson,-0.01038005140579646,0.2612696893077048,-0.3352672228357331,0.5284240978386694,-0.32255314387381967,0.4787898921633128
2024,tom-murphy,-0.012900361734853592,0.19256849414204882,-0.3283034682134861,0.507644518711816,-0.31785963248621624,0.4622392538794779
2024,trevor-hass,-0.003147317175727459,0.21121555523458027,-0.3224134447924344,0.5080009710707276,-0.3153522527249729,0.4850324031066506
2024,zach-klein,-0.004686684672620866,0.2373124342820732,-0.32624749413522103,0.5322347601017872,-0.3184225832871814,0.5070230191638374
